round	variant	family	bits	batch	cpu_ps	allocated_bytes	checksum	qualification
0	signed	dense	32	16	552834000	743224	-15270803344	PASS
0	dyadic	dense	32	16	5535838000	7798240	-15270803344	PASS
0	signed	dense	64	16	1226028000	2567048	-65587600938491940400	PASS
0	dyadic	dense	64	16	14030772000	30412080	-65587600938491940400	PASS
0	signed	dense	128	16	4214019000	10224232	-1209877688920953227531410380546769478544	PASS
0	dyadic	dense	128	16	55026619000	126718272	-1209877688920953227531410380546769478544	PASS
0	signed	dense	256	16	10092381000	39025304	-411700043670856851053206056611283133596588178714988599802261481571127281290800	PASS
0	dyadic	dense	256	16	247898619000	548448288	-411700043670856851053206056611283133596588178714988599802261481571127281290800	PASS
0	signed	sparse	32	16	68694000	173560	116869	PASS
0	dyadic	sparse	32	16	4754033000	6846152	116869	PASS
0	signed	sparse	64	16	225601000	608440	7659265136	PASS
0	dyadic	sparse	64	16	11902389000	26861688	7659265136	PASS
0	signed	sparse	128	16	1226386000	2212104	32896293278148489669	PASS
0	dyadic	sparse	128	16	46362521000	112083248	32896293278148489669	PASS
0	signed	sparse	256	16	3586991000	8206568	606829503075697010310390806547429530736	PASS
0	dyadic	sparse	256	16	130436355000	482447632	606829503075697010310390806547429530736	PASS
0	signed	terminating	32	16	61464000	180568	1480589312	PASS
0	dyadic	terminating	32	16	3493819000	4798176	1480589312	PASS
0	signed	terminating	64	16	108801000	389464	6359082673847140352	PASS
0	dyadic	terminating	64	16	6224371000	17581792	6359082673847140352	PASS
0	signed	terminating	128	16	275537000	845552	117304370628018825783760973069740408832	PASS
0	dyadic	terminating	128	16	17314019000	67566712	117304370628018825783760973069740408832	PASS
0	signed	terminating	256	16	682773000	1786208	39916608887473258773945857136784015109574516198213983501883327299602865979392	PASS
0	dyadic	terminating	256	16	62001997000	265082600	39916608887473258773945857136784015109574516198213983501883327299602865979392	PASS
1	dyadic	dense	32	16	5421759000	7798240	-15270803344	PASS
1	signed	dense	32	16	488979000	743224	-15270803344	PASS
1	dyadic	dense	64	16	14732862000	30412080	-65587600938491940400	PASS
1	signed	dense	64	16	1802740000	2567048	-65587600938491940400	PASS
1	dyadic	dense	128	16	56878144000	126718272	-1209877688920953227531410380546769478544	PASS
1	signed	dense	128	16	4267354000	10224232	-1209877688920953227531410380546769478544	PASS
1	dyadic	dense	256	16	252792413000	548448288	-411700043670856851053206056611283133596588178714988599802261481571127281290800	PASS
1	signed	dense	256	16	10269014000	39025304	-411700043670856851053206056611283133596588178714988599802261481571127281290800	PASS
1	dyadic	sparse	32	16	4702468000	6846152	116869	PASS
1	signed	sparse	32	16	71874000	173560	116869	PASS
1	dyadic	sparse	64	16	12373200000	26861688	7659265136	PASS
1	signed	sparse	64	16	232060000	608440	7659265136	PASS
1	dyadic	sparse	128	16	46350651000	112083248	32896293278148489669	PASS
1	signed	sparse	128	16	1214999000	2212104	32896293278148489669	PASS
1	dyadic	sparse	256	16	204853771000	482447632	606829503075697010310390806547429530736	PASS
1	signed	sparse	256	16	3442214000	8206568	606829503075697010310390806547429530736	PASS
1	dyadic	terminating	32	16	3414466000	4798176	1480589312	PASS
1	signed	terminating	32	16	59465000	180568	1480589312	PASS
1	dyadic	terminating	64	16	6281686000	17581792	6359082673847140352	PASS
1	signed	terminating	64	16	110361000	389464	6359082673847140352	PASS
1	dyadic	terminating	128	16	17326366000	67566712	117304370628018825783760973069740408832	PASS
1	signed	terminating	128	16	289566000	845552	117304370628018825783760973069740408832	PASS
1	dyadic	terminating	256	16	59659966000	265082600	39916608887473258773945857136784015109574516198213983501883327299602865979392	PASS
1	signed	terminating	256	16	536265000	1786208	39916608887473258773945857136784015109574516198213983501883327299602865979392	PASS
2	signed	dense	32	16	478990000	743224	-15270803344	PASS
2	dyadic	dense	32	16	5512651000	7798240	-15270803344	PASS
2	signed	dense	64	16	1751074000	2567048	-65587600938491940400	PASS
2	dyadic	dense	64	16	14653459000	30412080	-65587600938491940400	PASS
2	signed	dense	128	16	4495397000	10224232	-1209877688920953227531410380546769478544	PASS
2	dyadic	dense	128	16	56314423000	126718272	-1209877688920953227531410380546769478544	PASS
2	signed	dense	256	16	10123658000	39025304	-411700043670856851053206056611283133596588178714988599802261481571127281290800	PASS
2	dyadic	dense	256	16	248044274000	548448288	-411700043670856851053206056611283133596588178714988599802261481571127281290800	PASS
2	signed	sparse	32	16	71904000	173560	116869	PASS
2	dyadic	sparse	32	16	4880974000	6846152	116869	PASS
2	signed	sparse	64	16	229522000	608440	7659265136	PASS
2	dyadic	sparse	64	16	12427667000	26861688	7659265136	PASS
2	signed	sparse	128	16	1207650000	2212104	32896293278148489669	PASS
2	dyadic	sparse	128	16	45885490000	112083248	32896293278148489669	PASS
2	signed	sparse	256	16	3379840000	8206568	606829503075697010310390806547429530736	PASS
2	dyadic	sparse	256	16	199699891000	482447632	606829503075697010310390806547429530736	PASS
2	signed	terminating	32	16	61215000	180568	1480589312	PASS
2	dyadic	terminating	32	16	3548174000	4798176	1480589312	PASS
2	signed	terminating	64	16	110041000	389464	6359082673847140352	PASS
2	dyadic	terminating	64	16	6332134000	17581792	6359082673847140352	PASS
2	signed	terminating	128	16	289896000	845552	117304370628018825783760973069740408832	PASS
2	dyadic	terminating	128	16	17117278000	67566712	117304370628018825783760973069740408832	PASS
2	signed	terminating	256	16	689723000	1786208	39916608887473258773945857136784015109574516198213983501883327299602865979392	PASS
2	dyadic	terminating	256	16	60393881000	265082600	39916608887473258773945857136784015109574516198213983501883327299602865979392	PASS
3	dyadic	dense	32	16	5173009000	7798240	-15270803344	PASS
3	signed	dense	32	16	472211000	743224	-15270803344	PASS
3	dyadic	dense	64	16	8940145000	30412080	-65587600938491940400	PASS
3	signed	dense	64	16	1226999000	2567048	-65587600938491940400	PASS
3	dyadic	dense	128	16	34884735000	126718272	-1209877688920953227531410380546769478544	PASS
3	signed	dense	128	16	4422521000	10224232	-1209877688920953227531410380546769478544	PASS
3	dyadic	dense	256	16	247340323000	548448288	-411700043670856851053206056611283133596588178714988599802261481571127281290800	PASS
3	signed	dense	256	16	10282793000	39025304	-411700043670856851053206056611283133596588178714988599802261481571127281290800	PASS
3	dyadic	sparse	32	16	4734206000	6846152	116869	PASS
3	signed	sparse	32	16	71854000	173560	116869	PASS
3	dyadic	sparse	64	16	12421825000	26861688	7659265136	PASS
3	signed	sparse	64	16	230072000	608440	7659265136	PASS
3	dyadic	sparse	128	16	46329587000	112083248	32896293278148489669	PASS
3	signed	sparse	128	16	1200880000	2212104	32896293278148489669	PASS
3	dyadic	sparse	256	16	200631829000	482447632	606829503075697010310390806547429530736	PASS
3	signed	sparse	256	16	3388109000	8206568	606829503075697010310390806547429530736	PASS
3	dyadic	terminating	32	16	3292077000	4798176	1480589312	PASS
3	signed	terminating	32	16	58135000	180568	1480589312	PASS
3	dyadic	terminating	64	16	6392418000	17581792	6359082673847140352	PASS
3	signed	terminating	64	16	113271000	389464	6359082673847140352	PASS
3	dyadic	terminating	128	16	17474957000	67566712	117304370628018825783760973069740408832	PASS
3	signed	terminating	128	16	281887000	845552	117304370628018825783760973069740408832	PASS
3	dyadic	terminating	256	16	61714678000	265082600	39916608887473258773945857136784015109574516198213983501883327299602865979392	PASS
3	signed	terminating	256	16	675464000	1786208	39916608887473258773945857136784015109574516198213983501883327299602865979392	PASS
4	signed	dense	32	16	476550000	743224	-15270803344	PASS
4	dyadic	dense	32	16	3489131000	7798240	-15270803344	PASS
4	signed	dense	64	16	1408624000	2567048	-65587600938491940400	PASS
4	dyadic	dense	64	16	10604896000	30412080	-65587600938491940400	PASS
4	signed	dense	128	16	3114010000	10224232	-1209877688920953227531410380546769478544	PASS
4	dyadic	dense	128	16	39993781000	126718272	-1209877688920953227531410380546769478544	PASS
4	signed	dense	256	16	9990737000	39025304	-411700043670856851053206056611283133596588178714988599802261481571127281290800	PASS
4	dyadic	dense	256	16	247917728000	548448288	-411700043670856851053206056611283133596588178714988599802261481571127281290800	PASS
4	signed	sparse	32	16	70564000	173560	116869	PASS
4	dyadic	sparse	32	16	4852977000	6846152	116869	PASS
4	signed	sparse	64	16	235761000	608440	7659265136	PASS
4	dyadic	sparse	64	16	7584168000	26861688	7659265136	PASS
4	signed	sparse	128	16	832502000	2212104	32896293278148489669	PASS
4	dyadic	sparse	128	16	28882436000	112083248	32896293278148489669	PASS
4	signed	sparse	256	16	3078984000	8206568	606829503075697010310390806547429530736	PASS
4	dyadic	sparse	256	16	138646356000	482447632	606829503075697010310390806547429530736	PASS
4	signed	terminating	32	16	50705000	180568	1480589312	PASS
4	dyadic	terminating	32	16	2429158000	4798176	1480589312	PASS
4	signed	terminating	64	16	111490000	389464	6359082673847140352	PASS
4	dyadic	terminating	64	16	6272707000	17581792	6359082673847140352	PASS
4	signed	terminating	128	16	290156000	845552	117304370628018825783760973069740408832	PASS
4	dyadic	terminating	128	16	17396721000	67566712	117304370628018825783760973069740408832	PASS
4	signed	terminating	256	16	686653000	1786208	39916608887473258773945857136784015109574516198213983501883327299602865979392	PASS
4	dyadic	terminating	256	16	60877213000	265082600	39916608887473258773945857136784015109574516198213983501883327299602865979392	PASS
5	dyadic	dense	32	16	5149320000	7798240	-15270803344	PASS
5	signed	dense	32	16	458361000	743224	-15270803344	PASS
5	dyadic	dense	64	16	14098207000	30412080	-65587600938491940400	PASS
5	signed	dense	64	16	1677301000	2567048	-65587600938491940400	PASS
5	dyadic	dense	128	16	55132742000	126718272	-1209877688920953227531410380546769478544	PASS
5	signed	dense	128	16	4319540000	10224232	-1209877688920953227531410380546769478544	PASS
5	dyadic	dense	256	16	162766819000	548448288	-411700043670856851053206056611283133596588178714988599802261481571127281290800	PASS
5	signed	dense	256	16	6843310000	39025304	-411700043670856851053206056611283133596588178714988599802261481571127281290800	PASS
5	dyadic	sparse	32	16	2999450000	6846152	116869	PASS
5	signed	sparse	32	16	49106000	173560	116869	PASS
5	dyadic	sparse	64	16	11023715000	26861688	7659265136	PASS
5	signed	sparse	64	16	212552000	608440	7659265136	PASS
5	dyadic	sparse	128	16	42271623000	112083248	32896293278148489669	PASS
5	signed	sparse	128	16	1104157000	2212104	32896293278148489669	PASS
5	dyadic	sparse	256	16	181614222000	482447632	606829503075697010310390806547429530736	PASS
5	signed	sparse	256	16	2610743000	8206568	606829503075697010310390806547429530736	PASS
5	dyadic	terminating	32	16	3137020000	4798176	1480589312	PASS
5	signed	terminating	32	16	42707000	180568	1480589312	PASS
5	dyadic	terminating	64	16	6863849000	17581792	6359082673847140352	PASS
5	signed	terminating	64	16	113750000	389464	6359082673847140352	PASS
5	dyadic	terminating	128	16	17305970000	67566712	117304370628018825783760973069740408832	PASS
5	signed	terminating	128	16	279506000	845552	117304370628018825783760973069740408832	PASS
5	dyadic	terminating	256	16	61666179000	265082600	39916608887473258773945857136784015109574516198213983501883327299602865979392	PASS
5	signed	terminating	256	16	676004000	1786208	39916608887473258773945857136784015109574516198213983501883327299602865979392	PASS
6	signed	dense	32	16	478009000	743224	-15270803344	PASS
6	dyadic	dense	32	16	5273573000	7798240	-15270803344	PASS
6	signed	dense	64	16	1745394000	2567048	-65587600938491940400	PASS
6	dyadic	dense	64	16	14269774000	30412080	-65587600938491940400	PASS
6	signed	dense	128	16	4305871000	10224232	-1209877688920953227531410380546769478544	PASS
6	dyadic	dense	128	16	56371776000	126718272	-1209877688920953227531410380546769478544	PASS
6	signed	dense	256	16	10266755000	39025304	-411700043670856851053206056611283133596588178714988599802261481571127281290800	PASS
6	dyadic	dense	256	16	206312460000	548448288	-411700043670856851053206056611283133596588178714988599802261481571127281290800	PASS
6	signed	sparse	32	16	69744000	173560	116869	PASS
6	dyadic	sparse	32	16	4809468000	6846152	116869	PASS
6	signed	sparse	64	16	236860000	608440	7659265136	PASS
6	dyadic	sparse	64	16	12256640000	26861688	7659265136	PASS
6	signed	sparse	128	16	1199639000	2212104	32896293278148489669	PASS
6	dyadic	sparse	128	16	45650053000	112083248	32896293278148489669	PASS
6	signed	sparse	256	16	3448384000	8206568	606829503075697010310390806547429530736	PASS
6	dyadic	sparse	256	16	201500169000	482447632	606829503075697010310390806547429530736	PASS
6	signed	terminating	32	16	61355000	180568	1480589312	PASS
6	dyadic	terminating	32	16	3398337000	4798176	1480589312	PASS
6	signed	terminating	64	16	105971000	389464	6359082673847140352	PASS
6	dyadic	terminating	64	16	6103962000	17581792	6359082673847140352	PASS
6	signed	terminating	128	16	280237000	845552	117304370628018825783760973069740408832	PASS
6	dyadic	terminating	128	16	17032204000	67566712	117304370628018825783760973069740408832	PASS
6	signed	terminating	256	16	677803000	1786208	39916608887473258773945857136784015109574516198213983501883327299602865979392	PASS
6	dyadic	terminating	256	16	61275179000	265082600	39916608887473258773945857136784015109574516198213983501883327299602865979392	PASS
7	dyadic	dense	32	16	5216747000	7798240	-15270803344	PASS
7	signed	dense	32	16	470601000	743224	-15270803344	PASS
7	dyadic	dense	64	16	14268644000	30412080	-65587600938491940400	PASS
7	signed	dense	64	16	1676360000	2567048	-65587600938491940400	PASS
7	dyadic	dense	128	16	55563364000	126718272	-1209877688920953227531410380546769478544	PASS
7	signed	dense	128	16	4289803000	10224232	-1209877688920953227531410380546769478544	PASS
7	dyadic	dense	256	16	195720614000	548448288	-411700043670856851053206056611283133596588178714988599802261481571127281290800	PASS
7	signed	dense	256	16	6796153000	39025304	-411700043670856851053206056611283133596588178714988599802261481571127281290800	PASS
7	dyadic	sparse	32	16	2992891000	6846152	116869	PASS
7	signed	sparse	32	16	53115000	173560	116869	PASS
7	dyadic	sparse	64	16	7600348000	26861688	7659265136	PASS
7	signed	sparse	64	16	179245000	608440	7659265136	PASS
7	dyadic	sparse	128	16	28570803000	112083248	32896293278148489669	PASS
7	signed	sparse	128	16	1017935000	2212104	32896293278148489669	PASS
7	dyadic	sparse	256	16	125043105000	482447632	606829503075697010310390806547429530736	PASS
7	signed	sparse	256	16	3498719000	8206568	606829503075697010310390806547429530736	PASS
7	dyadic	terminating	32	16	3358910000	4798176	1480589312	PASS
7	signed	terminating	32	16	63514000	180568	1480589312	PASS
7	dyadic	terminating	64	16	6172447000	17581792	6359082673847140352	PASS
7	signed	terminating	64	16	107571000	389464	6359082673847140352	PASS
7	dyadic	terminating	128	16	17228026000	67566712	117304370628018825783760973069740408832	PASS
7	signed	terminating	128	16	272907000	845552	117304370628018825783760973069740408832	PASS
7	dyadic	terminating	256	16	60768312000	265082600	39916608887473258773945857136784015109574516198213983501883327299602865979392	PASS
7	signed	terminating	256	16	659584000	1786208	39916608887473258773945857136784015109574516198213983501883327299602865979392	PASS
8	signed	dense	32	16	481141000	743224	-15270803344	PASS
8	dyadic	dense	32	16	5424020000	7798240	-15270803344	PASS
8	signed	dense	64	16	1728797000	2567048	-65587600938491940400	PASS
8	dyadic	dense	64	16	14077868000	30412080	-65587600938491940400	PASS
8	signed	dense	128	16	4158804000	10224232	-1209877688920953227531410380546769478544	PASS
8	dyadic	dense	128	16	55917213000	126718272	-1209877688920953227531410380546769478544	PASS
8	signed	dense	256	16	10115208000	39025304	-411700043670856851053206056611283133596588178714988599802261481571127281290800	PASS
8	dyadic	dense	256	16	247136678000	548448288	-411700043670856851053206056611283133596588178714988599802261481571127281290800	PASS
8	signed	sparse	32	16	71084000	173560	116869	PASS
8	dyadic	sparse	32	16	4688590000	6846152	116869	PASS
8	signed	sparse	64	16	228401000	608440	7659265136	PASS
8	dyadic	sparse	64	16	11991951000	26861688	7659265136	PASS
8	signed	sparse	128	16	1195129000	2212104	32896293278148489669	PASS
8	dyadic	sparse	128	16	30880640000	112083248	32896293278148489669	PASS
8	signed	sparse	256	16	2319866000	8206568	606829503075697010310390806547429530736	PASS
8	dyadic	sparse	256	16	123612771000	482447632	606829503075697010310390806547429530736	PASS
8	signed	terminating	32	16	39897000	180568	1480589312	PASS
8	dyadic	terminating	32	16	3480900000	4798176	1480589312	PASS
8	signed	terminating	64	16	109331000	389464	6359082673847140352	PASS
8	dyadic	terminating	64	16	6334544000	17581792	6359082673847140352	PASS
8	signed	terminating	128	16	276906000	845552	117304370628018825783760973069740408832	PASS
8	dyadic	terminating	128	16	17239718000	67566712	117304370628018825783760973069740408832	PASS
8	signed	terminating	256	16	675214000	1786208	39916608887473258773945857136784015109574516198213983501883327299602865979392	PASS
8	dyadic	terminating	256	16	61064700000	265082600	39916608887473258773945857136784015109574516198213983501883327299602865979392	PASS
