exp	-8	1	8	0	1	1	1
exp	-8	1	24	0	1	1	1
exp	-8	1	64	0	1	1	1
exp	-4	1	8	0	1	1	1
exp	-4	1	24	0	1	1	1
exp	-4	1	64	0	1	1	1
exp	-1	1	8	0	1	1	1
exp	-1	1	24	0	1	1	1
exp	-1	1	64	0	1	1	1
exp	-1	2	8	0	1	1	1
exp	-1	2	24	0	1	1	1
exp	-1	2	64	0	1	1	1
exp	0	1	8	0	1	1	1
exp	0	1	24	0	1	1	1
exp	0	1	64	0	1	1	1
exp	1	2	8	0	1	1	1
exp	1	2	24	0	1	1	1
exp	1	2	64	0	1	1	1
exp	1	1	8	0	1	1	1
exp	1	1	24	0	1	1	1
exp	1	1	64	0	1	1	1
exp	4	1	8	0	1	1	1
exp	4	1	24	0	1	1	1
exp	4	1	64	0	1	1	1
exp	8	1	8	0	1	1	1
exp	8	1	24	0	1	1	1
exp	8	1	64	0	1	1	1
sin	-4	1	8	0	1	1	1
sin	-4	1	24	0	1	1	1
sin	-4	1	64	0	1	1	1
sin	-1	1	8	0	1	1	1
sin	-1	1	24	0	1	1	1
sin	-1	1	64	0	1	1	1
sin	-1	2	8	0	1	1	1
sin	-1	2	24	0	1	1	1
sin	-1	2	64	0	1	1	1
sin	0	1	8	0	1	1	1
sin	0	1	24	0	1	1	1
sin	0	1	64	0	1	1	1
sin	1	2	8	0	1	1	1
sin	1	2	24	0	1	1	1
sin	1	2	64	0	1	1	1
sin	1	1	8	0	1	1	1
sin	1	1	24	0	1	1	1
sin	1	1	64	0	1	1	1
sin	4	1	8	0	1	1	1
sin	4	1	24	0	1	1	1
sin	4	1	64	0	1	1	1
cos	-4	1	8	0	1	1	1
cos	-4	1	24	0	1	1	1
cos	-4	1	64	0	1	1	1
cos	-1	1	8	0	1	1	1
cos	-1	1	24	0	1	1	1
cos	-1	1	64	0	1	1	1
cos	-1	2	8	0	1	1	1
cos	-1	2	24	0	1	1	1
cos	-1	2	64	0	1	1	1
cos	0	1	8	0	1	1	1
cos	0	1	24	0	1	1	1
cos	0	1	64	0	1	1	1
cos	1	2	8	0	1	1	1
cos	1	2	24	0	1	1	1
cos	1	2	64	0	1	1	1
cos	1	1	8	0	1	1	1
cos	1	1	24	0	1	1	1
cos	1	1	64	0	1	1	1
cos	4	1	8	0	1	1	1
cos	4	1	24	0	1	1	1
cos	4	1	64	0	1	1	1
ln	1	16	8	0	1	1	1
ln	1	16	24	0	1	1	1
ln	1	16	64	0	1	1	1
ln	1	4	8	0	1	1	1
ln	1	4	24	0	1	1	1
ln	1	4	64	0	1	1	1
ln	1	2	8	0	1	1	1
ln	1	2	24	0	1	1	1
ln	1	2	64	0	1	1	1
ln	1	1	8	0	1	1	1
ln	1	1	24	0	1	1	1
ln	1	1	64	0	1	1	1
ln	3	2	8	0	1	1	1
ln	3	2	24	0	1	1	1
ln	3	2	64	0	1	1	1
ln	2	1	8	0	1	1	1
ln	2	1	24	0	1	1	1
ln	2	1	64	0	1	1	1
ln	8	1	8	0	1	1	1
ln	8	1	24	0	1	1	1
ln	8	1	64	0	1	1	1
sqrt	0	1	8	0	1	1	1
sqrt	0	1	24	0	1	1	1
sqrt	0	1	64	0	1	1	1
sqrt	1	16	8	0	1	1	1
sqrt	1	16	24	0	1	1	1
sqrt	1	16	64	0	1	1	1
sqrt	1	4	8	0	1	1	1
sqrt	1	4	24	0	1	1	1
sqrt	1	4	64	0	1	1	1
sqrt	1	1	8	0	1	1	1
sqrt	1	1	24	0	1	1	1
sqrt	1	1	64	0	1	1	1
sqrt	2	1	8	0	1	1	1
sqrt	2	1	24	0	1	1	1
sqrt	2	1	64	0	1	1	1
sqrt	4	1	8	0	1	1	1
sqrt	4	1	24	0	1	1	1
sqrt	4	1	64	0	1	1	1
sqrt	8	1	8	0	1	1	1
sqrt	8	1	24	0	1	1	1
sqrt	8	1	64	0	1	1	1
atan	-1	1	8	0	1	1	1
atan	-1	1	24	0	1	1	1
atan	-1	1	64	0	1	1	1
atan	-1	2	8	0	1	1	1
atan	-1	2	24	0	1	1	1
atan	-1	2	64	0	1	1	1
atan	0	1	8	0	1	1	1
atan	0	1	24	0	1	1	1
atan	0	1	64	0	1	1	1
atan	1	2	8	0	1	1	1
atan	1	2	24	0	1	1	1
atan	1	2	64	0	1	1	1
atan	1	1	8	0	1	1	1
atan	1	1	24	0	1	1	1
atan	1	1	64	0	1	1	1
pi	0	1	8	0	1	1	1
pi	0	1	24	0	1	1	1
pi	0	1	64	0	1	1	1
