sb-float	greedy	0	1	0	12	0	1	1	4096	0	12
sb-float	delayed	0	1	0	12	0	1	1	4096	0	12
sb-float	greedy	1	4	0	12	1	4	1	4096	0	12
sb-float	greedy	1	4	1	12	3	4	1	4096	3	15
sb-float	greedy	1	4	2	12	3	4	1	4096	5	17
sb-float	greedy	1	4	3	12	3	4	1	4096	5	17
sb-float	delayed	1	4	0	12	1023	4096	1	4096	0	12
sb-float	delayed	1	4	1	12	3	4	1	4096	2	14
sb-float	delayed	1	4	2	12	3	4	1	4096	5	17
sb-float	delayed	1	4	3	12	3	4	1	4096	5	17
sb-float	greedy	1	2	0	12	1	2	1	4096	0	12
sb-float	greedy	1	2	1	12	1	1	1	4096	4	16
sb-float	greedy	1	2	2	12	0	1	1	4096	5	17
sb-float	delayed	1	2	0	12	2047	4096	1	4096	0	12
sb-float	delayed	1	2	1	12	1	1	1	4096	3	15
sb-float	delayed	1	2	2	12	0	1	1	4096	5	17
sb-float	greedy	3	4	0	12	3	4	1	4096	0	12
sb-float	greedy	3	4	1	12	3	4	1	4096	4	16
sb-float	greedy	3	4	2	12	3	4	1	4096	5	17
sb-float	greedy	3	4	3	12	3	4	1	4096	5	17
sb-float	delayed	3	4	0	12	3071	4096	1	4096	0	12
sb-float	delayed	3	4	1	12	3	4	1	4096	4	16
sb-float	delayed	3	4	2	12	3	4	1	4096	5	17
sb-float	delayed	3	4	3	12	3	4	1	4096	5	17
sb-float	greedy	1	1	0	12	4095	4096	1	4096	0	12
sb-float	greedy	1	1	1	12	0	1	1	4096	4	16
sb-float	delayed	1	1	0	12	4095	4096	1	4096	0	12
sb-float	delayed	1	1	1	12	0	1	1	4096	4	16
sb-float	greedy	1	10	0	12	409	4096	1	4096	0	12
sb-float	greedy	1	10	1	12	737	2048	1	4096	1	13
sb-float	greedy	1	10	2	12	3775	4096	1	4096	4	16
sb-float	greedy	1	10	3	12	37	128	1	4096	5	17
sb-float	decimal-0.1	1	10	0	12	205	2048	1	4096	1	13
sb-float	decimal-0.1	1	10	1	12	737	2048	1	4096	2	14
sb-float	decimal-0.1	1	10	2	12	3775	4096	1	4096	4	16
sb-float	decimal-0.1	1	10	3	12	37	128	1	4096	5	17
sb-float	greedy	5467	10000	0	12	2239	4096	1	4096	0	12
sb-float	greedy	5467	10000	1	12	1015	1024	1	4096	4	16
sb-float	greedy	5467	10000	2	12	71	2048	1	4096	5	17
sb-float	greedy	5467	10000	3	12	547	4096	1	4096	0	12
sb-float	decimal-0.5467	5467	10000	0	12	35	64	1	4096	1	13
sb-float	decimal-0.5467	5467	10000	1	12	1015	1024	1	4096	4	16
sb-float	decimal-0.5467	5467	10000	2	12	71	2048	1	4096	5	17
sb-float	decimal-0.5467	5467	10000	3	12	547	4096	1	4096	0	12
cross-float	greedy	0	1	0	12	0	1	1	4096	0	12
cross-float	delayed	0	1	0	12	0	1	1	4096	0	12
cross-float	greedy	1	4	0	12	1	4	1	4096	0	12
cross-float	greedy	1	4	1	12	3	4	1	4096	3	15
cross-float	greedy	1	4	2	12	3	4	1	4096	5	17
cross-float	greedy	1	4	3	12	3	4	1	4096	5	17
cross-float	delayed	1	4	0	12	1023	4096	1	4096	0	12
cross-float	delayed	1	4	1	12	3	4	1	4096	2	14
cross-float	delayed	1	4	2	12	3	4	1	4096	5	17
cross-float	delayed	1	4	3	12	3	4	1	4096	5	17
cross-float	greedy	1	2	0	12	1	2	1	4096	0	12
cross-float	greedy	1	2	1	12	1	1	1	4096	4	16
cross-float	greedy	1	2	2	12	0	1	1	4096	7	19
cross-float	delayed	1	2	0	12	2047	4096	1	4096	0	12
cross-float	delayed	1	2	1	12	1	1	1	4096	3	15
cross-float	delayed	1	2	2	12	0	1	1	4096	5	17
cross-float	greedy	3	4	0	12	3	4	1	4096	0	12
cross-float	greedy	3	4	1	12	3	4	1	4096	4	16
cross-float	greedy	3	4	2	12	3	4	1	4096	5	17
cross-float	greedy	3	4	3	12	3	4	1	4096	5	17
cross-float	delayed	3	4	0	12	3071	4096	1	4096	0	12
cross-float	delayed	3	4	1	12	3	4	1	4096	4	16
cross-float	delayed	3	4	2	12	3	4	1	4096	5	17
cross-float	delayed	3	4	3	12	3	4	1	4096	5	17
cross-float	greedy	1	1	0	12	4095	4096	1	4096	0	12
cross-float	greedy	1	1	1	12	0	1	1	4096	4	16
cross-float	delayed	1	1	0	12	4095	4096	1	4096	0	12
cross-float	delayed	1	1	1	12	0	1	1	4096	4	16
cross-float	greedy	1	10	0	12	409	4096	1	4096	0	12
cross-float	greedy	1	10	1	12	1475	4096	1	4096	1	13
cross-float	greedy	1	10	2	12	3775	4096	1	4096	4	16
cross-float	greedy	1	10	3	12	37	128	1	4096	5	17
cross-float	decimal-0.1	1	10	0	12	205	2048	1	4096	1	13
cross-float	decimal-0.1	1	10	1	12	1475	4096	1	4096	2	14
cross-float	decimal-0.1	1	10	2	12	3775	4096	1	4096	4	16
cross-float	decimal-0.1	1	10	3	12	37	128	1	4096	5	17
cross-float	greedy	5467	10000	0	12	2239	4096	1	4096	0	12
cross-float	greedy	5467	10000	1	12	1015	1024	1	4096	4	16
cross-float	greedy	5467	10000	2	12	71	2048	1	4096	7	19
cross-float	greedy	5467	10000	3	12	547	4096	1	4096	1	13
cross-float	decimal-0.5467	5467	10000	0	12	35	64	1	4096	1	13
cross-float	decimal-0.5467	5467	10000	1	12	1015	1024	1	4096	4	16
cross-float	decimal-0.5467	5467	10000	2	12	71	2048	1	4096	7	19
cross-float	decimal-0.5467	5467	10000	3	12	547	4096	1	4096	1	13
dy-float	greedy	1	4	0	12	1	4	1	4096	0	12
dy-float	greedy	1	4	1	12	3	4	1	4096	1	13
dy-float	greedy	1	4	2	12	3	4	1	4096	1	13
dy-float	greedy	1	4	3	12	3	4	1	4096	1	13
dy-float	delayed	1	4	0	12	1023	4096	1	4096	-1	11
dy-float	delayed	1	4	1	12	3	4	1	4096	1	13
dy-float	delayed	1	4	2	12	3	4	1	4096	1	13
dy-float	delayed	1	4	3	12	3	4	1	4096	1	13
dy-float	greedy	1	2	0	12	1	2	1	4096	0	12
dy-float	greedy	1	2	1	12	1	1	1	4096	2	14
dy-float	delayed	1	2	0	12	2047	4096	1	4096	0	12
dy-float	delayed	1	2	1	12	1	1	1	4096	2	14
dy-float	greedy	3	4	0	12	3	4	1	4096	0	12
dy-float	greedy	3	4	1	12	3	4	1	4096	1	13
dy-float	greedy	3	4	2	12	3	4	1	4096	1	13
dy-float	greedy	3	4	3	12	3	4	1	4096	1	13
dy-float	delayed	3	4	0	12	3071	4096	1	4096	0	12
dy-float	delayed	3	4	1	12	3	4	1	4096	1	13
dy-float	delayed	3	4	2	12	3	4	1	4096	1	13
dy-float	delayed	3	4	3	12	3	4	1	4096	1	13
dy-float	greedy	1	1	0	12	4095	4096	1	4096	0	12
dy-float	delayed	1	1	0	12	4095	4096	1	4096	0	12
dy-float	greedy	1	10	0	12	409	4096	1	4096	-2	10
dy-float	greedy	1	10	1	12	1475	4096	1	4096	0	12
dy-float	greedy	1	10	2	12	3775	4096	1	4096	1	13
dy-float	greedy	1	10	3	12	37	128	1	4096	0	12
dy-float	decimal-0.1	1	10	0	12	409	4096	1	4096	-1	11
dy-float	decimal-0.1	1	10	1	12	1475	4096	1	4096	0	12
dy-float	decimal-0.1	1	10	2	12	3775	4096	1	4096	1	13
dy-float	decimal-0.1	1	10	3	12	37	128	1	4096	0	12
dy-float	greedy	5467	10000	0	12	2239	4096	1	4096	0	12
dy-float	greedy	5467	10000	1	12	1015	1024	1	4096	2	14
dy-float	greedy	5467	10000	2	12	71	2048	1	4096	-3	9
dy-float	greedy	5467	10000	3	12	547	4096	1	4096	-1	11
dy-float	decimal-0.5467	5467	10000	0	12	2239	4096	1	4096	1	13
dy-float	decimal-0.5467	5467	10000	1	12	1015	1024	1	4096	1	13
dy-float	decimal-0.5467	5467	10000	2	12	71	2048	1	4096	-3	9
dy-float	decimal-0.5467	5467	10000	3	12	547	4096	1	4096	-1	11
sb-unnormalized	greedy	0	1	0	12	0	1	1	4096	0	12
sb-unnormalized	greedy	0	1	1	12	0	1	1	4096	4	16
sb-unnormalized	greedy	0	1	2	12	0	1	1	4096	11	23
sb-unnormalized	greedy	0	1	3	12	0	1	1	4096	25	37
sb-unnormalized	delayed	0	1	0	12	0	1	1	4096	0	12
sb-unnormalized	delayed	0	1	1	12	0	1	1	4096	4	16
sb-unnormalized	delayed	0	1	2	12	0	1	1	4096	11	23
sb-unnormalized	delayed	0	1	3	12	0	1	1	4096	25	37
sb-unnormalized	greedy	1	4	0	12	1	4	1	4096	0	12
sb-unnormalized	greedy	1	4	1	12	3	4	1	4096	4	16
sb-unnormalized	greedy	1	4	2	12	3	4	1	4096	11	23
sb-unnormalized	greedy	1	4	3	12	3	4	1	4096	25	37
sb-unnormalized	delayed	1	4	0	12	1023	4096	1	4096	0	12
sb-unnormalized	delayed	1	4	1	12	3	4	1	4096	4	16
sb-unnormalized	delayed	1	4	2	12	3	4	1	4096	11	23
sb-unnormalized	delayed	1	4	3	12	3	4	1	4096	25	37
sb-unnormalized	greedy	1	2	0	12	1	2	1	4096	0	12
sb-unnormalized	greedy	1	2	1	12	1	1	1	4096	4	16
sb-unnormalized	greedy	1	2	2	12	0	1	1	4096	11	23
sb-unnormalized	greedy	1	2	3	12	0	1	1	4096	25	37
sb-unnormalized	delayed	1	2	0	12	2047	4096	1	4096	0	12
sb-unnormalized	delayed	1	2	1	12	1	1	1	4096	4	16
sb-unnormalized	delayed	1	2	2	12	0	1	1	4096	11	23
sb-unnormalized	delayed	1	2	3	12	0	1	1	4096	25	37
sb-unnormalized	greedy	3	4	0	12	3	4	1	4096	0	12
sb-unnormalized	greedy	3	4	1	12	3	4	1	4096	4	16
sb-unnormalized	greedy	3	4	2	12	3	4	1	4096	11	23
sb-unnormalized	greedy	3	4	3	12	3	4	1	4096	25	37
sb-unnormalized	delayed	3	4	0	12	3071	4096	1	4096	0	12
sb-unnormalized	delayed	3	4	1	12	3	4	1	4096	4	16
sb-unnormalized	delayed	3	4	2	12	3	4	1	4096	11	23
sb-unnormalized	delayed	3	4	3	12	3	4	1	4096	25	37
sb-unnormalized	greedy	1	1	0	12	4095	4096	1	4096	0	12
sb-unnormalized	greedy	1	1	1	12	0	1	1	4096	4	16
sb-unnormalized	greedy	1	1	2	12	0	1	1	4096	11	23
sb-unnormalized	greedy	1	1	3	12	0	1	1	4096	25	37
sb-unnormalized	delayed	1	1	0	12	4095	4096	1	4096	0	12
sb-unnormalized	delayed	1	1	1	12	0	1	1	4096	4	16
sb-unnormalized	delayed	1	1	2	12	0	1	1	4096	11	23
sb-unnormalized	delayed	1	1	3	12	0	1	1	4096	25	37
sb-unnormalized	greedy	1	10	0	12	409	4096	1	4096	0	12
sb-unnormalized	greedy	1	10	1	12	737	2048	1	4096	4	16
sb-unnormalized	greedy	1	10	2	12	3775	4096	1	4096	11	23
sb-unnormalized	greedy	1	10	3	12	37	128	1	4096	25	37
sb-unnormalized	decimal-0.1	1	10	0	12	205	2048	1	4096	1	13
sb-unnormalized	decimal-0.1	1	10	1	12	737	2048	1	4096	5	17
sb-unnormalized	decimal-0.1	1	10	2	12	3775	4096	1	4096	13	25
sb-unnormalized	decimal-0.1	1	10	3	12	37	128	1	4096	29	41
sb-unnormalized	greedy	5467	10000	0	12	2239	4096	1	4096	0	12
sb-unnormalized	greedy	5467	10000	1	12	1015	1024	1	4096	4	16
sb-unnormalized	greedy	5467	10000	2	12	71	2048	1	4096	11	23
sb-unnormalized	greedy	5467	10000	3	12	547	4096	1	4096	25	37
sb-unnormalized	decimal-0.5467	5467	10000	0	12	35	64	1	4096	1	13
sb-unnormalized	decimal-0.5467	5467	10000	1	12	1015	1024	1	4096	5	17
sb-unnormalized	decimal-0.5467	5467	10000	2	12	71	2048	1	4096	13	25
sb-unnormalized	decimal-0.5467	5467	10000	3	12	547	4096	1	4096	29	41
sb-stream	greedy	0	1	0	12	0	1	1	4096	0	12
sb-stream	greedy	0	1	1	12	0	1	1	4096	0	12
sb-stream	greedy	0	1	2	12	0	1	1	4096	0	12
sb-stream	greedy	0	1	3	12	0	1	1	4096	0	12
sb-stream	delayed	0	1	0	12	0	1	1	4096	0	12
sb-stream	delayed	0	1	1	12	0	1	1	4096	0	12
sb-stream	delayed	0	1	2	12	0	1	1	4096	0	12
sb-stream	delayed	0	1	3	12	0	1	1	4096	0	12
sb-stream	greedy	1	4	0	12	1	4	1	4096	0	12
sb-stream	greedy	1	4	1	12	3	4	1	4096	0	12
sb-stream	greedy	1	4	2	12	3	4	1	4096	0	12
sb-stream	greedy	1	4	3	12	3	4	1	4096	0	12
sb-stream	delayed	1	4	0	12	1023	4096	1	4096	0	12
sb-stream	delayed	1	4	1	12	3	4	1	4096	0	12
sb-stream	delayed	1	4	2	12	3	4	1	4096	0	12
sb-stream	delayed	1	4	3	12	3	4	1	4096	0	12
sb-stream	greedy	1	2	0	12	1	2	1	4096	0	12
sb-stream	greedy	1	2	1	12	4095	4096	1	4096	0	12
sb-stream	greedy	1	2	2	12	0	1	1	4096	0	12
sb-stream	greedy	1	2	3	12	0	1	1	4096	0	12
sb-stream	delayed	1	2	0	12	2047	4096	1	4096	0	12
sb-stream	delayed	1	2	1	12	4095	4096	1	4096	0	12
sb-stream	delayed	1	2	2	12	0	1	1	4096	0	12
sb-stream	delayed	1	2	3	12	0	1	1	4096	0	12
sb-stream	greedy	3	4	0	12	3	4	1	4096	0	12
sb-stream	greedy	3	4	1	12	3	4	1	4096	0	12
sb-stream	greedy	3	4	2	12	3	4	1	4096	0	12
sb-stream	greedy	3	4	3	12	3	4	1	4096	0	12
sb-stream	delayed	3	4	0	12	3071	4096	1	4096	0	12
sb-stream	delayed	3	4	1	12	3	4	1	4096	0	12
sb-stream	delayed	3	4	2	12	3	4	1	4096	0	12
sb-stream	delayed	3	4	3	12	3	4	1	4096	0	12
sb-stream	greedy	1	1	0	12	4095	4096	1	4096	0	12
sb-stream	greedy	1	1	1	12	0	1	1	4096	0	12
sb-stream	greedy	1	1	2	12	0	1	1	4096	0	12
sb-stream	greedy	1	1	3	12	0	1	1	4096	0	12
sb-stream	delayed	1	1	0	12	4095	4096	1	4096	0	12
sb-stream	delayed	1	1	1	12	0	1	1	4096	0	12
sb-stream	delayed	1	1	2	12	0	1	1	4096	0	12
sb-stream	delayed	1	1	3	12	0	1	1	4096	0	12
sb-stream	greedy	1	10	0	12	409	4096	1	4096	0	12
sb-stream	greedy	1	10	1	12	737	2048	1	4096	0	12
sb-stream	greedy	1	10	2	12	3775	4096	1	4096	0	12
sb-stream	greedy	1	10	3	12	37	128	1	4096	0	12
sb-stream	decimal-0.1	1	10	0	12	205	2048	1	4096	0	12
sb-stream	decimal-0.1	1	10	1	12	737	2048	1	4096	0	12
sb-stream	decimal-0.1	1	10	2	12	3775	4096	1	4096	0	12
sb-stream	decimal-0.1	1	10	3	12	37	128	1	4096	0	12
sb-stream	greedy	5467	10000	0	12	2239	4096	1	4096	0	12
sb-stream	greedy	5467	10000	1	12	1015	1024	1	4096	0	12
sb-stream	greedy	5467	10000	2	12	71	2048	1	4096	0	12
sb-stream	greedy	5467	10000	3	12	547	4096	1	4096	0	12
sb-stream	decimal-0.5467	5467	10000	0	12	35	64	1	4096	0	12
sb-stream	decimal-0.5467	5467	10000	1	12	1015	1024	1	4096	0	12
sb-stream	decimal-0.5467	5467	10000	2	12	71	2048	1	4096	0	12
sb-stream	decimal-0.5467	5467	10000	3	12	547	4096	1	4096	0	12
cross-stream	greedy	0	1	0	12	0	1	1	4096	0	12
cross-stream	greedy	0	1	1	12	0	1	1	4096	0	12
cross-stream	greedy	0	1	2	12	0	1	1	4096	0	12
cross-stream	greedy	0	1	3	12	0	1	1	4096	0	12
cross-stream	delayed	0	1	0	12	0	1	1	4096	0	12
cross-stream	delayed	0	1	1	12	0	1	1	4096	0	12
cross-stream	delayed	0	1	2	12	0	1	1	4096	0	12
cross-stream	delayed	0	1	3	12	0	1	1	4096	0	12
cross-stream	greedy	1	4	0	12	1	4	1	4096	0	12
cross-stream	greedy	1	4	1	12	3	4	1	4096	0	12
cross-stream	greedy	1	4	2	12	3	4	1	4096	0	12
cross-stream	greedy	1	4	3	12	3	4	1	4096	0	12
cross-stream	delayed	1	4	0	12	1023	4096	1	4096	0	12
cross-stream	delayed	1	4	1	12	3	4	1	4096	0	12
cross-stream	delayed	1	4	2	12	3	4	1	4096	0	12
cross-stream	delayed	1	4	3	12	3	4	1	4096	0	12
cross-stream	greedy	1	2	0	12	1	2	1	4096	0	12
cross-stream	greedy	1	2	1	12	4095	4096	1	4096	0	12
cross-stream	greedy	1	2	2	12	0	1	1	4096	0	12
cross-stream	greedy	1	2	3	12	0	1	1	4096	0	12
cross-stream	delayed	1	2	0	12	2047	4096	1	4096	0	12
cross-stream	delayed	1	2	1	12	4095	4096	1	4096	0	12
cross-stream	delayed	1	2	2	12	0	1	1	4096	0	12
cross-stream	delayed	1	2	3	12	0	1	1	4096	0	12
cross-stream	greedy	3	4	0	12	3	4	1	4096	0	12
cross-stream	greedy	3	4	1	12	3	4	1	4096	0	12
cross-stream	greedy	3	4	2	12	3	4	1	4096	0	12
cross-stream	greedy	3	4	3	12	3	4	1	4096	0	12
cross-stream	delayed	3	4	0	12	3071	4096	1	4096	0	12
cross-stream	delayed	3	4	1	12	3	4	1	4096	0	12
cross-stream	delayed	3	4	2	12	3	4	1	4096	0	12
cross-stream	delayed	3	4	3	12	3	4	1	4096	0	12
cross-stream	greedy	1	1	0	12	4095	4096	1	4096	0	12
cross-stream	greedy	1	1	1	12	0	1	1	4096	0	12
cross-stream	greedy	1	1	2	12	0	1	1	4096	0	12
cross-stream	greedy	1	1	3	12	0	1	1	4096	0	12
cross-stream	delayed	1	1	0	12	4095	4096	1	4096	0	12
cross-stream	delayed	1	1	1	12	0	1	1	4096	0	12
cross-stream	delayed	1	1	2	12	0	1	1	4096	0	12
cross-stream	delayed	1	1	3	12	0	1	1	4096	0	12
cross-stream	greedy	1	10	0	12	409	4096	1	4096	0	12
cross-stream	greedy	1	10	1	12	737	2048	1	4096	0	12
cross-stream	greedy	1	10	2	12	3775	4096	1	4096	0	12
cross-stream	greedy	1	10	3	12	37	128	1	4096	0	12
cross-stream	decimal-0.1	1	10	0	12	205	2048	1	4096	0	12
cross-stream	decimal-0.1	1	10	1	12	1475	4096	1	4096	0	12
cross-stream	decimal-0.1	1	10	2	12	3775	4096	1	4096	0	12
cross-stream	decimal-0.1	1	10	3	12	37	128	1	4096	0	12
cross-stream	greedy	5467	10000	0	12	2239	4096	1	4096	0	12
cross-stream	greedy	5467	10000	1	12	1015	1024	1	4096	0	12
cross-stream	greedy	5467	10000	2	12	71	2048	1	4096	0	12
cross-stream	greedy	5467	10000	3	12	547	4096	1	4096	0	12
cross-stream	decimal-0.5467	5467	10000	0	12	35	64	1	4096	0	12
cross-stream	decimal-0.5467	5467	10000	1	12	1015	1024	1	4096	0	12
cross-stream	decimal-0.5467	5467	10000	2	12	71	2048	1	4096	0	12
cross-stream	decimal-0.5467	5467	10000	3	12	547	4096	1	4096	0	12
dy-stream	greedy	0	1	0	12	0	1	1	4096	0	12
dy-stream	greedy	0	1	1	12	0	1	1	4096	0	12
dy-stream	greedy	0	1	2	12	0	1	1	4096	0	12
dy-stream	greedy	0	1	3	12	0	1	1	4096	0	12
dy-stream	delayed	0	1	0	12	0	1	1	4096	0	12
dy-stream	delayed	0	1	1	12	0	1	1	4096	0	12
dy-stream	delayed	0	1	2	12	0	1	1	4096	0	12
dy-stream	delayed	0	1	3	12	0	1	1	4096	0	12
dy-stream	greedy	1	4	0	12	1	4	1	4096	0	12
dy-stream	greedy	1	4	1	12	1	16	1	4096	0	12
dy-stream	greedy	1	4	2	12	15	512	1	4096	0	12
dy-stream	greedy	1	4	3	12	29	2048	1	4096	0	12
dy-stream	delayed	1	4	0	12	1023	4096	1	4096	0	12
dy-stream	delayed	1	4	1	12	1	8	1	4096	0	12
dy-stream	delayed	1	4	2	12	7	128	1	4096	0	12
dy-stream	delayed	1	4	3	12	53	2048	1	4096	0	12
dy-stream	greedy	1	2	0	12	1	2	1	4096	0	12
dy-stream	greedy	1	2	1	12	1	8	1	4096	0	12
dy-stream	greedy	1	2	2	12	7	128	1	4096	0	12
dy-stream	greedy	1	2	3	12	53	2048	1	4096	0	12
dy-stream	delayed	1	2	0	12	2047	4096	1	4096	0	12
dy-stream	delayed	1	2	1	12	0	1	1	4096	0	12
dy-stream	delayed	1	2	2	12	0	1	1	4096	0	12
dy-stream	delayed	1	2	3	12	0	1	1	4096	0	12
dy-stream	greedy	3	4	0	12	3	4	1	4096	0	12
dy-stream	greedy	3	4	1	12	3	16	1	4096	0	12
dy-stream	greedy	3	4	2	12	39	512	1	4096	0	12
dy-stream	greedy	3	4	3	12	9	256	1	4096	0	12
dy-stream	delayed	3	4	0	12	3071	4096	1	4096	0	12
dy-stream	delayed	3	4	1	12	1	8	1	4096	0	12
dy-stream	delayed	3	4	2	12	7	128	1	4096	0	12
dy-stream	delayed	3	4	3	12	53	2048	1	4096	0	12
dy-stream	greedy	1	1	0	12	4095	4096	1	4096	0	12
dy-stream	greedy	1	1	1	12	0	1	1	4096	0	12
dy-stream	greedy	1	1	2	12	0	1	1	4096	0	12
dy-stream	greedy	1	1	3	12	0	1	1	4096	0	12
dy-stream	delayed	1	1	0	12	4095	4096	1	4096	0	12
dy-stream	delayed	1	1	1	12	0	1	1	4096	0	12
dy-stream	delayed	1	1	2	12	0	1	1	4096	0	12
dy-stream	delayed	1	1	3	12	0	1	1	4096	0	12
dy-stream	greedy	1	10	0	12	409	4096	1	4096	0	12
dy-stream	greedy	1	10	1	12	655	4096	1	4096	0	12
dy-stream	greedy	1	10	2	12	207	4096	1	4096	0	12
dy-stream	greedy	1	10	3	12	101	4096	1	4096	0	12
dy-stream	decimal-0.1	1	10	0	12	409	4096	1	4096	0	12
dy-stream	decimal-0.1	1	10	1	12	143	4096	1	4096	0	12
dy-stream	decimal-0.1	1	10	2	12	137	4096	1	4096	0	12
dy-stream	decimal-0.1	1	10	3	12	3	256	1	4096	0	12
dy-stream	greedy	5467	10000	0	12	2239	4096	1	4096	0	12
dy-stream	greedy	5467	10000	1	12	119	1024	1	4096	0	12
dy-stream	greedy	5467	10000	2	12	249	4096	1	4096	0	12
dy-stream	greedy	5467	10000	3	12	61	2048	1	4096	0	12
dy-stream	decimal-0.5467	5467	10000	0	12	2239	4096	1	4096	0	12
dy-stream	decimal-0.5467	5467	10000	1	12	247	1024	1	4096	0	12
dy-stream	decimal-0.5467	5467	10000	2	12	303	4096	1	4096	0	12
dy-stream	decimal-0.5467	5467	10000	3	12	73	2048	1	4096	0	12
