Name,Mean,MeanLB,MeanUB,Stddev,StddevLB,StddevUB
4/direct,2.3135750232711345e-5,2.2946440331691858e-5,2.3350158565007727e-5,4.4604406446761503e-7,3.6898580819162173e-7,5.463391150444479e-7
4/dct-quiet,2.7196652158178684e-3,2.6994174203791594e-3,2.74525974829067e-3,4.4669645708386013e-5,3.1580453040336046e-5,5.585250578728967e-5
16/direct,2.8399747348896697e-4,2.8088453724001145e-4,2.8976447478047874e-4,8.67928413113228e-6,4.351211767594463e-6,1.2883842534445398e-5
16/dct-quiet,7.443396231435603e-3,7.406819006948884e-3,7.47884317704683e-3,5.6705753181859214e-5,4.152092988281931e-5,7.970196509435163e-5
32/direct,1.0772491012991025e-3,1.07123468473311e-3,1.087207366540367e-3,1.703336745357136e-5,1.1091667551233884e-5,2.7788520964402957e-5
32/dct-quiet,1.4254064450483026e-2,1.4134565590373113e-2,1.4335132222417061e-2,1.372754264838319e-4,9.12902587830469e-5,1.9115662944749987e-4
64/direct,5.642528746973543e-3,5.619593752010869e-3,5.663711242122789e-3,3.854905539442773e-5,2.7319513637524102e-5,5.437868821695524e-5
64/dct-quiet,2.854631337662189e-2,2.827863725178759e-2,2.86943205013813e-2,2.5734275585038535e-4,6.544409565975475e-5,3.4180781328731506e-4
128/direct,2.68179978584764e-2,2.663805446548698e-2,2.6997941251465818e-2,2.2932346959103798e-4,9.621333326018978e-5,3.0446387781053904e-4
128/dct-quiet,6.2826695047382e-2,6.233851987963135e-2,6.324687292847861e-2,5.115240925902032e-4,4.1459341979033486e-4,5.822855517933835e-4
