escardo-abs-before	positive	32	1	100	false	0.0006681540000000002	0.000674354	0	0	171336830924
escardo-abs-after	positive	32	1	100	false	0.00019231399999999985	0.000193826	0	0	171336830924
escardo-abs-before	negative	32	1	100	false	0.0005273669999999999	0.000532354	0	0	231316353076
escardo-abs-after	negative	32	1	100	false	0.0001571369999999999	0.000158429	0	0	231316353076
escardo-abs-before	zero	32	1	100	false	0.0005562430000000001	0.000557542	0	0	0
escardo-abs-after	zero	32	1	100	false	0.0005367560000000002	0.000557072	0	0	0
escardo-abs-before	tiny-positive	32	1	100	false	0.0007589960000000001	0.000765007	0	0	0
escardo-abs-after	tiny-positive	32	1	100	false	0.0006994509999999998	0.000705222	0	0	0
escardo-abs-before	tiny-negative	32	1	100	false	0.000660405	0.000665445	0	0	0
escardo-abs-after	tiny-negative	32	1	100	false	0.0007156410000000002	0.00072038	0	0	0
escardo-abs-before	sqrt-control	32	1	100	false	0.00006704399999999983	0.000068495	0	0	936371839854
escardo-abs-after	sqrt-control	32	1	100	false	0.00006872500000000017	0.000070266	0	0	936371839854
escardo-abs-before	positive	128	1	100	false	0.0011038580000000003	0.001144392	0	0	13574702285162780680482758215901912580094
escardo-abs-after	positive	128	1	100	false	0.00033217200000000015	0.000333428	0	0	13574702285162780680482758215901912580108
escardo-abs-before	negative	128	1	100	false	0.000918444	0.000924137	0	0	18326769613675200269208611230826357243906
escardo-abs-after	negative	128	1	100	false	0.0003520600000000002	0.000353476	0	0	18326769613675200269208611230826357243892
escardo-abs-before	zero	128	1	100	false	0.0011072480000000001	0.001113033	0	0	0
escardo-abs-after	zero	128	1	100	false	0.0010629320000000002	0.001068907	0	0	0
escardo-abs-before	tiny-positive	128	1	100	false	0.0011240660000000002	0.001129123	0	0	0
escardo-abs-after	tiny-positive	128	1	100	false	0.0011215370000000001	0.001127613	0	0	0
escardo-abs-before	tiny-negative	128	1	100	false	0.0011959910000000002	0.001200977	0	0	0
escardo-abs-after	tiny-negative	128	1	100	false	0.001118727	0.001124513	0	0	0
escardo-abs-before	sqrt-control	128	1	100	false	0.0001152900000000001	0.000116812	0	0	74187020301564637456776044148507220162361
escardo-abs-after	sqrt-control	128	1	100	false	0.00011371099999999985	0.000115202	0	0	74187020301564637456776044148507220162361
escardo-abs-before	positive	512	1	30	false	0.0014469390000000002	0.00146123	0	0	157500201369447767545632343197627392509720169514788647338586109750123295720867665796504536916586968456931767559326851725366965496970482187284125227378435165
escardo-abs-after	positive	512	1	30	false	0.000343002	0.000344296	0	0	157500201369447767545632343197627392509720169514788647338586109750123295720867665796504536916586968456931767559326851725366965496970482187284125227378435165
escardo-abs-before	negative	512	1	30	false	0.0009870470000000002	0.000992752	0	0	219594396660187775879887109876912029825636994189372416409889055854551317624950842926048177719357190446850378452168068454894862457115515092459321150917680035
escardo-abs-after	negative	512	1	30	false	0.0003980470000000001	0.000399483	0	0	219594396660187775879887109876912029825636994189372416409889055854551317624950842926048177719357190446850378452168068454894862457115515092459321150917680035
escardo-abs-before	zero	512	1	30	false	0.0009296230000000003	0.000936536	0	0	0
escardo-abs-after	zero	512	1	30	false	0.001034325	0.001050568	0	0	0
escardo-abs-before	tiny-positive	512	1	30	false	0.0017911119999999999	0.001823786	0	0	3473762677119485862707129550260637235598099539969216921183727520237393889198080
escardo-abs-after	tiny-positive	512	1	30	false	0.0010817200000000002	0.001088756	0	0	3473762677119485862707129550260637235598099539969216921183727520237393889198080
escardo-abs-before	tiny-negative	512	1	30	false	0.002107915	0.002137893	0	0	3473762677119485862707129550260637235598099539969216921183727520237393889198080
escardo-abs-after	tiny-negative	512	1	30	false	0.000931643	0.000937536	0	0	3473762677119485862707129550260637235598099539969216921183727520237393889198080
escardo-abs-before	sqrt-control	512	1	30	false	0.00006000500000000013	0.000061276	0	0	870918281327419867724980125724369661588292924400346908113543961476589769785388132411208480698352989158930759067320569539690582496931450793713259752373863864
escardo-abs-after	sqrt-control	512	1	30	false	0.0000744840000000001	0.000075945	0	0	870918281327419867724980125724369661588292924400346908113543961476589769785388132411208480698352989158930759067320569539690582496931450793713259752373863864
escardo-abs-before	positive	2048	1	5	false	0.0008830070000000003	0.00088856	0	0	66163836512091349428256117334583309666860090096647662968542473362347532907689369583969005772054750695222447441919950728314643392492167821356830345395074244816964917468984260542234004570752026736463132014502859509385688577915796741715215814026600524539173687348204028316972332412371320860969686253418212967308784221828790068863168819006899869112278741318118961199047038852326987162928500670065691224359949100470985147201268920928764908138992758460330778063064863548800764329971536412168342403991858173270551294164018204020576948771205524398719522098228192877710007211563840751046239037206642062275671145518997726526080
escardo-abs-after	positive	2048	1	5	false	0.0003029249999999999	0.000304499	0	0	66163836512091349428256117334583309666860090096647662968542473362347532907689369583969005772054750695222447441919950728314643392492167821356830345395074244816964917468984260542234004570752026736463132014502859509385688577915796741715215814026600524539173687348204028316972332412371320860969686253418212967308784221828790068863168819006899869112278741318118961199047038852326987162928500670065691224359949100470985147201268920928764908138992758460330778063064863548800764329971536412168342403991858173270551294164018204020576948771205524398719522098228192877710007211563840751046239037206642062275671145518997726526080
escardo-abs-before	negative	2048	1	5	false	0.0008649579999999999	0.00087059	0	0	85322129447178997293844867143557090147721641167643668432068520829174288055753868977892875844458906165818417999901446238064042041025758371276395368916402082310992320190239158637845047384199467514143388165422457216911774946971483365293400253185006524541677777583216151571563179579227425116878215617475210714825189215935280286233792000305121550394859583847473173448192675175787198115392407052513645929690881134181875495229021035434977362887421206716561554498966170347576387317110433320918331510353132405493566874182810067549951163424199156717915752119222294632650627798279423020728691331254071132381621918282844130805120
escardo-abs-after	negative	2048	1	5	false	0.0002614380000000001	0.000262852	0	0	85322129447178997293844867143557090147721641167643668432068520829174288055753868977892875844458906165818417999901446238064042041025758371276395368916402082310992320190239158637845047384199467514143388165422457216911774946971483365293400253185006524541677777583216151571563179579227425116878215617475210714825189215935280286233792000305121550394859583847473173448192675175787198115392407052513645929690881134181875495229021035434977362887421206716561554498966170347576387317110433320918331510353132405493566874182810067549951163424199156717915752119222294632650627798279423020728691331254071132381621918282844130805120
escardo-abs-before	zero	2048	1	5	false	0.0006858529999999999	0.000693482	0	0	0
escardo-abs-after	zero	2048	1	5	false	0.000661685	0.000667414	0	0	0
escardo-abs-before	tiny-positive	2048	1	5	false	0.0017796810000000002	0.001811426	0	0	1395475558139261882039113369590325364529439676728301263079947597440148306393024973948505506839379297609247623966912840286845742029187886499923601994882148950439914026374467187033943580517274338176040720788749563343285030426130801309044207424313516288859898569619319100193648187604949474923383871926824673386449738811701565785617649612108693690811961168782538331698998376285012696783098735400883932483663399273915927916169391171351850329773076107215952977229493739650618394760964378145860462187740970672974434366248892564145597081639693844480
escardo-abs-after	tiny-positive	2048	1	5	false	0.000660115	0.000661414	0	0	1395475558139261882039113369590325364529439676728301263079947597440148306393024973948505506839379297609247623966912840286845742029187886499923601994882148950439914026374467187033943580517274338176040720788749563343285030426130801309044207424313516288859898569619319100193648187604949474923383871926824673386449738811701565785617649612108693690811961168782538331698998376285012696783098735400883932483663399273915927916169391171351850329773076107215952977229493739650618394760964378145860462187740970672974434366248892564145597081639693844480
escardo-abs-before	tiny-negative	2048	1	5	false	0.001747215	0.00175573	0	0	1395475558139261882039113369590325364529439676728301263079947597440148306393024973948505506839379297609247623966912840286845742029187886499923601994882148950439914026374467187033943580517274338176040720788749563343285030426130801309044207424313516288859898569619319100193648187604949474923383871926824673386449738811701565785617649612108693690811961168782538331698998376285012696783098735400883932483663399273915927916169391171351850329773076107215952977229493739650618394760964378145860462187740970672974434366248892564145597081639693844480
escardo-abs-after	tiny-negative	2048	1	5	false	0.0007143300000000002	0.000739229	0	0	1395475558139261882039113369590325364529439676728301263079947597440148306393024973948505506839379297609247623966912840286845742029187886499923601994882148950439914026374467187033943580517274338176040720788749563343285030426130801309044207424313516288859898569619319100193648187604949474923383871926824673386449738811701565785617649612108693690811961168782538331698998376285012696783098735400883932483663399273915927916169391171351850329773076107215952977229493739650618394760964378145860462187740970672974434366248892564145597081639693844480
escardo-abs-before	sqrt-control	2048	1	5	false	0.000032838000000000095	0.000054026	0	0	357534667083360819568483873252949958077195449711425585344251907082059407928685010389148475990249792091775722002274243206915624333242337616605064164322561003911006381956739877108381687896610114520180856353843611049612232639958219829342678005271573795577770125158191357711254604204240792308791174949395437739141116657464946696302252224953418468257659104085688931981598276403934803304320314883162103301255065996331102726951669636921257442060460513900859515990801280495860268392270959323566357476990395272739011635981547520858326033552971595880824097233532757566934481921724351035164387560934576093141247225739933352142824
escardo-abs-after	sqrt-control	2048	1	5	false	0.000030287000000000152	0.000031818	0	0	357534667083360819568483873252949958077195449711425585344251907082059407928685010389148475990249792091775722002274243206915624333242337616605064164322561003911006381956739877108381687896610114520180856353843611049612232639958219829342678005271573795577770125158191357711254604204240792308791174949395437739141116657464946696302252224953418468257659104085688931981598276403934803304320314883162103301255065996331102726951669636921257442060460513900859515990801280495860268392270959323566357476990395272739011635981547520858326033552971595880824097233532757566934481921724351035164387560934576093141247225739933352142824
escardo-abs-after	positive	32	2	100	false	0.00019518400000000016	0.000196777	0	0	172333356019
escardo-abs-before	positive	32	2	100	false	0.0005432950000000001	0.000544623	0	0	172333356019
escardo-abs-after	negative	32	2	100	false	0.000159326	0.000160589	0	0	230319827981
escardo-abs-before	negative	32	2	100	false	0.0005830620000000001	0.00058442	0	0	230319827981
escardo-abs-after	zero	32	2	100	false	0.000526306	0.000531904	0	0	0
escardo-abs-before	zero	32	2	100	false	0.000688393	0.000694922	0	0	0
escardo-abs-after	tiny-positive	32	2	100	false	0.000683063	0.000684463	0	0	0
escardo-abs-before	tiny-positive	32	2	100	false	0.0006476359999999998	0.000649075	0	0	0
escardo-abs-after	tiny-negative	32	2	100	false	0.0006207880000000002	0.000626178	0	0	0
escardo-abs-before	tiny-negative	32	2	100	false	0.000796373	0.000803305	0	0	0
escardo-abs-after	sqrt-control	32	2	100	false	0.00006572499999999998	0.000067176	0	0	938536577115
escardo-abs-before	sqrt-control	32	2	100	false	0.00006660499999999996	0.000068025	0	0	938536577115
escardo-abs-after	positive	128	2	100	false	0.0004164450000000001	0.000417931	0	0	13653655137360624153052223989743484278640
escardo-abs-before	positive	128	2	100	false	0.0011027480000000002	0.001109744	0	0	13653655137360624153052223989743484278626
escardo-abs-after	negative	128	2	100	false	0.00035716999999999997	0.000358516	0	0	18247816761477356796639145456984785545360
escardo-abs-before	negative	128	2	100	false	0.0009297120000000001	0.000935296	0	0	18247816761477356796639145456984785545374
escardo-abs-after	zero	128	2	100	false	0.0010908790000000001	0.001096165	0	0	0
escardo-abs-before	zero	128	2	100	false	0.001242685	0.001253564	0	0	0
escardo-abs-after	tiny-positive	128	2	100	false	0.001082799	0.001088475	0	0	0
escardo-abs-before	tiny-positive	128	2	100	false	0.001140044	0.001145701	0	0	0
escardo-abs-after	tiny-negative	128	2	100	false	0.0012681540000000003	0.001274352	0	0	0
escardo-abs-before	tiny-negative	128	2	100	false	0.0018914230000000001	0.00190173	0	0	0
escardo-abs-after	sqrt-control	128	2	100	false	0.00009647200000000001	0.000097793	0	0	74358528457117521183802716584335478885400
escardo-abs-before	sqrt-control	128	2	100	false	0.00012117000000000009	0.000159199	0	0	74358528457117521183802716584335478885400
escardo-abs-after	positive	512	2	30	false	0.00042924400000000007	0.00043608	0	0	160611102140970213528594778431885391953266983952490354824459136432334685467147982924601778348454632143416441290274828540864614205880448814597534373928575267
escardo-abs-before	positive	512	2	30	false	0.0010657110000000002	0.001071737	0	0	160611102140970213528594778431885391953266983952490354824459136432334685467147982924601778348454632143416441290274828540864614205880448814597534373928575267
escardo-abs-after	negative	512	2	30	false	0.000432305	0.000477347	0	0	216483495888665329896924674642654030382090179751670708924016029172339927878670525797950936287489526760365704721220091639397213748205548465145912004367539933
escardo-abs-before	negative	512	2	30	false	0.0010477220000000003	0.001052668	0	0	216483495888665329896924674642654030382090179751670708924016029172339927878670525797950936287489526760365704721220091639397213748205548465145912004367539933
escardo-abs-after	zero	512	2	30	false	0.0008928460000000001	0.000894309	0	0	0
escardo-abs-before	zero	512	2	30	false	0.001043403	0.001050128	0	0	0
escardo-abs-after	tiny-positive	512	2	30	false	0.001056542	0.001088786	0	0	3473762677119485862707129550260637235598099539969216921183727520237393889198080
escardo-abs-before	tiny-positive	512	2	30	false	0.0019119400000000002	0.001921839	0	0	3473762677119485862707129550260637235598099539969216921183727520237393889198080
escardo-abs-after	tiny-negative	512	2	30	false	0.0009053239999999999	0.000911198	0	0	3473762677119485862707129550260637235598099539969216921183727520237393889198080
escardo-abs-before	tiny-negative	512	2	30	false	0.0018074590000000004	0.001816285	0	0	3473762677119485862707129550260637235598099539969216921183727520237393889198080
escardo-abs-after	sqrt-control	512	2	30	false	0.00007615400000000015	0.000077695	0	0	877676046735246780545054578348003152200132612188230195964853129575335305422008865946614777931489301787218890174723170345582120396491179834307296040732384930
escardo-abs-before	sqrt-control	512	2	30	false	0.0000762339999999999	0.000077705	0	0	877676046735246780545054578348003152200132612188230195964853129575335305422008865946614777931489301787218890174723170345582120396491179834307296040732384930
escardo-abs-after	positive	2048	2	5	false	0.0003125439999999999	0.000313998	0	0	82973189280553550388314532325140991508911117373360779002100649075855796831511157583930360037936279887685202502972837380160088456082485587971122607841230882917299343632680522422062945730246900855116731979845783774285041909167684043312862767078384536224310779668876804014553280849542850599549313028864155444521998302030241103483902623373657296089956067270921364039405270369679875394671179285433832536967633615646253648828561196364598806129739150534948395573043351041513005947930280204724694218166688034023770192261041684060842013656333461945154799056157407631833900022117611524545876751582402497276859671733283376715636
escardo-abs-before	positive	2048	2	5	false	0.0010217149999999999	0.001050688	0	0	82973189280553550388314532325140991508911117373360779002100649075855796831511157583930360037936279887685202502972837380160088456082485587971122607841230882917299343632680522422062945730246900855116731979845783774285041909167684043312862767078384536224310779668876804014553280849542850599549313028864155444521998302030241103483902623373657296089956067270921364039405270369679875394671179285433832536967633615646253648828561196364598806129739150534948395573043351041513005947930280204724694218166688034023770192261041684060842013656333461945154799056157407631833900022117611524545876751582402497276859671733283376715636
escardo-abs-after	negative	2048	2	5	false	0.00030758400000000007	0.000309149	0	0	68512776678716796333786452152999408305670613890930552398510345115666024131932080977931521578577376973355662938848559586218596977435440604662103106470245444210657894026542896758016106224704593395489788200079532952012421615719596063695753300133222512856540685262543375873982231142055895378298588842029268237611975135733829251613058195938364123417182257894670770607834443658434309883649728437145504617083196619006606993601728759999143464896674814641943936988987682854864145699151689528361979696178302544740347976085786587509686098539071219171480475161293079878526734987725652247229053616878310697380433392068558480615564
escardo-abs-before	negative	2048	2	5	false	0.0008642979999999999	0.000865621	0	0	68512776678716796333786452152999408305670613890930552398510345115666024131932080977931521578577376973355662938848559586218596977435440604662103106470245444210657894026542896758016106224704593395489788200079532952012421615719596063695753300133222512856540685262543375873982231142055895378298588842029268237611975135733829251613058195938364123417182257894670770607834443658434309883649728437145504617083196619006606993601728759999143464896674814641943936988987682854864145699151689528361979696178302544740347976085786587509686098539071219171480475161293079878526734987725652247229053616878310697380433392068558480615564
escardo-abs-after	zero	2048	2	5	false	0.0006819939999999998	0.000687793	0	0	0
escardo-abs-before	zero	2048	2	5	false	0.000780745	0.000782206	0	0	0
escardo-abs-after	tiny-positive	2048	2	5	false	0.0012258890000000002	0.001232056	0	0	1395475558139261882039113369590325364529439676728301263079947597440148306393024973948505506839379297609247623966912840286845742029187886499923601994882148950439914026374467187033943580517274338176040720788749563343285030426130801309044207424313516288859898569619319100193648187604949474923383871926824673386449738811701565785617649612108693690811961168782538331698998376285012696783098735400883932483663399273915927916169391171351850329773076107215952977229493739650618394760964378145860462187740970672974434366248892564145597081639693844480
escardo-abs-before	tiny-positive	2048	2	5	false	0.002179328	0.002191	0	0	1395475558139261882039113369590325364529439676728301263079947597440148306393024973948505506839379297609247623966912840286845742029187886499923601994882148950439914026374467187033943580517274338176040720788749563343285030426130801309044207424313516288859898569619319100193648187604949474923383871926824673386449738811701565785617649612108693690811961168782538331698998376285012696783098735400883932483663399273915927916169391171351850329773076107215952977229493739650618394760964378145860462187740970672974434366248892564145597081639693844480
escardo-abs-after	tiny-negative	2048	2	5	false	0.0006881639999999998	0.000693582	0	0	1395475558139261882039113369590325364529439676728301263079947597440148306393024973948505506839379297609247623966912840286845742029187886499923601994882148950439914026374467187033943580517274338176040720788749563343285030426130801309044207424313516288859898569619319100193648187604949474923383871926824673386449738811701565785617649612108693690811961168782538331698998376285012696783098735400883932483663399273915927916169391171351850329773076107215952977229493739650618394760964378145860462187740970672974434366248892564145597081639693844480
escardo-abs-before	tiny-negative	2048	2	5	false	0.0017951010000000003	0.001810706	0	0	1395475558139261882039113369590325364529439676728301263079947597440148306393024973948505506839379297609247623966912840286845742029187886499923601994882148950439914026374467187033943580517274338176040720788749563343285030426130801309044207424313516288859898569619319100193648187604949474923383871926824673386449738811701565785617649612108693690811961168782538331698998376285012696783098735400883932483663399273915927916169391171351850329773076107215952977229493739650618394760964378145860462187740970672974434366248892564145597081639693844480
escardo-abs-after	sqrt-control	2048	2	5	false	0.0000436569999999999	0.000045187	0	0	392966267182021640080244805927663015154722321528130737934567914181223875942595347109590375227408720181292819157352219194172700891651016612275165251784064401235338100155329367446393797250536256707296897465903659574107399764542132788991339608098472957290801694632186077983378068119454430544124257275010275542767523466874096094800570337882702643065020865417992416157448391489982843307363232318053904286123454059814184935268695640354005377021381530617376972877945564579705953829982812800780219491220706739115213953484200800575451434339069066632732878301043496330967123476576376355489989884738967270187188283702623525532967
escardo-abs-before	sqrt-control	2048	2	5	false	0.00004922600000000009	0.000050727	0	0	392966267182021640080244805927663015154722321528130737934567914181223875942595347109590375227408720181292819157352219194172700891651016612275165251784064401235338100155329367446393797250536256707296897465903659574107399764542132788991339608098472957290801694632186077983378068119454430544124257275010275542767523466874096094800570337882702643065020865417992416157448391489982843307363232318053904286123454059814184935268695640354005377021381530617376972877945564579705953829982812800780219491220706739115213953484200800575451434339069066632732878301043496330967123476576376355489989884738967270187188283702623525532967
escardo-abs-before	positive	32	3	100	false	0.0006631549999999999	0.000664674	0	0	173273201137
escardo-abs-after	positive	32	3	100	false	0.00019127399999999996	0.000192777	0	0	173273201137
escardo-abs-before	negative	32	3	100	false	0.000672544	0.000712561	0	0	229379982863
escardo-abs-after	negative	32	3	100	false	0.00019632299999999998	0.000203046	0	0	229379982863
escardo-abs-before	zero	32	3	100	false	0.0006825840000000002	0.000689253	0	0	0
escardo-abs-after	zero	32	3	100	false	0.0006202989999999999	0.000621648	0	0	0
escardo-abs-before	tiny-positive	32	3	100	false	0.0007776450000000002	0.000784686	0	0	0
escardo-abs-after	tiny-positive	32	3	100	false	0.0007290889999999998	0.0007361	0	0	0
escardo-abs-before	tiny-negative	32	3	100	false	0.0006707839999999998	0.000672184	0	0	0
escardo-abs-after	tiny-negative	32	3	100	false	0.0007547280000000001	0.000760858	0	0	0
escardo-abs-before	sqrt-control	32	3	100	false	0.00005257500000000002	0.000053776	0	0	940467120860
escardo-abs-after	sqrt-control	32	3	100	false	0.00006505500000000006	0.000066555	0	0	940467120860
escardo-abs-before	positive	128	3	100	false	0.0011206270000000001	0.001127193	0	0	13728117339140272433823410836652098197979
escardo-abs-after	positive	128	3	100	false	0.00036469	0.000366085	0	0	13728117339140272433823410836652098197993
escardo-abs-before	negative	128	3	100	false	0.001142145	0.001158731	0	0	18173354559697708515867958610076171626021
escardo-abs-after	negative	128	3	100	false	0.0003413120000000001	0.000342636	0	0	18173354559697708515867958610076171626007
escardo-abs-before	zero	128	3	100	false	0.0011138370000000001	0.001119773	0	0	0
escardo-abs-after	zero	128	3	100	false	0.001744575	0.001780088	0	0	0
escardo-abs-before	tiny-positive	128	3	100	false	0.001156013	0.00116217	0	0	0
escardo-abs-after	tiny-positive	128	3	100	false	0.00107542	0.001082416	0	0	0
escardo-abs-before	tiny-negative	128	3	100	false	0.0011744520000000003	0.001179739	0	0	0
escardo-abs-after	tiny-negative	128	3	100	false	0.00120041	0.001225376	0	0	0
escardo-abs-before	sqrt-control	128	3	100	false	0.00016793600000000004	0.000169489	0	0	74511481890698464845117956257166351848704
escardo-abs-after	sqrt-control	128	3	100	false	0.00012559000000000008	0.000132311	0	0	74511481890698464845117956257166351848704
escardo-abs-before	positive	512	3	30	false	0.001087159	0.001139992	0	0	163545062276889091104944428823729580623424644159601847890192046375823450190876950396955695923950058734623867758130660615462023527736558308036424957957165578
escardo-abs-after	positive	512	3	30	false	0.000435094	0.00043654	0	0	163545062276889091104944428823729580623424644159601847890192046375823450190876950396955695923950058734623867758130660615462023527736558308036424957957165578
escardo-abs-before	negative	512	3	30	false	0.0010135149999999998	0.001036149	0	0	213549535752746452320575024250809841711932519544559215858283119228851163154941558325597018711994100169158278253364259564799804426349438971707021420338949622
escardo-abs-after	negative	512	3	30	false	0.0003425720000000002	0.000344017	0	0	213549535752746452320575024250809841711932519544559215858283119228851163154941558325597018711994100169158278253364259564799804426349438971707021420338949622
escardo-abs-before	zero	512	3	30	false	0.000893156	0.000898789	0	0	0
escardo-abs-after	zero	512	3	30	false	0.0008820560000000002	0.000887379	0	0	0
escardo-abs-before	tiny-positive	512	3	30	false	0.001912361	0.001917278	0	0	3473762677119485862707129550260637235598099539969216921183727520237393889198080
escardo-abs-after	tiny-positive	512	3	30	false	0.000925382	0.000930857	0	0	3473762677119485862707129550260637235598099539969216921183727520237393889198080
escardo-abs-before	tiny-negative	512	3	30	false	0.0018043789999999998	0.001813316	0	0	3473762677119485862707129550260637235598099539969216921183727520237393889198080
escardo-abs-after	tiny-negative	512	3	30	false	0.000918894	0.000925196	0	0	3473762677119485862707129550260637235598099539969216921183727520237393889198080
escardo-abs-before	sqrt-control	512	3	30	false	0.000073294	0.000074685	0	0	883702718872962934105718962581265988291988115447903185605430029127027768768603896257414004576341552419378999114023546400553332053496065105894848374461978111
escardo-abs-after	sqrt-control	512	3	30	false	0.00007718399999999989	0.000078695	0	0	883702718872962934105718962581265988291988115447903185605430029127027768768603896257414004576341552419378999114023546400553332053496065105894848374461978111
escardo-abs-before	positive	2048	3	5	false	0.001048342	0.001054118	0	0	75165471850074798225803881231701869285936248052392092951205872971050391460648097645689352237450665639765204827724383821884750079914787275462319959137468149078306215719108364067226306749932015624972730036578850680683187479456443541980132680508607139646398173959056652954019164920352063002116260330633774563596493961753708114316033262338346828267317393713502838365434041571591907604552109800476466680274142051298754042801152219527305528322317280231748640996296672808528834524573703309364907761235031227153090652677584794709918556603255110818823346124588311244121155567822771488009422223072735533665945033329301680633542
escardo-abs-after	positive	2048	3	5	false	0.00024046000000000007	0.000241713	0	0	75165471850074798225803881231701869285936248052392092951205872971050391460648097645689352237450665639765204827724383821884750079914787275462319959137468149078306215719108364067226306749932015624972730036578850680683187479456443541980132680508607139646398173959056652954019164920352063002116260330633774563596493961753708114316033262338346828267317393713502838365434041571591907604552109800476466680274142051298754042801152219527305528322317280231748640996296672808528834524573703309364907761235031227153090652677584794709918556603255110818823346124588311244121155567822771488009422223072735533665945033329301680633542
escardo-abs-before	negative	2048	3	5	false	0.0008459310000000001	0.000851062	0	0	76320494109195548496297103246438530528645483211899238449405121220471429502795140916172529379062991221275660614097013144493935353603138917170905755174008178049651021940115055112852745205019478625633790143346466045614276045430836565028483386702999909434453290972363526934516347071246682975731641540259649118537479476010362240780927556973674591239820931452089296281805672456522277673768797922102870473776688183354106599629137736836436742704096684945143691565734361087848317122508266423721766153109959351611027515669243476860609555592149570297811928092862176266239479442020492283765508145387977660991348030472540176697658
escardo-abs-after	negative	2048	3	5	false	0.0003814580000000003	0.000387663	0	0	76320494109195548496297103246438530528645483211899238449405121220471429502795140916172529379062991221275660614097013144493935353603138917170905755174008178049651021940115055112852745205019478625633790143346466045614276045430836565028483386702999909434453290972363526934516347071246682975731641540259649118537479476010362240780927556973674591239820931452089296281805672456522277673768797922102870473776688183354106599629137736836436742704096684945143691565734361087848317122508266423721766153109959351611027515669243476860609555592149570297811928092862176266239479442020492283765508145387977660991348030472540176697658
escardo-abs-before	zero	2048	3	5	false	0.0010329240000000002	0.001060117	0	0	0
escardo-abs-after	zero	2048	3	5	false	0.0007142310000000001	0.000719561	0	0	0
escardo-abs-before	tiny-positive	2048	3	5	false	0.0020012540000000005	0.002028441	0	0	1395475558139261882039113369590325364529439676728301263079947597440148306393024973948505506839379297609247623966912840286845742029187886499923601994882148950439914026374467187033943580517274338176040720788749563343285030426130801309044207424313516288859898569619319100193648187604949474923383871926824673386449738811701565785617649612108693690811961168782538331698998376285012696783098735400883932483663399273915927916169391171351850329773076107215952977229493739650618394760964378145860462187740970672974434366248892564145597081639693844480
escardo-abs-after	tiny-positive	2048	3	5	false	0.0006689140000000003	0.000674464	0	0	1395475558139261882039113369590325364529439676728301263079947597440148306393024973948505506839379297609247623966912840286845742029187886499923601994882148950439914026374467187033943580517274338176040720788749563343285030426130801309044207424313516288859898569619319100193648187604949474923383871926824673386449738811701565785617649612108693690811961168782538331698998376285012696783098735400883932483663399273915927916169391171351850329773076107215952977229493739650618394760964378145860462187740970672974434366248892564145597081639693844480
escardo-abs-before	tiny-negative	2048	3	5	false	0.001915821	0.001927358	0	0	1395475558139261882039113369590325364529439676728301263079947597440148306393024973948505506839379297609247623966912840286845742029187886499923601994882148950439914026374467187033943580517274338176040720788749563343285030426130801309044207424313516288859898569619319100193648187604949474923383871926824673386449738811701565785617649612108693690811961168782538331698998376285012696783098735400883932483663399273915927916169391171351850329773076107215952977229493739650618394760964378145860462187740970672974434366248892564145597081639693844480
escardo-abs-after	tiny-negative	2048	3	5	false	0.0006692739999999999	0.000676634	0	0	1395475558139261882039113369590325364529439676728301263079947597440148306393024973948505506839379297609247623966912840286845742029187886499923601994882148950439914026374467187033943580517274338176040720788749563343285030426130801309044207424313516288859898569619319100193648187604949474923383871926824673386449738811701565785617649612108693690811961168782538331698998376285012696783098735400883932483663399273915927916169391171351850329773076107215952977229493739650618394760964378145860462187740970672974434366248892564145597081639693844480
escardo-abs-before	sqrt-control	2048	3	5	false	0.0000357869999999998	0.000037088	0	0	374035403320741306080667294517972764918999182916744395775302330282548132630486555518979816184334657088092370016246058773249889994686628996711899778100351249334627543008288232569928772966675000412989844560434893416371142890409365766223549414275397934016841154050844804443495288867463259915713931811449177429082634822303480800572419484012791595409899286776236474152328076751703598790634138573657306456239608106235285983984254655712398414588827596225535421149875039414533339494135313615529015609718155755666684122020037684442434359358416297341108078231442170412900169762462085271657876626127190796990765480668639620087018
escardo-abs-after	sqrt-control	2048	3	5	false	0.000044786	0.000046307	0	0	374035403320741306080667294517972764918999182916744395775302330282548132630486555518979816184334657088092370016246058773249889994686628996711899778100351249334627543008288232569928772966675000412989844560434893416371142890409365766223549414275397934016841154050844804443495288867463259915713931811449177429082634822303480800572419484012791595409899286776236474152328076751703598790634138573657306456239608106235285983984254655712398414588827596225535421149875039414533339494135313615529015609718155755666684122020037684442434359358416297341108078231442170412900169762462085271657876626127190796990765480668639620087018
escardo-abs-after	positive	32	4	100	false	0.00019253400000000006	0.000194087	0	0	174141700310
escardo-abs-before	positive	32	4	100	false	0.0006842940000000002	0.000691022	0	0	174141700310
escardo-abs-after	negative	32	4	100	false	0.00016224800000000004	0.000167439	0	0	228511483690
escardo-abs-before	negative	32	4	100	false	0.000939371	0.000946156	0	0	228511483690
escardo-abs-after	zero	32	4	100	false	0.000639887	0.000646776	0	0	0
escardo-abs-before	zero	32	4	100	false	0.0005625929999999999	0.000563932	0	0	0
escardo-abs-after	tiny-positive	32	4	100	false	0.0007412979999999998	0.000747489	0	0	0
escardo-abs-before	tiny-positive	32	4	100	false	0.0007374579999999999	0.000738979	0	0	0
escardo-abs-after	tiny-negative	32	4	100	false	0.0008213320000000001	0.000828003	0	0	0
escardo-abs-before	tiny-negative	32	4	100	false	0.000647426	0.000653465	0	0	0
escardo-abs-after	sqrt-control	32	4	100	false	0.00005487500000000002	0.000062146	0	0	942226697379
escardo-abs-before	sqrt-control	32	4	100	false	0.00006617400000000001	0.000067686	0	0	942226697379
escardo-abs-after	positive	128	4	100	false	0.00042581499999999996	0.00043251	0	0	13796926932747482198236457641327721763031
escardo-abs-before	positive	128	4	100	false	0.001534102	0.001569502	0	0	13796926932747482198236457641327721763017
escardo-abs-after	negative	128	4	100	false	0.00043333400000000006	0.00044017	0	0	18104544966090498751454911805400548060969
escardo-abs-before	negative	128	4	100	false	0.0009439310000000003	0.000950425	0	0	18104544966090498751454911805400548060983
escardo-abs-after	zero	128	4	100	false	0.0011239260000000001	0.001129883	0	0	0
escardo-abs-before	zero	128	4	100	false	0.0011084470000000003	0.001118133	0	0	0
escardo-abs-after	tiny-positive	128	4	100	false	0.0011356250000000001	0.001141502	0	0	0
escardo-abs-before	tiny-positive	128	4	100	false	0.001150853	0.001156571	0	0	0
escardo-abs-after	tiny-negative	128	4	100	false	0.001170332	0.001176139	0	0	0
escardo-abs-before	tiny-negative	128	4	100	false	0.00119742	0.001218407	0	0	0
escardo-abs-after	sqrt-control	128	4	100	false	0.00009481199999999989	0.000096123	0	0	74650889905131955647398368772705260758381
escardo-abs-before	sqrt-control	128	4	100	false	0.0001194499999999999	0.000120942	0	0	74650889905131955647398368772705260758381
escardo-abs-after	positive	512	4	30	false	0.0004213749999999999	0.000422971	0	0	166256298310571756186902412306071863630217575583552768784141469670127945998985385027024837970046702733537557705358728275194355275599991200724259094135159203
escardo-abs-before	positive	512	4	30	false	0.001107448	0.001158941	0	0	166256298310571756186902412306071863630217575583552768784141469670127945998985385027024837970046702733537557705358728275194355275599991200724259094135159203
escardo-abs-after	negative	512	4	30	false	0.00042512400000000003	0.0004327	0	0	210838299719063787238617040768467558705139588120608294964333695934546667346833123695527876665897456170244588306136191905067472678486006079019187284160955997
escardo-abs-before	negative	512	4	30	false	0.0010216640000000003	0.001026929	0	0	210838299719063787238617040768467558705139588120608294964333695934546667346833123695527876665897456170244588306136191905067472678486006079019187284160955997
escardo-abs-after	zero	512	4	30	false	0.0009497309999999999	0.000955314	0	0	0
escardo-abs-before	zero	512	4	30	false	0.0009044550000000002	0.000926817	0	0	0
escardo-abs-after	tiny-positive	512	4	30	false	0.0010877200000000001	0.001095155	0	0	3473762677119485862707129550260637235598099539969216921183727520237393889198080
escardo-abs-before	tiny-positive	512	4	30	false	0.0017991489999999999	0.001807976	0	0	3473762677119485862707129550260637235598099539969216921183727520237393889198080
escardo-abs-after	tiny-negative	512	4	30	false	0.000940942	0.000947405	0	0	3473762677119485862707129550260637235598099539969216921183727520237393889198080
escardo-abs-before	tiny-negative	512	4	30	false	0.0018354959999999998	0.001845134	0	0	3473762677119485862707129550260637235598099539969216921183727520237393889198080
escardo-abs-after	sqrt-control	512	4	30	false	0.00007872400000000007	0.000080365	0	0	889195674321498389690799895952367191994560791743061569132483458162053153553010406168467331930295492537603881721641681073317739901835439119590509032834621018
escardo-abs-before	sqrt-control	512	4	30	false	0.0000757030000000001	0.000077244	0	0	889195674321498389690799895952367191994560791743061569132483458162053153553010406168467331930295492537603881721641681073317739901835439119590509032834621018
escardo-abs-after	positive	2048	4	5	false	0.00046379099999999986	0.000501156	0	0	67667229061556018744744538974305031494505537924888210688933554853153314508180111658474165484747693650596013117456692005485156250353134497503594778241212372433848789392127897587617896190428100527498418602953008570966813667024243227269699219669937291217995622264795847814444485425638247636418872959865510296319632127945821185311411751010491429768473270823611547314978509915947387298180178924846084305362287995476552219560992269107699052087639976785270098939594127762174962490787017042751762666883441393969650822292472705740896775534228800463557752405576418136029371709685928010677061660237727689289935059976392536949869
escardo-abs-before	positive	2048	4	5	false	0.000904165	0.000908658	0	0	67667229061556018744744538974305031494505537924888210688933554853153314508180111658474165484747693650596013117456692005485156250353134497503594778241212372433848789392127897587617896190428100527498418602953008570966813667024243227269699219669937291217995622264795847814444485425638247636418872959865510296319632127945821185311411751010491429768473270823611547314978509915947387298180178924846084305362287995476552219560992269107699052087639976785270098939594127762174962490787017042751762666883441393969650822292472705740896775534228800463557752405576418136029371709685928010677061660237727689289935059976392536949869
escardo-abs-after	negative	2048	4	5	false	0.0002936960000000002	0.00029515	0	0	83818736897714327977356445503835368320076193339403120711677439338368506455263126903387716131765963210444852324364704960893529183164791695129630936070263954694108448267095521592461155764523393723108101576972308155330649857863036879738916847541669757862855842666624332074091026565960498341429028911027913385814341309818249169785549068301529989738665054341980587332261204112166797980140728797733252848688542239176308422869297687256043218938773988391622233622436906134202189156294952690334911247461549184794467346054355565829631336661175880653077521811874069374331263300157335761097868708222985505367358003825449320381331
escardo-abs-before	negative	2048	4	5	false	0.0009800879999999998	0.000986342	0	0	83818736897714327977356445503835368320076193339403120711677439338368506455263126903387716131765963210444852324364704960893529183164791695129630936070263954694108448267095521592461155764523393723108101576972308155330649857863036879738916847541669757862855842666624332074091026565960498341429028911027913385814341309818249169785549068301529989738665054341980587332261204112166797980140728797733252848688542239176308422869297687256043218938773988391622233622436906134202189156294952690334911247461549184794467346054355565829631336661175880653077521811874069374331263300157335761097868708222985505367358003825449320381331
escardo-abs-after	zero	2048	4	5	false	0.0006599550000000003	0.000665744	0	0	0
escardo-abs-before	zero	2048	4	5	false	0.000688323	0.000689753	0	0	0
escardo-abs-after	tiny-positive	2048	4	5	false	0.000813912	0.000820583	0	0	1395475558139261882039113369590325364529439676728301263079947597440148306393024973948505506839379297609247623966912840286845742029187886499923601994882148950439914026374467187033943580517274338176040720788749563343285030426130801309044207424313516288859898569619319100193648187604949474923383871926824673386449738811701565785617649612108693690811961168782538331698998376285012696783098735400883932483663399273915927916169391171351850329773076107215952977229493739650618394760964378145860462187740970672974434366248892564145597081639693844480
escardo-abs-before	tiny-positive	2048	4	5	false	0.0017254560000000002	0.001735651	0	0	1395475558139261882039113369590325364529439676728301263079947597440148306393024973948505506839379297609247623966912840286845742029187886499923601994882148950439914026374467187033943580517274338176040720788749563343285030426130801309044207424313516288859898569619319100193648187604949474923383871926824673386449738811701565785617649612108693690811961168782538331698998376285012696783098735400883932483663399273915927916169391171351850329773076107215952977229493739650618394760964378145860462187740970672974434366248892564145597081639693844480
escardo-abs-after	tiny-negative	2048	4	5	false	0.0006585759999999999	0.000664284	0	0	1395475558139261882039113369590325364529439676728301263079947597440148306393024973948505506839379297609247623966912840286845742029187886499923601994882148950439914026374467187033943580517274338176040720788749563343285030426130801309044207424313516288859898569619319100193648187604949474923383871926824673386449738811701565785617649612108693690811961168782538331698998376285012696783098735400883932483663399273915927916169391171351850329773076107215952977229493739650618394760964378145860462187740970672974434366248892564145597081639693844480
escardo-abs-before	tiny-negative	2048	4	5	false	0.001779732	0.001818535	0	0	1395475558139261882039113369590325364529439676728301263079947597440148306393024973948505506839379297609247623966912840286845742029187886499923601994882148950439914026374467187033943580517274338176040720788749563343285030426130801309044207424313516288859898569619319100193648187604949474923383871926824673386449738811701565785617649612108693690811961168782538331698998376285012696783098735400883932483663399273915927916169391171351850329773076107215952977229493739650618394760964378145860462187740970672974434366248892564145597081639693844480
escardo-abs-after	sqrt-control	2048	4	5	false	0.00005112599999999986	0.000052686	0	0	357747077380039018286635150210633015141468967690740691673463152612361462321951461417884076355773120923812155911516398972925595584295689432168396520664161808999143478064403537260318249862800693632101649190250961953874985161597557363546131645347267889429788486792891511878521968162692776582583781663428439138503893987415476866149119725933289162824210569174767135128911456708609416674006981404906532867060885485137268903295927140945391756821993354322618771503201246619761549784512117266998471617855001618604501365428128358125871222311757425237497914939073195664085268675358090041842598595996529514193225596191375981509041
escardo-abs-before	sqrt-control	2048	4	5	false	0.00003529699999999989	0.000036547	0	0	357747077380039018286635150210633015141468967690740691673463152612361462321951461417884076355773120923812155911516398972925595584295689432168396520664161808999143478064403537260318249862800693632101649190250961953874985161597557363546131645347267889429788486792891511878521968162692776582583781663428439138503893987415476866149119725933289162824210569174767135128911456708609416674006981404906532867060885485137268903295927140945391756821993354322618771503201246619761549784512117266998471617855001618604501365428128358125871222311757425237497914939073195664085268675358090041842598595996529514193225596191375981509041
escardo-abs-before	positive	32	5	100	false	0.000678513	0.000687452	0	0	174925300898
escardo-abs-after	positive	32	5	100	false	0.00021338200000000002	0.000214945	0	0	174925300898
escardo-abs-before	negative	32	5	100	false	0.000646366	0.000652735	0	0	227727883102
escardo-abs-after	negative	32	5	100	false	0.00015455700000000005	0.000161989	0	0	227727883102
escardo-abs-before	zero	32	5	100	false	0.0007056310000000002	0.000712491	0	0	0
escardo-abs-after	zero	32	5	100	false	0.0006073200000000002	0.000608598	0	0	0
escardo-abs-before	tiny-positive	32	5	100	false	0.000870347	0.00087721	0	0	0
escardo-abs-after	tiny-positive	32	5	100	false	0.000645206	0.000646555	0	0	0
escardo-abs-before	tiny-negative	32	5	100	false	0.0006400770000000002	0.000645586	0	0	0
escardo-abs-after	tiny-negative	32	5	100	false	0.000621618	0.000627397	0	0	0
escardo-abs-before	sqrt-control	32	5	100	false	0.00006778399999999999	0.000069275	0	0	943854221042
escardo-abs-after	sqrt-control	32	5	100	false	0.00009487199999999997	0.000096383	0	0	943854221042
escardo-abs-before	positive	128	5	100	false	0.001585579	0.001629989	0	0	13859010167487977280624791256097421220325
escardo-abs-after	positive	128	5	100	false	0.0006192279999999999	0.000671554	0	0	13859010167487977280624791256097421220340
escardo-abs-before	negative	128	5	100	false	0.001496146	0.001502977	0	0	18042461731350003669066578190630848603675
escardo-abs-after	negative	128	5	100	false	0.00042490499999999994	0.00043149	0	0	18042461731350003669066578190630848603660
escardo-abs-before	zero	128	5	100	false	0.0012261479999999998	0.001257734	0	0	0
escardo-abs-after	zero	128	5	100	false	0.0011579930000000002	0.00116486	0	0	0
escardo-abs-before	tiny-positive	128	5	100	false	0.0011146169999999998	0.001133802	0	0	0
escardo-abs-after	tiny-positive	128	5	100	false	0.00107082	0.001077147	0	0	0
escardo-abs-before	tiny-negative	128	5	100	false	0.001142025	0.001151261	0	0	0
escardo-abs-after	tiny-negative	128	5	100	false	0.0011292960000000001	0.00116109	0	0	0
escardo-abs-before	sqrt-control	128	5	100	false	0.00009404199999999991	0.000095344	0	0	74779835614381153105336514974921351599873
escardo-abs-after	sqrt-control	128	5	100	false	0.0001147399999999999	0.000116212	0	0	74779835614381153105336514974921351599873
escardo-abs-before	positive	512	5	30	false	0.001185371	0.001193218	0	0	168702502310508956420811229109972290913886493623821521469589503588446531127424241991853599456753692442206757269837117959276034171442132569188629214369497900
escardo-abs-after	positive	512	5	30	false	0.00034434099999999996	0.000345686	0	0	168702502310508956420811229109972290913886493623821521469589503588446531127424241991853599456753692442206757269837117959276034171442132569188629214369497900
escardo-abs-before	negative	512	5	30	false	0.0010593520000000002	0.001064957	0	0	208392095719126587004708223964567131421470670080339542278885662016228082218394266730699115179190466461575388741657802220985793782643864710554817163926617300
escardo-abs-after	negative	512	5	30	false	0.00034633100000000007	0.000352106	0	0	208392095719126587004708223964567131421470670080339542278885662016228082218394266730699115179190466461575388741657802220985793782643864710554817163926617300
escardo-abs-before	zero	512	5	30	false	0.0009043650000000001	0.000937116	0	0	0
escardo-abs-after	zero	512	5	30	false	0.0011456740000000002	0.001152171	0	0	0
escardo-abs-before	tiny-positive	512	5	30	false	0.00203712	0.00204765	0	0	3473762677119485862707129550260637235598099539969216921183727520237393889198080
escardo-abs-after	tiny-positive	512	5	30	false	0.001081031	0.001106254	0	0	3473762677119485862707129550260637235598099539969216921183727520237393889198080
escardo-abs-before	tiny-negative	512	5	30	false	0.00205285	0.002063279	0	0	3473762677119485862707129550260637235598099539969216921183727520237393889198080
escardo-abs-after	tiny-negative	512	5	30	false	0.0010207950000000001	0.00102588	0	0	3473762677119485862707129550260637235598099539969216921183727520237393889198080
escardo-abs-before	sqrt-control	512	5	30	false	0.00007772399999999994	0.000079354	0	0	894276393956333748838317567545301300688084723818329112191629209063119771360180845203246179602739117982091441428425052047135293748159625950711837704054998176
escardo-abs-after	sqrt-control	512	5	30	false	0.00007225400000000011	0.000073835	0	0	894276393956333748838317567545301300688084723818329112191629209063119771360180845203246179602739117982091441428425052047135293748159625950711837704054998176
escardo-abs-before	positive	2048	5	5	false	0.0008131519999999999	0.000818624	0	0	60595468485859826295719978345615097964151194358038359810616681171550557642376958592389073900453835044844682554565011433092496730494668049142259090785283098326110446588639794740581394757481879835694339263515347586459812100618906728274012098199777308239151296626732289006688244159057572050463791744643887790375129078443887159545845405762330055658544608327340548357100974878644034600921106432741303635106348409051440297866122085947094018198159789973478253523572271506362436436712800849117439361572579969091947392446011045091228811985229800191143491563450126045479724294376318850633116270813440862992188835110831627923983
escardo-abs-after	positive	2048	5	5	false	0.00023627999999999995	0.000237514	0	0	60595468485859826295719978345615097964151194358038359810616681171550557642376958592389073900453835044844682554565011433092496730494668049142259090785283098326110446588639794740581394757481879835694339263515347586459812100618906728274012098199777308239151296626732289006688244159057572050463791744643887790375129078443887159545845405762330055658544608327340548357100974878644034600921106432741303635106348409051440297866122085947094018198159789973478253523572271506362436436712800849117439361572579969091947392446011045091228811985229800191143491563450126045479724294376318850633116270813440862992188835110831627923983
escardo-abs-before	negative	2048	5	5	false	0.0008711180000000004	0.00087757	0	0	90890497473410520426381006132525301850430536906252971589994313019971263321066279969472807716059821816196182887256385533286188703023258143490966623526193228801846791070583624439497657197469614414912180916409969139837651424268373378734603969011829740841700168304687890881847267832541173927384110126249535891758844359320183195551115413549691363848593716838251586290138739149470150677399801289838033518944481825601420344564167870416648252828254175203414079038458762390014715210369168883969234552772410609672170775900817226479299300210174880925491782654000361464880910715466944921141814097647272331665104228691010229407217
escardo-abs-after	negative	2048	5	5	false	0.00023217000000000008	0.000233454	0	0	90890497473410520426381006132525301850430536906252971589994313019971263321066279969472807716059821816196182887256385533286188703023258143490966623526193228801846791070583624439497657197469614414912180916409969139837651424268373378734603969011829740841700168304687890881847267832541173927384110126249535891758844359320183195551115413549691363848593716838251586290138739149470150677399801289838033518944481825601420344564167870416648252828254175203414079038458762390014715210369168883969234552772410609672170775900817226479299300210174880925491782654000361464880910715466944921141814097647272331665104228691010229407217
escardo-abs-before	zero	2048	5	5	false	0.000770017	0.000776107	0	0	0
escardo-abs-after	zero	2048	5	5	false	0.000640617	0.000664314	0	0	0
escardo-abs-before	tiny-positive	2048	5	5	false	0.001746914	0.001751411	0	0	1395475558139261882039113369590325364529439676728301263079947597440148306393024973948505506839379297609247623966912840286845742029187886499923601994882148950439914026374467187033943580517274338176040720788749563343285030426130801309044207424313516288859898569619319100193648187604949474923383871926824673386449738811701565785617649612108693690811961168782538331698998376285012696783098735400883932483663399273915927916169391171351850329773076107215952977229493739650618394760964378145860462187740970672974434366248892564145597081639693844480
escardo-abs-after	tiny-positive	2048	5	5	false	0.000672164	0.000690903	0	0	1395475558139261882039113369590325364529439676728301263079947597440148306393024973948505506839379297609247623966912840286845742029187886499923601994882148950439914026374467187033943580517274338176040720788749563343285030426130801309044207424313516288859898569619319100193648187604949474923383871926824673386449738811701565785617649612108693690811961168782538331698998376285012696783098735400883932483663399273915927916169391171351850329773076107215952977229493739650618394760964378145860462187740970672974434366248892564145597081639693844480
escardo-abs-before	tiny-negative	2048	5	5	false	0.0016982990000000003	0.001722422	0	0	1395475558139261882039113369590325364529439676728301263079947597440148306393024973948505506839379297609247623966912840286845742029187886499923601994882148950439914026374467187033943580517274338176040720788749563343285030426130801309044207424313516288859898569619319100193648187604949474923383871926824673386449738811701565785617649612108693690811961168782538331698998376285012696783098735400883932483663399273915927916169391171351850329773076107215952977229493739650618394760964378145860462187740970672974434366248892564145597081639693844480
escardo-abs-after	tiny-negative	2048	5	5	false	0.0006516650000000001	0.000653035	0	0	1395475558139261882039113369590325364529439676728301263079947597440148306393024973948505506839379297609247623966912840286845742029187886499923601994882148950439914026374467187033943580517274338176040720788749563343285030426130801309044207424313516288859898569619319100193648187604949474923383871926824673386449738811701565785617649612108693690811961168782538331698998376285012696783098735400883932483663399273915927916169391171351850329773076107215952977229493739650618394760964378145860462187740970672974434366248892564145597081639693844480
escardo-abs-before	sqrt-control	2048	5	5	false	0.00003269700000000015	0.000033937	0	0	343220914633523028658917266167999686505101005930566386288176821246361208782104337812375887304071274057194502258052777296214466704152530124307255567460580095188935129190606065404173700477105480742866627459549141290712696256632810753660758186485383148678923795668624259284827609821772583389281987193936671477931900560331916758239117552349617579571219931417219524303228914879912407984523011675423355109085094602029569742069873935362832523451962174936209789494316134015887602418424832806892797005555471998881303840289905014960281569695692247851895529650269992214340938773588348907325321730334988778154699144286637643926547
escardo-abs-after	sqrt-control	2048	5	5	false	0.00003795700000000014	0.000039437	0	0	343220914633523028658917266167999686505101005930566386288176821246361208782104337812375887304071274057194502258052777296214466704152530124307255567460580095188935129190606065404173700477105480742866627459549141290712696256632810753660758186485383148678923795668624259284827609821772583389281987193936671477931900560331916758239117552349617579571219931417219524303228914879912407984523011675423355109085094602029569742069873935362832523451962174936209789494316134015887602418424832806892797005555471998881303840289905014960281569695692247851895529650269992214340938773588348907325321730334988778154699144286637643926547
escardo-abs-after	positive	32	6	100	false	0.00019364399999999998	0.000195216	0	0	172533158619
escardo-abs-before	positive	32	6	100	false	0.0005389850000000001	0.000544773	0	0	172533158619
escardo-abs-after	negative	32	6	100	false	0.00016539599999999995	0.000166719	0	0	230120025381
escardo-abs-before	negative	32	6	100	false	0.0005414549999999999	0.000546882	0	0	230120025381
escardo-abs-after	zero	32	6	100	false	0.000564623	0.000577351	0	0	0
escardo-abs-before	zero	32	6	100	false	0.0005574530000000001	0.000574941	0	0	0
escardo-abs-after	tiny-positive	32	6	100	false	0.0005843810000000001	0.0005905	0	0	0
escardo-abs-before	tiny-positive	32	6	100	false	0.001078341	0.001085686	0	0	0
escardo-abs-after	tiny-negative	32	6	100	false	0.0006823930000000001	0.000686193	0	0	0
escardo-abs-before	tiny-negative	32	6	100	false	0.001038294	0.001074336	0	0	0
escardo-abs-after	sqrt-control	32	6	100	false	0.00008404300000000001	0.000085834	0	0	938564806688
escardo-abs-before	sqrt-control	32	6	100	false	0.000046526000000000076	0.000047857	0	0	938564806688
escardo-abs-after	positive	128	6	100	false	0.00034642099999999997	0.000352505	0	0	13669485130213745788051126414635724484038
escardo-abs-before	positive	128	6	100	false	0.000983098	0.000989153	0	0	13669485130213745788051126414635724484023
escardo-abs-after	negative	128	6	100	false	0.00033591199999999984	0.000337167	0	0	18231986768624235161640243032092545339962
escardo-abs-before	negative	128	6	100	false	0.0010649919999999998	0.001090145	0	0	18231986768624235161640243032092545339977
escardo-abs-after	zero	128	6	100	false	0.0011424640000000002	0.00116347	0	0	0
escardo-abs-before	zero	128	6	100	false	0.001071231	0.001091435	0	0	0
escardo-abs-after	tiny-positive	128	6	100	false	0.001249596	0.001274693	0	0	0
escardo-abs-before	tiny-positive	128	6	100	false	0.0011182159999999998	0.001125753	0	0	0
escardo-abs-after	tiny-negative	128	6	100	false	0.0011585440000000003	0.00116437	0	0	0
escardo-abs-before	tiny-negative	128	6	100	false	0.0018601150000000003	0.001885471	0	0	0
escardo-abs-after	sqrt-control	128	6	100	false	0.00020356200000000001	0.000214346	0	0	74360765034303927116351322657137899926378
escardo-abs-before	sqrt-control	128	6	100	false	0.00008595299999999994	0.000087204	0	0	74360765034303927116351322657137899926378
escardo-abs-after	positive	512	6	30	false	0.0003394210000000001	0.000347007	0	0	161234835617457792511874264487794391559961257891172795965535247045180899694721500996592744982984681449674220879567803198061345787475057407293024966656963019
escardo-abs-before	positive	512	6	30	false	0.0011029590000000001	0.001109004	0	0	161234835617457792511874264487794391559961257891172795965535247045180899694721500996592744982984681449674220879567803198061345787475057407293024966656963019
escardo-abs-after	negative	512	6	30	false	0.00034210100000000004	0.000343386	0	0	215859762412177750913645188586745030775395905812988267782939918559493713651097007725959969652959477454107925131927116982200482166610939872450421411639152181
escardo-abs-before	negative	512	6	30	false	0.001429231	0.001443192	0	0	215859762412177750913645188586745030775395905812988267782939918559493713651097007725959969652959477454107925131927116982200482166610939872450421411639152181
escardo-abs-after	zero	512	6	30	false	0.0008950049999999999	0.000916118	0	0	0
escardo-abs-before	zero	512	6	30	false	0.000898065	0.000903568	0	0	0
escardo-abs-after	tiny-positive	512	6	30	false	0.0009189830000000002	0.000936696	0	0	3473762677119485862707129550260637235598099539969216921183727520237393889198080
escardo-abs-before	tiny-positive	512	6	30	false	0.001861614	0.001871722	0	0	3473762677119485862707129550260637235598099539969216921183727520237393889198080
escardo-abs-after	tiny-negative	512	6	30	false	0.0009219830000000004	0.000927527	0	0	3473762677119485862707129550260637235598099539969216921183727520237393889198080
escardo-abs-before	tiny-negative	512	6	30	false	0.0018958420000000002	0.001905869	0	0	3473762677119485862707129550260637235598099539969216921183727520237393889198080
escardo-abs-after	sqrt-control	512	6	30	false	0.0000531450000000001	0.000058906	0	0	877764172363404261629512607583833346049287203434847014763735609652408102904293200493837219396367140098477003402453548711937439113602870778247490141326872233
escardo-abs-before	sqrt-control	512	6	30	false	0.000050555999999999995	0.000051826	0	0	877764172363404261629512607583833346049287203434847014763735609652408102904293200493837219396367140098477003402453548711937439113602870778247490141326872233
escardo-abs-after	positive	2048	6	5	false	0.00023404999999999997	0.000239873	0	0	54060542581558407365525909111048092422097380074470142960675433981420817762773738948293943091577326087858180216312642522742072357755764421596273828287512982704790335475753801007312401264787597395180099986999548886894589819302272084730869095655554235597496814689291025658212825781714427276775827768698194119269073204410069715619300914709711221662652380798574865640437101698990247191761307789626985616567336522448531655843334424863071062361949478485876427525861166106248792121202971788119226100062479866584879016243702803103648437305396526043881704704436434817178990929286292167234721150047732845753216521702782764977323
escardo-abs-before	positive	2048	6	5	false	0.0008104630000000002	0.000816815	0	0	54060542581558407365525909111048092422097380074470142960675433981420817762773738948293943091577326087858180216312642522742072357755764421596273828287512982704790335475753801007312401264787597395180099986999548886894589819302272084730869095655554235597496814689291025658212825781714427276775827768698194119269073204410069715619300914709711221662652380798574865640437101698990247191761307789626985616567336522448531655843334424863071062361949478485876427525861166106248792121202971788119226100062479866584879016243702803103648437305396526043881704704436434817178990929286292167234721150047732845753216521702782764977323
escardo-abs-after	negative	2048	6	5	false	0.0002882360000000001	0.00028969	0	0	97425423377711939356575075367092307392484351189821188439935560210101003200669499613567938524936330773182685225508754443636613075762161771036951886023963344423166902183469618172766650690163896855426420192925767839402873705585008022277746971556052813483354650242129154230322686209884318701072074102195229562864900233354000639477659904602310197844485944367017269006802612329123938086559599932952351537483493712204328986586955531500671208664464486691015905036169867790128359525878997944967447814282510712179239152103125468466879674890008155072753569513014052693181644080556971604540209218412980348904076542099059092353877
escardo-abs-before	negative	2048	6	5	false	0.0008064230000000001	0.000812214	0	0	97425423377711939356575075367092307392484351189821188439935560210101003200669499613567938524936330773182685225508754443636613075762161771036951886023963344423166902183469618172766650690163896855426420192925767839402873705585008022277746971556052813483354650242129154230322686209884318701072074102195229562864900233354000639477659904602310197844485944367017269006802612329123938086559599932952351537483493712204328986586955531500671208664464486691015905036169867790128359525878997944967447814282510712179239152103125468466879674890008155072753569513014052693181644080556971604540209218412980348904076542099059092353877
escardo-abs-after	zero	2048	6	5	false	0.0006712840000000001	0.000676454	0	0	0
escardo-abs-before	zero	2048	6	5	false	0.0006420569999999999	0.000647746	0	0	0
escardo-abs-after	tiny-positive	2048	6	5	false	0.0006870230000000001	0.000692902	0	0	1395475558139261882039113369590325364529439676728301263079947597440148306393024973948505506839379297609247623966912840286845742029187886499923601994882148950439914026374467187033943580517274338176040720788749563343285030426130801309044207424313516288859898569619319100193648187604949474923383871926824673386449738811701565785617649612108693690811961168782538331698998376285012696783098735400883932483663399273915927916169391171351850329773076107215952977229493739650618394760964378145860462187740970672974434366248892564145597081639693844480
escardo-abs-before	tiny-positive	2048	6	5	false	0.0016711910000000003	0.001676626	0	0	1395475558139261882039113369590325364529439676728301263079947597440148306393024973948505506839379297609247623966912840286845742029187886499923601994882148950439914026374467187033943580517274338176040720788749563343285030426130801309044207424313516288859898569619319100193648187604949474923383871926824673386449738811701565785617649612108693690811961168782538331698998376285012696783098735400883932483663399273915927916169391171351850329773076107215952977229493739650618394760964378145860462187740970672974434366248892564145597081639693844480
escardo-abs-after	tiny-negative	2048	6	5	false	0.0006455569999999999	0.000668295	0	0	1395475558139261882039113369590325364529439676728301263079947597440148306393024973948505506839379297609247623966912840286845742029187886499923601994882148950439914026374467187033943580517274338176040720788749563343285030426130801309044207424313516288859898569619319100193648187604949474923383871926824673386449738811701565785617649612108693690811961168782538331698998376285012696783098735400883932483663399273915927916169391171351850329773076107215952977229493739650618394760964378145860462187740970672974434366248892564145597081639693844480
escardo-abs-before	tiny-negative	2048	6	5	false	0.0016769800000000002	0.001707313	0	0	1395475558139261882039113369590325364529439676728301263079947597440148306393024973948505506839379297609247623966912840286845742029187886499923601994882148950439914026374467187033943580517274338176040720788749563343285030426130801309044207424313516288859898569619319100193648187604949474923383871926824673386449738811701565785617649612108693690811961168782538331698998376285012696783098735400883932483663399273915927916169391171351850329773076107215952977229493739650618394760964378145860462187740970672974434366248892564145597081639693844480
escardo-abs-after	sqrt-control	2048	6	5	false	0.00002038800000000009	0.000021629	0	0	329981175855394425584905726108801115339520144028336748320433603021522013317839133817093250637091853751862363181580953191256377961230723001781853204910363112311940766394233707966334298415227662055243665021927552401780700858996529422594972715928425285772572077873155817927748152375062065401312545637846262055882336038310091556560567151716589861302812961009791929565119077252339809576773031114595124296081858686694657664558578333131835669253941002197450035587624144170506129438640118452946906420515575495684925982627968120911928766903542523769867403332369213162978576145531580676664376229918677987427591805090949493366541
escardo-abs-before	sqrt-control	2048	6	5	false	0.000025778000000000172	0.000027329	0	0	329981175855394425584905726108801115339520144028336748320433603021522013317839133817093250637091853751862363181580953191256377961230723001781853204910363112311940766394233707966334298415227662055243665021927552401780700858996529422594972715928425285772572077873155817927748152375062065401312545637846262055882336038310091556560567151716589861302812961009791929565119077252339809576773031114595124296081858686694657664558578333131835669253941002197450035587624144170506129438640118452946906420515575495684925982627968120911928766903542523769867403332369213162978576145531580676664376229918677987427591805090949493366541
escardo-abs-before	positive	32	1	7	true	0.000046606000000000035	0.000047866	532	17808	12088427242
escardo-abs-after	positive	32	1	7	true	0.000014449000000000146	0.000015699	137	9024	12088427242
escardo-abs-before	negative	32	1	7	true	0.000047835999999999886	0.000053486	530	18432	16097295638
escardo-abs-after	negative	32	1	7	true	0.00001482899999999984	0.000015969	144	9752	16097295638
escardo-abs-before	zero	32	1	7	true	0.000045396000000000065	0.000046646	316	17390	0
escardo-abs-after	zero	32	1	7	true	0.00005368500000000015	0.000055217	298	16822	0
escardo-abs-before	tiny-positive	32	1	7	true	0.000060555000000000114	0.000062046	400	22374	0
escardo-abs-after	tiny-positive	32	1	7	true	0.0000765239999999999	0.000078064	382	21806	0
escardo-abs-before	tiny-negative	32	1	7	true	0.0000821140000000001	0.000083684	435	26126	0
escardo-abs-after	tiny-negative	32	1	7	true	0.00008089300000000007	0.000082425	417	25558	0
escardo-abs-before	sqrt-control	32	1	7	true	0.000018587999999999938	0.000020069	82	6336	65738771692
escardo-abs-after	sqrt-control	32	1	7	true	0.00001922800000000004	0.000020709	82	6336	65738771692
escardo-abs-before	positive	128	1	7	true	0.00012050999999999989	0.000129521	1060	45088	957743878075117068980196044680242782280
escardo-abs-after	positive	128	1	7	true	0.000045885999999999974	0.000047357	425	17576	957743878075117068980196044680242782281
escardo-abs-before	negative	128	1	7	true	0.00011775999999999996	0.000119422	1050	45416	1275359154843541597498199816590736105400
escardo-abs-after	negative	128	1	7	true	0.00004610599999999997	0.000047606	425	18192	1275359154843541597498199816590736105399
escardo-abs-before	zero	128	1	7	true	0.00013029900000000017	0.000131841	1114	41334	0
escardo-abs-after	zero	128	1	7	true	0.00013026900000000013	0.000131821	1088	40062	0
escardo-abs-before	tiny-positive	128	1	7	true	0.000137278	0.000139021	1191	46598	0
escardo-abs-after	tiny-positive	128	1	7	true	0.00013693800000000008	0.000138631	1165	45326	0
escardo-abs-before	tiny-negative	128	1	7	true	0.000141918	0.00014362	1226	50574	0
escardo-abs-after	tiny-negative	128	1	7	true	0.00013597899999999983	0.000137631	1200	49302	0
escardo-abs-before	sqrt-control	128	1	7	true	0.000023527999999999874	0.000024999	164	8600	5208362087092564289077222858733724970344
escardo-abs-after	sqrt-control	128	1	7	true	0.00002614700000000002	0.000027788	164	8600	5208362087092564289077222858733724970344
escardo-abs-before	positive	512	1	7	true	0.00036941999999999986	0.000405172	2867	301160	37737030218474641355971189159614690042600463996136378566520511089704482424161095781063538202817917720617031824477149394077127407224064595376460630623818823
escardo-abs-after	positive	512	1	7	true	0.00012565899999999997	0.000127252	1017	75488	37737030218474641355971189159614690042600463996136378566520511089704482424161095781063538202817917720617031824477149394077127407224064595376460630623818823
escardo-abs-before	negative	512	1	7	true	0.0003615300000000001	0.000363185	2867	301936	50251709321773652109983349891111175168982874201501202974790360884719594023196556254198761878902386023598802244871665314650632448729334769897010190978608057
escardo-abs-after	negative	512	1	7	true	0.00012605899999999998	0.000127632	1017	75768	50251709321773652109983349891111175168982874201501202974790360884719594023196556254198761878902386023598802244871665314650632448729334769897010190978608057
escardo-abs-before	zero	512	1	7	true	0.00035260100000000013	0.000354346	3007	197150	0
escardo-abs-after	zero	512	1	7	true	0.00034765100000000004	0.000349317	2981	194878	0
escardo-abs-before	tiny-positive	512	1	7	true	0.0007120009999999999	0.00072789	5857	480806	810544624661213367964996895060815354972889892659483948276203088055391907479552
escardo-abs-after	tiny-positive	512	1	7	true	0.00036996900000000016	0.000376514	3080	202366	810544624661213367964996895060815354972889892659483948276203088055391907479552
escardo-abs-before	tiny-negative	512	1	7	true	0.0007157199999999998	0.000741919	5878	483998	810544624661213367964996895060815354972889892659483948276203088055391907479552
escardo-abs-after	tiny-negative	512	1	7	true	0.0003638599999999999	0.000370044	3108	206062	810544624661213367964996895060815354972889892659483948276203088055391907479552
escardo-abs-before	sqrt-control	512	1	7	true	0.000042986000000000066	0.000044537	272	16856	205219915228687300317129362212480097622194988242664758895245237410526047270856088886266121256480653925108851214692117504048257302543355728586216921720916109
escardo-abs-after	sqrt-control	512	1	7	true	0.00003547700000000012	0.000036987	272	16856	205219915228687300317129362212480097622194988242664758895245237410526047270856088886266121256480653925108851214692117504048257302543355728586216921720916109
escardo-abs-before	positive	2048	1	7	true	0.0017264060000000002	0.001759819	8403	3124032	90958032890683957453638628761807196362002040789372878784046555994741379175998182527921866168840079090440385586642393212320145961971596176230655225380882967726675905486781418702662445574706575866601365425911264866552820186990755747773246171608575948863087223544295336739450857921293670048199136295348965069251954563279038528522015703363209459892170373735967401247123481149358379904448780085159624455098554979534297077965440029470137704081799222685018628135864451793030952180141178413054352817118144934704774080125583961053623736929922738351140060662571176985094094326193014182790035567324354910364936822262608389979160
escardo-abs-after	positive	2048	1	7	true	0.0004983090000000002	0.000511765	2912	690768	90958032890683957453638628761807196362002040789372878784046555994741379175998182527921866168840079090440385586642393212320145961971596176230655225380882967726675905486781418702662445574706575866601365425911264866552820186990755747773246171608575948863087223544295336739450857921293670048199136295348965069251954563279038528522015703363209459892170373735967401247123481149358379904448780085159624455098554979534297077965440029470137704081799222685018628135864451793030952180141178413054352817118144934704774080125583961053623736929922738351140060662571176985094094326193014182790035567324354910364936822262608389979160
escardo-abs-before	negative	2048	1	7	true	0.001704469	0.001715953	8408	3123824	121122319452294527957302749507589363378412382980634985176808835873389170172822351458684768094279040515016826031907562540610013644953500493455860774655183890252464227236131368149448227162225516084247762825984178550263628747851436402038816322487673919850104827359692915104498858866944574320787926323901828085735608249590659968613729443673620527417823281495861587259012118490001479485200490726451447560572607348979707821436965909439101475355180328562630637450978995661897060125773579213266990662964841875564991355559975619145115620143643815212149323241859505529410794687587555097694866948520643562155273467059970210284520
escardo-abs-after	negative	2048	1	7	true	0.0003309929999999999	0.000332208	2912	689704	121122319452294527957302749507589363378412382980634985176808835873389170172822351458684768094279040515016826031907562540610013644953500493455860774655183890252464227236131368149448227162225516084247762825984178550263628747851436402038816322487673919850104827359692915104498858866944574320787926323901828085735608249590659968613729443673620527417823281495861587259012118490001479485200490726451447560572607348979707821436965909439101475355180328562630637450978995661897060125773579213266990662964841875564991355559975619145115620143643815212149323241859505529410794687587555097694866948520643562155273467059970210284520
escardo-abs-before	zero	2048	1	7	true	0.0009256730000000003	0.000931296	8937	1796430	0
escardo-abs-after	zero	2048	1	7	true	0.0009169130000000003	0.000923076	8918	1790854	0
escardo-abs-before	tiny-positive	2048	1	7	true	0.0024153479999999995	0.002441163	19011	6107142	1953665781394966634854758717426455510341215547419621768311926636416207628950234963527907709575131016652946673553677976401584038840863041099893042792835008530615879636924254061847521012724184073446457009104249388680599042596583121832661890394038922804403857997467046740271107462646929264892737420697554542741029634336382192099864709456952171167136745636295553664378597726799017775496338229561237505477128758983482299082637147639892590461682306550102334168121291235510865752665350129404204647062837358942164208112748449589803835914295571382272
escardo-abs-after	tiny-positive	2048	1	7	true	0.0009482399999999999	0.000954865	9017	1809286	1953665781394966634854758717426455510341215547419621768311926636416207628950234963527907709575131016652946673553677976401584038840863041099893042792835008530615879636924254061847521012724184073446457009104249388680599042596583121832661890394038922804403857997467046740271107462646929264892737420697554542741029634336382192099864709456952171167136745636295553664378597726799017775496338229561237505477128758983482299082637147639892590461682306550102334168121291235510865752665350129404204647062837358942164208112748449589803835914295571382272
escardo-abs-before	tiny-negative	2048	1	7	true	0.0024317770000000004	0.002454632	19032	6106302	1953665781394966634854758717426455510341215547419621768311926636416207628950234963527907709575131016652946673553677976401584038840863041099893042792835008530615879636924254061847521012724184073446457009104249388680599042596583121832661890394038922804403857997467046740271107462646929264892737420697554542741029634336382192099864709456952171167136745636295553664378597726799017775496338229561237505477128758983482299082637147639892590461682306550102334168121291235510865752665350129404204647062837358942164208112748449589803835914295571382272
escardo-abs-after	tiny-negative	2048	1	7	true	0.0009561099999999998	0.000962044	9045	1811638	1953665781394966634854758717426455510341215547419621768311926636416207628950234963527907709575131016652946673553677976401584038840863041099893042792835008530615879636924254061847521012724184073446457009104249388680599042596583121832661890394038922804403857997467046740271107462646929264892737420697554542741029634336382192099864709456952171167136745636295553664378597726799017775496338229561237505477128758983482299082637147639892590461682306550102334168121291235510865752665350129404204647062837358942164208112748449589803835914295571382272
escardo-abs-before	sqrt-control	2048	1	7	true	0.00004716599999999996	0.000048457	386	45800	494644111927385861374040599155898919132690649895559463059237227951180108825565980976500007330165083594306682344487150061111908997252120296485796657590111246932659974719422449029487801547364258278036043467741717986064215329415637298010335989833205748579378378526385367348931721797513675275205512953455725711217936724091110868141909512063072742261431424372379038314704166145083226910383795534873861368788590835950067495409117827142026661676608586151757046485989428387705179492993383026163688442844330263211493397072998360069550792221131279835242848023065403825995233591980855411539958656728959562713313938304339213188912
escardo-abs-after	sqrt-control	2048	1	7	true	0.000054206	0.000055766	386	45800	494644111927385861374040599155898919132690649895559463059237227951180108825565980976500007330165083594306682344487150061111908997252120296485796657590111246932659974719422449029487801547364258278036043467741717986064215329415637298010335989833205748579378378526385367348931721797513675275205512953455725711217936724091110868141909512063072742261431424372379038314704166145083226910383795534873861368788590835950067495409117827142026661676608586151757046485989428387705179492993383026163688442844330263211493397072998360069550792221131279835242848023065403825995233591980855411539958656728959562713313938304339213188912
