mexp	-1	1	4	5	16
mexp	-1	1	8	39	128
mexp	-1	1	16	19875	65536
mexp	-1	1	32	651257337	2147483648
mexp	-1	1	64	2797128963144291325	9223372036854775808
mexp	-15	16	4	5	16
mexp	-15	16	8	5	16
mexp	-15	16	16	10253	32768
mexp	-15	16	32	20997827	67108864
mexp	-15	16	64	5771838735297846201	18446744073709551616
mexp	-3	4	4	3	8
mexp	-3	4	8	11	32
mexp	-3	4	16	22521	65536
mexp	-3	4	32	184492811	536870912
mexp	-3	4	64	3169562357615369557	9223372036854775808
mexp	-1	2	4	7	16
mexp	-1	2	8	107	256
mexp	-1	2	16	6833	16384
mexp	-1	2	32	447804343	1073741824
mexp	-1	2	64	7693220032859754065	18446744073709551616
mexp	-1	16	4	1	2
mexp	-1	16	8	125	256
mexp	-1	16	16	8003	16384
mexp	-1	16	32	32780161	67108864
mexp	-1	16	64	2252635510814564781	4611686018427387904
mexp	0	1	4	1	2
mexp	0	1	8	1	2
mexp	0	1	16	1	2
mexp	0	1	32	1	2
mexp	0	1	64	1	2
mexp	1	16	4	1	2
mexp	1	16	8	131	256
mexp	1	16	16	8387	16384
mexp	1	16	32	34353281	67108864
mexp	1	16	64	147546218432238125	288230376151711744
mexp	1	2	4	5	8
mexp	1	2	8	155	256
mexp	1	2	16	9937	16384
mexp	1	2	32	651234605	1073741824
mexp	1	2	64	5594062660543448743	9223372036854775808
mexp	3	4	4	3	4
mexp	3	4	8	93	128
mexp	3	4	16	47677	65536
mexp	3	4	32	3124570271	4294967296
mexp	3	4	64	6709963563726645641	9223372036854775808
mexp	15	16	4	13	16
mexp	15	16	8	51	64
mexp	15	16	16	52363	65536
mexp	15	16	32	1715834549	2147483648
mexp	15	16	64	3684726637023959079	4611686018427387904
mexp	1	1	4	13	16
mexp	1	1	8	211	256
mexp	1	1	16	54025	65536
mexp	1	1	32	3540601969	4294967296
mexp	1	1	64	3801692416185808787	4611686018427387904
msin	-1	1	4	-1	4
msin	-1	1	8	-61	256
msin	-1	1	16	-7855	32768
msin	-1	1	32	-1029558505	4294967296
msin	-1	1	64	-4421920106516045777	18446744073709551616
msin	-15	16	4	-1	4
msin	-15	16	8	-29	128
msin	-15	16	16	-3701	16384
msin	-15	16	32	-485085109	2147483648
msin	-15	16	64	-1041712339250648939	4611686018427387904
msin	-3	4	4	-3	16
msin	-3	4	8	-47	256
msin	-3	4	16	-6001	32768
msin	-3	4	32	-786564267	4294967296
msin	-3	4	64	-3378267801672215625	18446744073709551616
msin	-1	2	4	-1	8
msin	-1	2	8	-1	8
msin	-1	2	16	-8107	65536
msin	-1	2	32	-531295957	4294967296
msin	-1	2	64	-2281898759565515893	18446744073709551616
msin	-1	16	4	0	1
msin	-1	16	8	-1	64
msin	-1	16	16	-1	64
msin	-1	16	32	-33548971	2147483648
msin	-1	16	64	-288183465946189265	18446744073709551616
msin	0	1	4	0	1
msin	0	1	8	0	1
msin	0	1	16	0	1
msin	0	1	32	0	1
msin	0	1	64	0	1
msin	1	16	4	0	1
msin	1	16	8	1	64
msin	1	16	16	1	64
msin	1	16	32	33548971	2147483648
msin	1	16	64	144091732973094633	9223372036854775808
msin	1	2	4	1	8
msin	1	2	8	1	8
msin	1	2	16	8107	65536
msin	1	2	32	531295957	4294967296
msin	1	2	64	1140949379797662557	9223372036854775808
msin	3	4	4	3	16
msin	3	4	8	47	256
msin	3	4	16	12087	65536
msin	3	4	32	792117485	4294967296
msin	3	4	64	3402118693090968747	18446744073709551616
msin	15	16	4	1	4
msin	15	16	8	29	128
msin	15	16	16	14809	65536
msin	15	16	32	485258777	2147483648
msin	15	16	64	2084170578501223383	9223372036854775808
msin	1	1	4	1	4
msin	1	1	8	61	256
msin	1	1	16	7855	32768
msin	1	1	32	1029558505	4294967296
msin	1	1	64	4421920106516045777	18446744073709551616
mcos	-1	1	4	7	16
mcos	-1	1	8	7	16
mcos	-1	1	16	28757	65536
mcos	-1	1	32	942297101	2147483648
mcos	-1	1	64	8094270461371039351	18446744073709551616
mcos	-15	16	4	7	16
mcos	-15	16	8	57	128
mcos	-15	16	16	29265	65536
mcos	-15	16	32	958958825	2147483648
mcos	-15	16	64	4118696790642777369	9223372036854775808
mcos	-3	4	4	1	2
mcos	-3	4	8	121	256
mcos	-3	4	16	31013	65536
mcos	-3	4	32	1016224651	2147483648
mcos	-3	4	64	8729303284716152109	18446744073709551616
mcos	-1	2	4	1	2
mcos	-1	2	8	125	256
mcos	-1	2	16	8001	16384
mcos	-1	2	32	1048706799	2147483648
mcos	-1	2	64	9008322811639096415	18446744073709551616
mcos	-1	16	4	1	2
mcos	-1	16	8	1	2
mcos	-1	16	16	8189	16384
mcos	-1	16	32	33542145	67108864
mcos	-1	16	64	2304998653000801797	4611686018427387904
mcos	0	1	4	1	2
mcos	0	1	8	1	2
mcos	0	1	16	1	2
mcos	0	1	32	1	2
mcos	0	1	64	1	2
mcos	1	16	4	1	2
mcos	1	16	8	1	2
mcos	1	16	16	8189	16384
mcos	1	16	32	33542145	67108864
mcos	1	16	64	2304998653000801797	4611686018427387904
mcos	1	2	4	1	2
mcos	1	2	8	125	256
mcos	1	2	16	8001	16384
mcos	1	2	32	1048706799	2147483648
mcos	1	2	64	9008322811639096415	18446744073709551616
mcos	3	4	4	1	2
mcos	3	4	8	121	256
mcos	3	4	16	31013	65536
mcos	3	4	32	1016224651	2147483648
mcos	3	4	64	8729303284716152109	18446744073709551616
mcos	15	16	4	7	16
mcos	15	16	8	57	128
mcos	15	16	16	29265	65536
mcos	15	16	32	958958825	2147483648
mcos	15	16	64	4118696790642777369	9223372036854775808
mcos	1	1	4	7	16
mcos	1	1	8	7	16
mcos	1	1	16	28757	65536
mcos	1	1	32	942297101	2147483648
mcos	1	1	64	8094270461371039351	18446744073709551616
marctan	-1	1	4	-1	4
marctan	-1	1	8	-59	256
marctan	-1	1	16	-15193	65536
marctan	-1	1	32	-995675659	4294967296
marctan	-1	1	64	-4276394391812611793	18446744073709551616
marctan	-15	16	4	-1	4
marctan	-15	16	8	-7	32
marctan	-15	16	16	-14363	65536
marctan	-15	16	32	-941320593	4294967296
marctan	-15	16	64	-4042941162721827783	18446744073709551616
marctan	-3	4	4	-3	16
marctan	-3	4	8	-23	128
marctan	-3	4	16	-2939	16384
marctan	-3	4	32	-770454143	4294967296
marctan	-3	4	64	-3309075348965634009	18446744073709551616
marctan	-1	2	4	-1	8
marctan	-1	2	8	-31	256
marctan	-1	2	16	-2007	16384
marctan	-1	2	32	-526087673	4294967296
marctan	-1	2	64	-2259529351110384995	18446744073709551616
marctan	-1	16	4	0	1
marctan	-1	16	8	-1	64
marctan	-1	16	16	-1	64
marctan	-1	16	32	-8385879	536870912
marctan	-1	16	64	-288136606096737429	18446744073709551616
marctan	0	1	4	0	1
marctan	0	1	8	0	1
marctan	0	1	16	0	1
marctan	0	1	32	0	1
marctan	0	1	64	0	1
marctan	1	16	4	0	1
marctan	1	16	8	1	64
marctan	1	16	16	1	64
marctan	1	16	32	8385879	536870912
marctan	1	16	64	288136606096737429	18446744073709551616
marctan	1	2	4	1	8
marctan	1	2	8	31	256
marctan	1	2	16	2007	16384
marctan	1	2	32	526087673	4294967296
marctan	1	2	64	2259529351110384995	18446744073709551616
marctan	3	4	4	3	16
marctan	3	4	8	23	128
marctan	3	4	16	5957	32768
marctan	3	4	32	390391421	2147483648
marctan	3	4	64	52397449588290539	288230376151711744
marctan	15	16	4	1	4
marctan	15	16	8	7	32
marctan	15	16	16	14373	65536
marctan	15	16	32	470973929	2147483648
marctan	15	16	64	4045635242845668013	18446744073709551616
marctan	1	1	4	1	4
marctan	1	1	8	59	256
marctan	1	1	16	15193	65536
marctan	1	1	32	995675659	4294967296
marctan	1	1	64	4276394391812611793	18446744073709551616
marcsin	-1	1	4	-1	4
marcsin	-1	1	8	-67	256
marcsin	-1	1	16	-17157	65536
marcsin	-1	1	32	-1124419809	4294967296
marcsin	-1	1	64	-2414673152692374281	9223372036854775808
marcsin	-15	16	4	-1	4
marcsin	-15	16	8	-31	128
marcsin	-15	16	16	-15987	65536
marcsin	-15	16	32	-523851951	2147483648
marcsin	-15	16	64	-70310218645305247	288230376151711744
marcsin	-3	4	4	-3	16
marcsin	-3	4	8	-49	256
marcsin	-3	4	16	-3149	16384
marcsin	-3	4	32	-206371447	1073741824
marcsin	-3	4	64	-1772717230470124293	9223372036854775808
marcsin	-1	2	4	-1	8
marcsin	-1	2	8	-1	8
marcsin	-1	2	16	-1035	8192
marcsin	-1	2	32	-135656679	1073741824
marcsin	-1	2	64	-2330563999542778429	18446744073709551616
marcsin	-1	16	4	0	1
marcsin	-1	16	8	-1	64
marcsin	-1	16	16	-1	64
marcsin	-1	16	32	-4194987	268435456
marcsin	-1	16	64	-288277309275664903	18446744073709551616
marcsin	0	1	4	0	1
marcsin	0	1	8	0	1
marcsin	0	1	16	0	1
marcsin	0	1	32	0	1
marcsin	0	1	64	0	1
marcsin	1	16	4	0	1
marcsin	1	16	8	1	64
marcsin	1	16	16	1	64
marcsin	1	16	32	4194987	268435456
marcsin	1	16	64	288277309275664903	18446744073709551616
marcsin	1	2	4	1	8
marcsin	1	2	8	1	8
marcsin	1	2	16	1035	8192
marcsin	1	2	32	135656679	1073741824
marcsin	1	2	64	1165281999771386079	9223372036854775808
marcsin	3	4	4	3	16
marcsin	3	4	8	49	256
marcsin	3	4	16	12505	65536
marcsin	3	4	32	819506699	4294967296
marcsin	3	4	64	1759877235566365603	9223372036854775808
marcsin	15	16	4	1	4
marcsin	15	16	8	31	128
marcsin	15	16	16	15981	65536
marcsin	15	16	32	523657171	2147483648
marcsin	15	16	64	140568151516898453	576460752303423488
marcsin	1	1	4	1	4
marcsin	1	1	8	67	256
marcsin	1	1	16	17157	65536
marcsin	1	1	32	1124419809	4294967296
marcsin	1	1	64	2414673152692374281	9223372036854775808
mlni	-1	1	4	11	16
mlni	-1	1	8	177	256
mlni	-1	1	16	22713	32768
mlni	-1	1	32	372130559	536870912
mlni	-1	1	64	3196577161300663915	4611686018427387904
mlni	-15	16	4	11	16
mlni	-15	16	8	173	256
mlni	-15	16	16	5527	8192
mlni	-15	16	32	2897774617	4294967296
mlni	-15	16	64	12445847212788750331	18446744073709551616
mlni	-3	4	4	5	8
mlni	-3	4	8	5	8
mlni	-3	4	16	20535	32768
mlni	-3	4	32	1345766811	2147483648
mlni	-3	4	64	11560048883214338159	18446744073709551616
mlni	-1	2	4	9	16
mlni	-1	2	8	71	128
mlni	-1	2	16	4559	8192
mlni	-1	2	32	2390248551	4294967296
mlni	-1	2	64	10266039356882251473	18446744073709551616
mlni	-1	16	4	1	2
mlni	-1	16	8	65	128
mlni	-1	16	16	4145	8192
mlni	-1	16	32	543296591	1073741824
mlni	-1	16	64	291680136218856661	576460752303423488
mlni	0	1	4	1	2
mlni	0	1	8	1	2
mlni	0	1	16	1	2
mlni	0	1	32	1	2
mlni	0	1	64	1	2
mlni	1	16	4	1	2
mlni	1	16	8	63	128
mlni	1	16	16	4049	8192
mlni	1	16	32	2122830123	4294967296
mlni	1	16	64	9117485955003515111	18446744073709551616
mlni	1	2	4	7	16
mlni	1	2	8	59	128
mlni	1	2	16	1883	4096
mlni	1	2	32	1974462295	4294967296
mlni	1	2	64	2120062745850386753	4611686018427387904
mlni	3	4	4	7	16
mlni	3	4	8	109	256
mlni	3	4	16	27827	65536
mlni	3	4	32	1823664481	4294967296
mlni	3	4	64	489536206438460287	1152921504606846976
mlni	15	16	4	3	8
mlni	15	16	8	105	256
mlni	15	16	16	3359	8192
mlni	15	16	32	110069045	268435456
mlni	15	16	64	7563887177321373925	18446744073709551616
mlni	1	1	4	3	8
mlni	1	1	8	13	32
mlni	1	1	16	6643	16384
mlni	1	1	32	1741459379	4294967296
mlni	1	1	64	7479511080090283979	18446744073709551616
mln	-1	1	4	-11	16
mln	-1	1	8	-177	256
mln	-1	1	16	-22713	32768
mln	-1	1	32	-372130559	536870912
mln	-1	1	64	-3196577161300663915	4611686018427387904
mln	-15	16	4	-5	8
mln	-15	16	8	-81	128
mln	-15	16	16	-41453	65536
mln	-15	16	32	-339582963	536870912
mln	-15	16	64	-11667981761989453435	18446744073709551616
mln	-3	4	4	-1	2
mln	-3	4	8	-15	32
mln	-3	4	16	-15401	32768
mln	-3	4	32	-252331277	536870912
mln	-3	4	64	-2167509165602688405	4611686018427387904
mln	-1	2	4	-1	4
mln	-1	2	8	-71	256
mln	-1	2	16	-4559	16384
mln	-1	2	32	-298781069	1073741824
mln	-1	2	64	-5133019678441125737	18446744073709551616
mln	-1	16	4	0	1
mln	-1	16	8	-1	32
mln	-1	16	16	-259	8192
mln	-1	16	32	-33956037	1073741824
mln	-1	16	64	-291680136218856661	9223372036854775808
mln	0	1	4	0	1
mln	0	1	8	0	1
mln	0	1	16	0	1
mln	0	1	32	0	1
mln	0	1	64	0	1
mln	1	16	4	0	1
mln	1	16	8	1	32
mln	1	16	16	253	8192
mln	1	16	32	132676883	4294967296
mln	1	16	64	284921436093859847	9223372036854775808
mln	1	2	4	1	4
mln	1	2	8	59	256
mln	1	2	16	1883	8192
mln	1	2	32	246807787	1073741824
mln	1	2	64	2120062745850386753	9223372036854775808
mln	3	4	4	5	16
mln	3	4	8	41	128
mln	3	4	16	10435	32768
mln	3	4	32	170968545	536870912
mln	3	4	64	1468608619315380861	4611686018427387904
mln	15	16	4	3	8
mln	15	16	8	99	256
mln	15	16	16	25193	65536
mln	15	16	32	1651035675	4294967296
mln	15	16	64	7091144228738788055	18446744073709551616
mln	1	1	4	3	8
mln	1	1	8	13	32
mln	1	1	16	6643	16384
mln	1	1	32	1741459379	4294967296
mln	1	1	64	7479511080090283979	18446744073709551616
inv	-1	1	4	5	16
inv	-1	1	8	85	256
inv	-1	1	16	21845	65536
inv	-1	1	32	1431655765	4294967296
inv	-1	1	64	6148914691236517205	18446744073709551616
inv	-15	16	4	5	16
inv	-15	16	8	87	256
inv	-15	16	16	11155	32768
inv	-15	16	32	731058263	2147483648
inv	-15	16	64	784967832923810707	2305843009213693952
inv	-3	4	4	3	8
inv	-3	4	8	93	256
inv	-3	4	16	23831	65536
inv	-3	4	32	780903145	2147483648
inv	-3	4	64	3353953467947191203	9223372036854775808
inv	-1	2	4	7	16
inv	-1	2	8	109	256
inv	-1	2	16	27853	65536
inv	-1	2	32	1825361101	4294967296
inv	-1	2	64	7839866231326559437	18446744073709551616
inv	-1	16	4	1	2
inv	-1	16	8	125	256
inv	-1	16	16	32023	65536
inv	-1	16	32	1049338601	2147483648
inv	-1	16	64	4506874972554038179	9223372036854775808
inv	0	1	4	1	2
inv	0	1	8	1	2
inv	0	1	16	1	2
inv	0	1	32	1	2
inv	0	1	64	1	2
inv	1	16	4	1	2
inv	1	16	8	131	256
inv	1	16	16	33561	65536
inv	1	16	32	1099719449	2147483648
inv	1	16	64	4723259067260308579	9223372036854775808
inv	1	2	4	5	8
inv	1	2	8	5	8
inv	1	2	16	5	8
inv	1	2	32	5	8
inv	1	2	64	5	8
inv	3	4	4	13	16
inv	3	4	8	205	256
inv	3	4	16	52429	65536
inv	3	4	32	3435973837	4294967296
inv	3	4	64	14757395258967641293	18446744073709551616
inv	15	16	4	15	16
inv	15	16	8	241	256
inv	15	16	16	61681	65536
inv	15	16	32	4042322161	4294967296
inv	15	16	64	17361641481138401521	18446744073709551616
inv	1	1	4	15	16
inv	1	1	8	255	256
inv	1	1	16	65535	65536
inv	1	1	32	4294967295	4294967296
inv	1	1	64	18446744073709551615	18446744073709551616
pi/32	0	1	4	1	8
pi/32	0	1	8	25	256
pi/32	0	1	16	3217	32768
pi/32	0	1	32	105414357	1073741824
pi/32	0	1	64	1811004864519280711	18446744073709551616
pi/32	0	1	128	16703571626015105435307505830654230989	170141183460469231731687303715884105728
pi/32	0	1	512	1316308465420332381857713171392480878289249916046539206424833909003243930696128091243558917882741448326367853028635421416477903644549973798198555443869769	13407807929942597099574024998205846127479365820592393377723561443721764030073546976801874298166903427690031858186486050853753882811946569946433649006084096
pi/32	0	1	2048	3172714651863981446317832661879759885189524943508176020445886288204421229939883238070241373185945716953792796088014628804796386927421576204628814065552826952133509275644465287784637057418893622488070513510673836832052938363296867046892165627573938071536470102018407437283242708659608575911636025903497849058320586217171738024527064536019371599411537709940891304158994933092898987870263498921689696015945203257489296008420196837322852710010168734523393310884463847246217613931939173071151231723593852694967014142688487101415794162783476446056426973852329707129659621377453967032213982085396530970295833814439372756813	32317006071311007300714876688669951960444102669715484032130345427524655138867890893197201411522913463688717960921898019494119559150490921095088152386448283120630877367300996091750197750389652106796057638384067568276792218642619756161838094338476170470581645852036305042887575891541065808607552399123930385521914333389668342420684974786564569494856176035326322058077805659331026192708460314150258592864177116725943603718461857357598351152301645904403697613233287231227125684710820209725157101726931323469678542580656697935045997268352998638215525166389437335543602135433229604645318478604952148193555853611059596230656
pi/4	0	1	4	13	16
pi/4	0	1	8	201	256
pi/4	0	1	16	3217	4096
pi/4	0	1	32	1686630401	2147483648
pi/4	0	1	64	7244022412457995063	9223372036854775808
pi/4	0	1	128	267257255013657379190369766018816814949	340282366920938463463374607431768211456
pi/4	0	1	512	5265236009039753775456858543794305473147131315626688111236388958390430442879376828896223523465935195794800007419569380986546540286514979542253923204769511	6703903964971298549787012499102923063739682910296196688861780721860882015036773488400937149083451713845015929093243025426876941405973284973216824503042048
