sample	variant	precision	iterations	cpu_ns	setup_alloc_B	retained_live_B	query_alloc_B	checksum
1	fun	64	10000000	14.593	5080	3944	1120001480	645000000
1	list	64	1000000	77.095	11168	7696	88001392	65500000
1	fun	256	10000000	14.567	5360	3960	1120001480	2565000000
1	list	256	390625	278.911	28344	18480	34376392	100585938
1	fun	1024	10000000	14.499	5608	3960	1120001480	10245000000
1	list	1024	97656	1294.716	96176	61488	8595120	100146228
1	fun	4096	10000000	14.267	5624	3960	1120001480	40965000000
1	list	4096	24414	4941.418	366528	233520	2149824	100036365
1	fun	16384	10000000	14.817	5904	3960	1120001480	163845000000
1	list	16384	6103	22840.252	1448152	921648	538456	100000707
1	fun	65536	10000000	14.804	5920	3960	1120001480	655365000000
1	list	65536	1525	111328.089	5773544	3674160	135592	99944688
2	list	64	1000000	80.594	11168	7696	88001392	65500000
2	fun	64	10000000	14.689	5080	3944	1120001480	645000000
2	list	256	390625	278.768	28344	18480	34376392	100585938
2	fun	256	10000000	14.802	5360	3960	1120001480	2565000000
2	list	1024	97656	1327.936	96176	61488	8595120	100146228
2	fun	1024	10000000	14.833	5608	3960	1120001480	10245000000
2	list	4096	24414	4989.817	366528	233520	2149824	100036365
2	fun	4096	10000000	14.156	5624	3960	1120001480	40965000000
2	list	16384	6103	22878.402	1448152	921648	538456	100000707
2	fun	16384	10000000	15.198	5904	3960	1120001480	163845000000
2	list	65536	1525	102202.169	5773544	3674160	135592	99944688
2	fun	65536	10000000	14.687	5920	3960	1120001480	655365000000
3	fun	64	10000000	14.569	5080	3944	1120001480	645000000
3	list	64	1000000	77.444	11168	7696	88001392	65500000
3	fun	256	10000000	14.603	5360	3960	1120001480	2565000000
3	list	256	390625	279.232	28344	18480	34376392	100585938
3	fun	1024	10000000	13.895	5608	3960	1120001480	10245000000
3	list	1024	97656	1300.155	96176	61488	8595120	100146228
3	fun	4096	10000000	14.461	5624	3960	1120001480	40965000000
3	list	4096	24414	4969.874	366528	233520	2149824	100036365
3	fun	16384	10000000	14.557	5904	3960	1120001480	163845000000
3	list	16384	6103	22784.229	1448152	921648	538456	100000707
3	fun	65536	10000000	14.613	5920	3960	1120001480	655365000000
3	list	65536	1525	103362.209	5773544	3674160	135592	99944688
4	list	64	1000000	78.072	11168	7696	88001392	65500000
4	fun	64	10000000	14.137	5080	3944	1120001480	645000000
4	list	256	390625	279.987	28344	18480	34376392	100585938
4	fun	256	10000000	14.988	5360	3960	1120001480	2565000000
4	list	1024	97656	1290.278	96176	61488	8595120	100146228
4	fun	1024	10000000	14.197	5608	3960	1120001480	10245000000
4	list	4096	24414	5306.219	366528	233520	2149824	100036365
4	fun	4096	10000000	14.630	5624	3960	1120001480	40965000000
4	list	16384	6103	23180.102	1448152	921648	538456	100000707
4	fun	16384	10000000	13.837	5904	3960	1120001480	163845000000
4	list	65536	1525	104392.898	5773544	3674160	135592	99944688
4	fun	65536	10000000	14.554	5920	3960	1120001480	655365000000
