compressed	4	32	1	678.403	707496	5	8	10293140079509	17592186044416	33
rational-compressed	4	32	1	707.201	692968	5	8	20586280159087	35184372088832	16
compressed	4	128	1	681.983	770296	5	8	6524052600100186445874445507235150180167583	11150372599265311570767859136324180752990208	118
rational-compressed	4	128	1	1022.224	995768	5	8	815506575012523305734305688404393772521101	1393796574908163946345982392040522594123776	60
compressed	4	512	1	806.143	972400	5	8	128530380487375529845827332737619771098451469575530888129968650756292618593771038720782884688678774186123261991471669132523663894916917535697397818747834037545	219673525124179510879420825570604582952621929604585773100622830693937381868724993667921908501166545759273481964527387457187903615990932602002368905315681828864	464
rational-compressed	4	512	1	3310.833	3576816	5	8	257060760974751059691654665475239542196902939151061776259937301512585237187542077441565769377357548372246523982943338265047327789833835071394795637495668075509	439347050248359021758841651141209165905243859209171546201245661387874763737449987335843817002333091518546963929054774914375807231981865204004737810631363657728	235
compressed	128	32	1	599.440	710288	407305795904080553832073954	659034621587630041982498215	81548078010655	140737488355328	32
rational-compressed	128	32	1	780.565	832272	407305795904080553832073954	659034621587630041982498215	20387019503497	35184372088832	16
compressed	128	128	1	651.596	777584	407305795904080553832073954	659034621587630041982498215	3230452188683296385276357521657314054414423	5575186299632655785383929568162090376495104	120
rational-compressed	128	128	1	1347.858	1430536	407305795904080553832073954	659034621587630041982498215	6460904377366592770552715043314628108825591	11150372599265311570767859136324180752990208	61
compressed	128	512	1	887.287	1019216	407305795904080553832073954	659034621587630041982498215	254572594311310702978120660037036603801570217361022956289957709289909117175441705409334201120360722311954432606617551308023696699813414933340209614971347647327	439347050248359021758841651141209165905243859209171546201245661387874763737449987335843817002333091518546963929054774914375807231981865204004737810631363657728	462
rational-compressed	128	512	1	3949.842	4611112	407305795904080553832073954	659034621587630041982498215	15910787144456918936132541252314787737598138585063934768122356830619319823465106588083387570022545144497152037913596956751481043738338433333763100935709228065	27459190640522438859927603196325572869077741200573221637577853836742172733590624208490238562645818219909185245565923432148487951998866575250296113164460228608	233
compressed	2394	32	1	472.980	712216	149938581038059812738777266077433830979768498675248158523996331657638989293403307865692626418321039628793777352544263295553499004560355494741697626799715157937493349934543817865873222947933947043354361768085088276035466257321165274369829859953302948099242499064383359926481949869882251181380910868081907017884275536813798351136421316206863107145004161120721698735383294134643513651479466364440034786298370703459039933708263836473654611871219734633814882458315239796676851400073166047815521444588897605	242605720344511268055803987207513571132575111630817374659621608680121857621254099190552763942442928357344204104952860501609454224221921091491228834383063449395295098130535674946244837783569530328362134469529155337696458246096040082455710307954405270330458329323173846274942325544063512186189004071225273752979420590344608886691938784235262053599984042628299683420145731600697354388984362925694013538665182702296386560620805140268473346787298083898138786424600335698171083670536449480173406554288228797	81548078010655	140737488355328	32
rational-compressed	2394	32	1	666.796	848176	149938581038059812738777266077433830979768498675248158523996331657638989293403307865692626418321039628793777352544263295553499004560355494741697626799715157937493349934543817865873222947933947043354361768085088276035466257321165274369829859953302948099242499064383359926481949869882251181380910868081907017884275536813798351136421316206863107145004161120721698735383294134643513651479466364440034786298370703459039933708263836473654611871219734633814882458315239796676851400073166047815521444588897605	242605720344511268055803987207513571132575111630817374659621608680121857621254099190552763942442928357344204104952860501609454224221921091491228834383063449395295098130535674946244837783569530328362134469529155337696458246096040082455710307954405270330458329323173846274942325544063512186189004071225273752979420590344608886691938784235262053599984042628299683420145731600697354388984362925694013538665182702296386560620805140268473346787298083898138786424600335698171083670536449480173406554288228797	20387019503497	35184372088832	16
compressed	2394	128	1	517.857	779512	149938581038059812738777266077433830979768498675248158523996331657638989293403307865692626418321039628793777352544263295553499004560355494741697626799715157937493349934543817865873222947933947043354361768085088276035466257321165274369829859953302948099242499064383359926481949869882251181380910868081907017884275536813798351136421316206863107145004161120721698735383294134643513651479466364440034786298370703459039933708263836473654611871219734633814882458315239796676851400073166047815521444588897605	242605720344511268055803987207513571132575111630817374659621608680121857621254099190552763942442928357344204104952860501609454224221921091491228834383063449395295098130535674946244837783569530328362134469529155337696458246096040082455710307954405270330458329323173846274942325544063512186189004071225273752979420590344608886691938784235262053599984042628299683420145731600697354388984362925694013538665182702296386560620805140268473346787298083898138786424600335698171083670536449480173406554288228797	3230452188683296385276357521657314054414423	5575186299632655785383929568162090376495104	120
rational-compressed	2394	128	1	1424.633	1473432	149938581038059812738777266077433830979768498675248158523996331657638989293403307865692626418321039628793777352544263295553499004560355494741697626799715157937493349934543817865873222947933947043354361768085088276035466257321165274369829859953302948099242499064383359926481949869882251181380910868081907017884275536813798351136421316206863107145004161120721698735383294134643513651479466364440034786298370703459039933708263836473654611871219734633814882458315239796676851400073166047815521444588897605	242605720344511268055803987207513571132575111630817374659621608680121857621254099190552763942442928357344204104952860501609454224221921091491228834383063449395295098130535674946244837783569530328362134469529155337696458246096040082455710307954405270330458329323173846274942325544063512186189004071225273752979420590344608886691938784235262053599984042628299683420145731600697354388984362925694013538665182702296386560620805140268473346787298083898138786424600335698171083670536449480173406554288228797	6460904377366592770552715043314628108825591	11150372599265311570767859136324180752990208	61
compressed	2394	512	1	1091.790	1020416	149938581038059812738777266077433830979768498675248158523996331657638989293403307865692626418321039628793777352544263295553499004560355494741697626799715157937493349934543817865873222947933947043354361768085088276035466257321165274369829859953302948099242499064383359926481949869882251181380910868081907017884275536813798351136421316206863107145004161120721698735383294134643513651479466364440034786298370703459039933708263836473654611871219734633814882458315239796676851400073166047815521444588897605	242605720344511268055803987207513571132575111630817374659621608680121857621254099190552763942442928357344204104952860501609454224221921091491228834383063449395295098130535674946244837783569530328362134469529155337696458246096040082455710307954405270330458329323173846274942325544063512186189004071225273752979420590344608886691938784235262053599984042628299683420145731600697354388984362925694013538665182702296386560620805140268473346787298083898138786424600335698171083670536449480173406554288228797	127286297155655351489060330018518301900785108680511477960628448485715608941991667220939556838489013966581232228344777655318596521285610698425547962055125480331	219673525124179510879420825570604582952621929604585773100622830693937381868724993667921908501166545759273481964527387457187903615990932602002368905315681828864	467
rational-compressed	2394	512	1	4839.248	5149136	149938581038059812738777266077433830979768498675248158523996331657638989293403307865692626418321039628793777352544263295553499004560355494741697626799715157937493349934543817865873222947933947043354361768085088276035466257321165274369829859953302948099242499064383359926481949869882251181380910868081907017884275536813798351136421316206863107145004161120721698735383294134643513651479466364440034786298370703459039933708263836473654611871219734633814882458315239796676851400073166047815521444588897605	242605720344511268055803987207513571132575111630817374659621608680121857621254099190552763942442928357344204104952860501609454224221921091491228834383063449395295098130535674946244837783569530328362134469529155337696458246096040082455710307954405270330458329323173846274942325544063512186189004071225273752979420590344608886691938784235262053599984042628299683420145731600697354388984362925694013538665182702296386560620805140268473346787298083898138786424600335698171083670536449480173406554288228797	127286297155655351489060330018518301900785108680511477960628448485715608941991667220939556838489013966581232228344777655318596521285610698425547962055125475441	219673525124179510879420825570604582952621929604585773100622830693937381868724993667921908501166545759273481964527387457187903615990932602002368905315681828864	234
rational-compressed	4	32	2	702.692	703360	8	13	1269435923275	2199023255552	18
compressed	4	32	2	633.367	709512	8	13	81243899090947	140737488355328	32
rational-compressed	4	128	2	1401.153	1031088	8	13	804600605055463964032750930942045095080757	1393796574908163946345982392040522594123776	61
compressed	4	128	2	686.743	777464	8	13	6436804840443711712262007447536360760644941	11150372599265311570767859136324180752990208	120
rational-compressed	4	512	2	3317.113	3665384	8	13	253623024208145105978837534417116430457993944322189119144639829945784246306601764023681838069507037054127683208852783852091609748838279546560337697253049790621	439347050248359021758841651141209165905243859209171546201245661387874763737449987335843817002333091518546963929054774914375807231981865204004737810631363657728	234
compressed	4	512	2	877.267	1019528	8	13	63405756052036276494709383604279107614498486080547279786159957486446061576650441005920459517376759263531920802213195963022902437209569886640084424313262447075	109836762562089755439710412785302291476310964802292886550311415346968690934362496833960954250583272879636740982263693728593951807995466301001184452657840914432	467
rational-compressed	128	32	2	755.937	832272	659034621587630041982498215	1066340417491710595814572169	20387019503497	35184372088832	16
compressed	128	32	2	610.828	710288	659034621587630041982498215	1066340417491710595814572169	81548078010655	140737488355328	32
rational-compressed	128	128	2	1339.849	1430552	659034621587630041982498215	1066340417491710595814572169	6460904377366592770552715043314628108825591	11150372599265311570767859136324180752990208	61
compressed	128	128	2	646.056	777584	659034621587630041982498215	1066340417491710595814572169	3230452188683296385276357521657314054414423	5575186299632655785383929568162090376495104	120
rational-compressed	128	512	2	3900.174	4592296	659034621587630041982498215	1066340417491710595814572169	254572594311310702978120660037036603801570217361022955780425718345468580467960198720227859065172764593577603525569223965016125758457210586581937100387517348347	439347050248359021758841651141209165905243859209171546201245661387874763737449987335843817002333091518546963929054774914375807231981865204004737810631363657728	235
compressed	128	512	2	898.045	1020184	659034621587630041982498215	1066340417491710595814572169	127286297155655351489060330018518301900785108680511477890212859172734290233980099360113929532586382296788801762784611982508062879228605293290968550193758671595	219673525124179510879420825570604582952621929604585773100622830693937381868724993667921908501166545759273481964527387457187903615990932602002368905315681828864	466
rational-compressed	2394	32	2	675.464	850160	242605720344511268055803987207513571132575111630817374659621608680121857621254099190552763942442928357344204104952860501609454224221921091491228834383063449395295098130535674946244837783569530328362134469529155337696458246096040082455710307954405270330458329323173846274942325544063512186189004071225273752979420590344608886691938784235262053599984042628299683420145731600697354388984362925694013538665182702296386560620805140268473346787298083898138786424600335698171083670536449480173406554288228797	392544301382571080794581253284947402112343610306065533183617940337760846914657407056245390360763967986137981457497123797162953228782276586232926461182778607332788448065079492812118060731503477371716496237614243613731924503417205356825540167907708218429700828387557206201424275413945763367569914939307180770863696127158407237828360100442125160744988203749021382155529025735340868040463829290134048324963553405755426494329068976742127958658517818531953668882915575494847935070609615527988927998877126402	20387019503497	35184372088832	16
compressed	2394	32	2	481.810	713192	242605720344511268055803987207513571132575111630817374659621608680121857621254099190552763942442928357344204104952860501609454224221921091491228834383063449395295098130535674946244837783569530328362134469529155337696458246096040082455710307954405270330458329323173846274942325544063512186189004071225273752979420590344608886691938784235262053599984042628299683420145731600697354388984362925694013538665182702296386560620805140268473346787298083898138786424600335698171083670536449480173406554288228797	392544301382571080794581253284947402112343610306065533183617940337760846914657407056245390360763967986137981457497123797162953228782276586232926461182778607332788448065079492812118060731503477371716496237614243613731924503417205356825540167907708218429700828387557206201424275413945763367569914939307180770863696127158407237828360100442125160744988203749021382155529025735340868040463829290134048324963553405755426494329068976742127958658517818531953668882915575494847935070609615527988927998877126402	81548078010655	140737488355328	32
rational-compressed	2394	128	2	1357.486	1475464	242605720344511268055803987207513571132575111630817374659621608680121857621254099190552763942442928357344204104952860501609454224221921091491228834383063449395295098130535674946244837783569530328362134469529155337696458246096040082455710307954405270330458329323173846274942325544063512186189004071225273752979420590344608886691938784235262053599984042628299683420145731600697354388984362925694013538665182702296386560620805140268473346787298083898138786424600335698171083670536449480173406554288228797	392544301382571080794581253284947402112343610306065533183617940337760846914657407056245390360763967986137981457497123797162953228782276586232926461182778607332788448065079492812118060731503477371716496237614243613731924503417205356825540167907708218429700828387557206201424275413945763367569914939307180770863696127158407237828360100442125160744988203749021382155529025735340868040463829290134048324963553405755426494329068976742127958658517818531953668882915575494847935070609615527988927998877126402	6460904377366592770552715043314628108825591	11150372599265311570767859136324180752990208	61
compressed	2394	128	2	580.021	780504	242605720344511268055803987207513571132575111630817374659621608680121857621254099190552763942442928357344204104952860501609454224221921091491228834383063449395295098130535674946244837783569530328362134469529155337696458246096040082455710307954405270330458329323173846274942325544063512186189004071225273752979420590344608886691938784235262053599984042628299683420145731600697354388984362925694013538665182702296386560620805140268473346787298083898138786424600335698171083670536449480173406554288228797	392544301382571080794581253284947402112343610306065533183617940337760846914657407056245390360763967986137981457497123797162953228782276586232926461182778607332788448065079492812118060731503477371716496237614243613731924503417205356825540167907708218429700828387557206201424275413945763367569914939307180770863696127158407237828360100442125160744988203749021382155529025735340868040463829290134048324963553405755426494329068976742127958658517818531953668882915575494847935070609615527988927998877126402	3230452188683296385276357521657314054414423	5575186299632655785383929568162090376495104	120
rational-compressed	2394	512	2	4334.317	5151344	242605720344511268055803987207513571132575111630817374659621608680121857621254099190552763942442928357344204104952860501609454224221921091491228834383063449395295098130535674946244837783569530328362134469529155337696458246096040082455710307954405270330458329323173846274942325544063512186189004071225273752979420590344608886691938784235262053599984042628299683420145731600697354388984362925694013538665182702296386560620805140268473346787298083898138786424600335698171083670536449480173406554288228797	392544301382571080794581253284947402112343610306065533183617940337760846914657407056245390360763967986137981457497123797162953228782276586232926461182778607332788448065079492812118060731503477371716496237614243613731924503417205356825540167907708218429700828387557206201424275413945763367569914939307180770863696127158407237828360100442125160744988203749021382155529025735340868040463829290134048324963553405755426494329068976742127958658517818531953668882915575494847935070609615527988927998877126402	127286297155655351489060330018518301900785108680511477960628448485715608941991667220939556838489013966581232228344777655318596521285610698425547962055125475441	219673525124179510879420825570604582952621929604585773100622830693937381868724993667921908501166545759273481964527387457187903615990932602002368905315681828864	234
compressed	2394	512	2	774.785	1021456	242605720344511268055803987207513571132575111630817374659621608680121857621254099190552763942442928357344204104952860501609454224221921091491228834383063449395295098130535674946244837783569530328362134469529155337696458246096040082455710307954405270330458329323173846274942325544063512186189004071225273752979420590344608886691938784235262053599984042628299683420145731600697354388984362925694013538665182702296386560620805140268473346787298083898138786424600335698171083670536449480173406554288228797	392544301382571080794581253284947402112343610306065533183617940337760846914657407056245390360763967986137981457497123797162953228782276586232926461182778607332788448065079492812118060731503477371716496237614243613731924503417205356825540167907708218429700828387557206201424275413945763367569914939307180770863696127158407237828360100442125160744988203749021382155529025735340868040463829290134048324963553405755426494329068976742127958658517818531953668882915575494847935070609615527988927998877126402	127286297155655351489060330018518301900785108680511477960628448485715608941991667220939556838489013966581232228344777655318596521285610698425547962055125480331	219673525124179510879420825570604582952621929604585773100622830693937381868724993667921908501166545759273481964527387457187903615990932602002368905315681828864	467
compressed	4	32	3	625.578	709232	13	21	40832151649957	70368744177664	32
rational-compressed	4	32	3	714.240	725144	13	21	20416075824809	35184372088832	17
compressed	4	128	3	683.193	776864	13	21	3235056346730876917259360451616475302760961	5575186299632655785383929568162090376495104	120
rational-compressed	4	128	3	1091.889	1078520	13	21	3235056346730876917259360451616475302760365	5575186299632655785383929568162090376495104	60
compressed	4	512	3	920.863	1017504	13	21	254935420439150598235406810805882394250659041406268353759286907005488228060154739469440738233452514778195199122752782122398116247828684569735244194870503685003	439347050248359021758841651141209165905243859209171546201245661387874763737449987335843817002333091518546963929054774914375807231981865204004737810631363657728	464
rational-compressed	4	512	3	3658.955	3936440	13	21	127467710219575299117703405402941197125329520703134176879643453502744114030077369734720369116726257389097599561376391061199058123914342284867622097435251842301	219673525124179510879420825570604582952621929604585773100622830693937381868724993667921908501166545759273481964527387457187903615990932602002368905315681828864	234
compressed	128	32	3	617.229	710480	1066340417491710595814572169	1725375039079340637797070384	81548078010655	140737488355328	32
rational-compressed	128	32	3	771.446	832656	1066340417491710595814572169	1725375039079340637797070384	20387019503497	35184372088832	16
compressed	128	128	3	672.034	777792	1066340417491710595814572169	1725375039079340637797070384	3230452188683296385276357521657314054414423	5575186299632655785383929568162090376495104	120
rational-compressed	128	128	3	1376.736	1430936	1066340417491710595814572169	1725375039079340637797070384	6460904377366592770552715043314628108825591	11150372599265311570767859136324180752990208	61
compressed	128	512	3	912.563	1019848	1066340417491710595814572169	1725375039079340637797070384	254572594311310702978120660037036603801570217361022955975049620530841230840594370639377790069011123573125079150936819225630336291662971210065642039734697889533	439347050248359021758841651141209165905243859209171546201245661387874763737449987335843817002333091518546963929054774914375807231981865204004737810631363657728	466
rational-compressed	128	512	3	4007.418	4626400	1066340417491710595814572169	1725375039079340637797070384	127286297155655351489060330018518301900785108680511477987524810265420615420297185319688895034505561786562539575468409612815168145831485605032821019867348946803	219673525124179510879420825570604582952621929604585773100622830693937381868724993667921908501166545759273481964527387457187903615990932602002368905315681828864	231
compressed	2394	32	3	481.520	712224	392544301382571080794581253284947402112343610306065533183617940337760846914657407056245390360763967986137981457497123797162953228782276586232926461182778607332788448065079492812118060731503477371716496237614243613731924503417205356825540167907708218429700828387557206201424275413945763367569914939307180770863696127158407237828360100442125160744988203749021382155529025735340868040463829290134048324963553405755426494329068976742127958658517818531953668882915575494847935070609615527988927998877126402	635150021727082348850385240492460973244918721936882907843239549017882704535911506246798154303206896343482185562449984298772407453004197677724155295565842056728083546195615167758362898515073007700078630707143398951428382749513245439281250475862113488760159157710731052476366600958009275553758919010532454523843116717503016124520298884677387214344972246377321065575674757336038222429448192215828061863628736108051813054949874117010601305445815902430092455307515911193019018741146065008162334553165355199	81548078010655	140737488355328	32
rational-compressed	2394	32	3	666.614	848176	392544301382571080794581253284947402112343610306065533183617940337760846914657407056245390360763967986137981457497123797162953228782276586232926461182778607332788448065079492812118060731503477371716496237614243613731924503417205356825540167907708218429700828387557206201424275413945763367569914939307180770863696127158407237828360100442125160744988203749021382155529025735340868040463829290134048324963553405755426494329068976742127958658517818531953668882915575494847935070609615527988927998877126402	635150021727082348850385240492460973244918721936882907843239549017882704535911506246798154303206896343482185562449984298772407453004197677724155295565842056728083546195615167758362898515073007700078630707143398951428382749513245439281250475862113488760159157710731052476366600958009275553758919010532454523843116717503016124520298884677387214344972246377321065575674757336038222429448192215828061863628736108051813054949874117010601305445815902430092455307515911193019018741146065008162334553165355199	20387019503497	35184372088832	16
compressed	2394	128	3	548.244	779520	392544301382571080794581253284947402112343610306065533183617940337760846914657407056245390360763967986137981457497123797162953228782276586232926461182778607332788448065079492812118060731503477371716496237614243613731924503417205356825540167907708218429700828387557206201424275413945763367569914939307180770863696127158407237828360100442125160744988203749021382155529025735340868040463829290134048324963553405755426494329068976742127958658517818531953668882915575494847935070609615527988927998877126402	635150021727082348850385240492460973244918721936882907843239549017882704535911506246798154303206896343482185562449984298772407453004197677724155295565842056728083546195615167758362898515073007700078630707143398951428382749513245439281250475862113488760159157710731052476366600958009275553758919010532454523843116717503016124520298884677387214344972246377321065575674757336038222429448192215828061863628736108051813054949874117010601305445815902430092455307515911193019018741146065008162334553165355199	3230452188683296385276357521657314054414423	5575186299632655785383929568162090376495104	120
rational-compressed	2394	128	3	1274.963	1473464	392544301382571080794581253284947402112343610306065533183617940337760846914657407056245390360763967986137981457497123797162953228782276586232926461182778607332788448065079492812118060731503477371716496237614243613731924503417205356825540167907708218429700828387557206201424275413945763367569914939307180770863696127158407237828360100442125160744988203749021382155529025735340868040463829290134048324963553405755426494329068976742127958658517818531953668882915575494847935070609615527988927998877126402	635150021727082348850385240492460973244918721936882907843239549017882704535911506246798154303206896343482185562449984298772407453004197677724155295565842056728083546195615167758362898515073007700078630707143398951428382749513245439281250475862113488760159157710731052476366600958009275553758919010532454523843116717503016124520298884677387214344972246377321065575674757336038222429448192215828061863628736108051813054949874117010601305445815902430092455307515911193019018741146065008162334553165355199	6460904377366592770552715043314628108825591	11150372599265311570767859136324180752990208	61
compressed	2394	512	3	754.307	1020424	392544301382571080794581253284947402112343610306065533183617940337760846914657407056245390360763967986137981457497123797162953228782276586232926461182778607332788448065079492812118060731503477371716496237614243613731924503417205356825540167907708218429700828387557206201424275413945763367569914939307180770863696127158407237828360100442125160744988203749021382155529025735340868040463829290134048324963553405755426494329068976742127958658517818531953668882915575494847935070609615527988927998877126402	635150021727082348850385240492460973244918721936882907843239549017882704535911506246798154303206896343482185562449984298772407453004197677724155295565842056728083546195615167758362898515073007700078630707143398951428382749513245439281250475862113488760159157710731052476366600958009275553758919010532454523843116717503016124520298884677387214344972246377321065575674757336038222429448192215828061863628736108051813054949874117010601305445815902430092455307515911193019018741146065008162334553165355199	127286297155655351489060330018518301900785108680511477960628448485715608941991667220939556838489013966581232228344777655318596521285610698425547962055125480331	219673525124179510879420825570604582952621929604585773100622830693937381868724993667921908501166545759273481964527387457187903615990932602002368905315681828864	467
rational-compressed	2394	512	3	4348.978	5149264	392544301382571080794581253284947402112343610306065533183617940337760846914657407056245390360763967986137981457497123797162953228782276586232926461182778607332788448065079492812118060731503477371716496237614243613731924503417205356825540167907708218429700828387557206201424275413945763367569914939307180770863696127158407237828360100442125160744988203749021382155529025735340868040463829290134048324963553405755426494329068976742127958658517818531953668882915575494847935070609615527988927998877126402	635150021727082348850385240492460973244918721936882907843239549017882704535911506246798154303206896343482185562449984298772407453004197677724155295565842056728083546195615167758362898515073007700078630707143398951428382749513245439281250475862113488760159157710731052476366600958009275553758919010532454523843116717503016124520298884677387214344972246377321065575674757336038222429448192215828061863628736108051813054949874117010601305445815902430092455307515911193019018741146065008162334553165355199	127286297155655351489060330018518301900785108680511477960628448485715608941991667220939556838489013966581232228344777655318596521285610698425547962055125475441	219673525124179510879420825570604582952621929604585773100622830693937381868724993667921908501166545759273481964527387457187903615990932602002368905315681828864	234
