donor	equal	32	64	1	11.149	17736	20
seq-lcm	equal	32	64	1	6.960	6112	20
left	equal	32	64	1	19.599	10928	20
balanced-add	equal	32	64	1	23.618	19024	20
donor	equal	256	128	1	96.812	210416	39
seq-lcm	equal	256	128	1	40.767	37880	39
left	equal	256	128	1	111.691	100688	39
balanced-add	equal	256	128	1	139.678	239536	39
donor	equal	512	512	1	185.524	434912	155
seq-lcm	equal	512	512	1	130.059	98296	155
left	equal	512	512	1	386.557	371912	155
balanced-add	equal	512	512	1	411.666	636640	155
donor	dyadic	32	64	1	7.659	16664	18
seq-lcm	dyadic	32	64	1	3.250	4864	18
left	dyadic	32	64	1	19.318	9728	18
balanced-add	dyadic	32	64	1	23.468	16856	18
donor	dyadic	256	128	1	88.723	234264	39
seq-lcm	dyadic	256	128	1	69.485	72952	39
left	dyadic	256	128	1	86.293	110024	39
balanced-add	dyadic	256	128	1	135.079	231552	39
donor	dyadic	512	512	1	336.812	536232	155
seq-lcm	dyadic	512	512	1	182.005	249976	155
left	dyadic	512	512	1	302.594	433736	155
balanced-add	dyadic	512	512	1	552.663	578728	155
donor	nested	32	64	1	21.578	20080	27
seq-lcm	nested	32	64	1	16.259	9320	27
left	nested	32	64	1	28.597	13256	27
balanced-add	nested	32	64	1	29.327	19744	27
donor	nested	256	128	1	111.820	243224	61
seq-lcm	nested	256	128	1	78.963	85088	61
left	nested	256	128	1	321.293	132144	61
balanced-add	nested	256	128	1	262.758	251104	61
donor	nested	512	512	1	316.064	582760	245
seq-lcm	nested	512	512	1	276.187	318720	245
left	nested	512	512	1	1338.689	595200	245
balanced-add	nested	512	512	1	936.733	669192	245
donor	mixed	32	64	1	60.135	46856	605
seq-lcm	mixed	32	64	1	44.397	40464	605
left	mixed	32	64	1	245.839	38968	605
balanced-add	mixed	32	64	1	70.054	27256	605
donor	mixed	256	128	1	3464.440	3267160	9322
seq-lcm	mixed	256	128	1	3685.965	4024912	9322
left	mixed	256	128	1	44014.968	3557632	9322
balanced-add	mixed	256	128	1	2053.739	430176	9322
donor	mixed	512	512	1	49440.933	50558408	77689
seq-lcm	mixed	512	512	1	63017.523	66176600	77689
left	mixed	512	512	1	2123001.458	58037648	77689
balanced-add	mixed	512	512	1	37553.526	2423864	77689
donor	independent	32	64	1	58.875	45072	596
seq-lcm	independent	32	64	1	53.396	38096	596
left	independent	32	64	1	198.384	34176	596
balanced-add	independent	32	64	1	70.504	23760	596
donor	independent	256	128	1	3733.759	3256928	9303
seq-lcm	independent	256	128	1	3078.215	3914168	9303
left	independent	256	128	1	43349.192	3321776	9303
balanced-add	independent	256	128	1	1776.462	401256	9303
donor	independent	512	512	1	44524.686	50499336	77612
seq-lcm	independent	512	512	1	49316.757	64651784	77612
left	independent	512	512	1	2117171.654	54932368	77612
balanced-add	independent	512	512	1	35941.929	2238232	77612
balanced-add	equal	32	64	2	27.558	18408	20
left	equal	32	64	2	23.558	11048	20
seq-lcm	equal	32	64	2	5.549	6128	20
donor	equal	32	64	2	10.389	17688	20
balanced-add	equal	256	128	2	107.111	233440	39
left	equal	256	128	2	127.729	100880	39
seq-lcm	equal	256	128	2	40.697	37952	39
donor	equal	256	128	2	93.552	210248	39
balanced-add	equal	512	512	2	415.166	624392	155
left	equal	512	512	2	353.780	372352	155
seq-lcm	equal	512	512	2	106.672	98416	155
donor	equal	512	512	2	188.634	434744	155
balanced-add	dyadic	32	64	2	30.168	16848	19
left	dyadic	32	64	2	29.767	10376	19
seq-lcm	dyadic	32	64	2	3.310	4864	19
donor	dyadic	32	64	2	7.569	16680	19
balanced-add	dyadic	256	128	2	115.610	233056	39
left	dyadic	256	128	2	84.113	110360	39
seq-lcm	dyadic	256	128	2	58.175	73496	39
donor	dyadic	256	128	2	102.152	234384	39
balanced-add	dyadic	512	512	2	324.663	584952	155
left	dyadic	512	512	2	264.887	432192	155
seq-lcm	dyadic	512	512	2	175.075	247344	155
donor	dyadic	512	512	2	252.419	536248	155
balanced-add	nested	32	64	2	34.227	19840	29
left	nested	32	64	2	27.898	13728	29
seq-lcm	nested	32	64	2	16.669	9272	29
donor	nested	32	64	2	21.508	20072	29
balanced-add	nested	256	128	2	259.968	253024	62
left	nested	256	128	2	326.653	132128	62
seq-lcm	nested	256	128	2	79.183	84792	62
donor	nested	256	128	2	114.890	243248	62
balanced-add	nested	512	512	2	817.452	676704	244
left	nested	512	512	2	1288.623	595400	244
seq-lcm	nested	512	512	2	275.887	318520	244
donor	nested	512	512	2	296.206	583008	244
balanced-add	mixed	32	64	2	72.804	27000	593
left	mixed	32	64	2	200.484	37984	593
seq-lcm	mixed	32	64	2	40.366	39488	593
donor	mixed	32	64	2	64.114	45992	593
balanced-add	mixed	256	128	2	2038.780	425912	9313
left	mixed	256	128	2	44314.242	3552224	9313
seq-lcm	mixed	256	128	2	3636.478	4009904	9313
donor	mixed	256	128	2	3342.501	3253176	9313
balanced-add	mixed	512	512	2	37366.530	2415312	77687
left	mixed	512	512	2	2131607.536	58030408	77687
seq-lcm	mixed	512	512	2	63823.712	66174520	77687
donor	mixed	512	512	2	50134.351	50558224	77687
balanced-add	independent	32	64	2	66.724	22928	583
left	independent	32	64	2	190.454	32304	583
seq-lcm	independent	32	64	2	39.497	36912	583
donor	independent	32	64	2	60.565	44320	583
balanced-add	independent	256	128	2	1903.582	395880	9293
left	independent	256	128	2	43251.041	3273800	9293
seq-lcm	independent	256	128	2	3083.932	3876240	9293
donor	independent	256	128	2	3065.576	3242752	9293
balanced-add	independent	512	512	2	35681.378	2228408	77610
left	independent	512	512	2	2123551.830	55072568	77610
seq-lcm	independent	512	512	2	53071.537	64740496	77610
donor	independent	512	512	2	45017.314	50501040	77610
donor	equal	32	64	3	10.459	17752	20
seq-lcm	equal	32	64	3	5.630	6192	20
left	equal	32	64	3	35.647	10936	20
balanced-add	equal	32	64	3	28.627	18976	20
donor	equal	256	128	3	75.324	210336	39
seq-lcm	equal	256	128	3	46.186	37880	39
left	equal	256	128	3	149.187	100976	39
balanced-add	equal	256	128	3	112.620	239584	39
donor	equal	512	512	3	198.354	434952	155
seq-lcm	equal	512	512	3	101.462	98544	155
left	equal	512	512	3	351.791	372480	155
balanced-add	equal	512	512	3	418.095	636728	155
donor	dyadic	32	64	3	7.560	16680	19
seq-lcm	dyadic	32	64	3	3.300	4880	19
left	dyadic	32	64	3	18.068	10424	19
balanced-add	dyadic	32	64	3	20.118	17064	19
donor	dyadic	256	128	3	86.123	234000	39
seq-lcm	dyadic	256	128	3	59.994	73144	39
left	dyadic	256	128	3	85.423	110424	39
balanced-add	dyadic	256	128	3	118.170	231192	39
donor	dyadic	512	512	3	239.299	535888	155
seq-lcm	dyadic	512	512	3	176.946	248808	155
left	dyadic	512	512	3	260.829	435048	155
balanced-add	dyadic	512	512	3	336.842	577520	155
donor	nested	32	64	3	23.678	20184	30
seq-lcm	nested	32	64	3	16.289	9384	30
left	nested	32	64	3	29.387	13296	30
balanced-add	nested	32	64	3	30.478	19744	30
donor	nested	256	128	3	134.709	242960	62
seq-lcm	nested	256	128	3	78.783	84968	62
left	nested	256	128	3	336.002	132080	62
balanced-add	nested	256	128	3	255.758	250664	62
donor	nested	512	512	3	346.622	583304	245
seq-lcm	nested	512	512	3	305.585	319464	245
left	nested	512	512	3	1347.088	600624	245
balanced-add	nested	512	512	3	819.913	667984	245
donor	mixed	32	64	3	66.475	47472	607
seq-lcm	mixed	32	64	3	60.675	41112	607
left	mixed	32	64	3	201.233	38896	607
balanced-add	mixed	32	64	3	69.224	27248	607
donor	mixed	256	128	3	3518.227	3264840	9313
seq-lcm	mixed	256	128	3	3911.483	4021512	9313
left	mixed	256	128	3	45233.116	3554656	9313
balanced-add	mixed	256	128	3	1904.653	430256	9313
donor	mixed	512	512	3	50028.807	50473960	77696
seq-lcm	mixed	512	512	3	63475.513	66089160	77696
left	mixed	512	512	3	2237979.999	57989880	77696
balanced-add	mixed	512	512	3	38031.822	2423104	77696
donor	independent	32	64	3	58.335	45936	598
seq-lcm	independent	32	64	3	40.787	37840	598
left	independent	32	64	3	197.274	31824	598
balanced-add	independent	32	64	3	72.994	23656	598
donor	independent	256	128	3	3225.640	3254352	9294
seq-lcm	independent	256	128	3	3102.531	3928664	9294
left	independent	256	128	3	43388.269	3356272	9294
balanced-add	independent	256	128	3	1786.491	400936	9294
donor	independent	512	512	3	44185.048	50416168	77619
seq-lcm	independent	512	512	3	49325.036	64528728	77619
left	independent	512	512	3	2103841.353	54812688	77619
balanced-add	independent	512	512	3	35762.735	2241664	77619
