0,old,1,dense,13000,310.568
0,joint,1,dense,13000,329.4436153846154
0,bareiss,1,dense,13000,580.7525384615384
0,bareiss,1,dense,13000,561.4961538461538
0,joint,1,dense,13000,339.9675384615385
0,old,1,dense,13000,303.9637692307692
1,bareiss,1,dense,13000,539.4646153846154
1,joint,1,dense,13000,341.4696923076923
1,old,1,dense,13000,307.51976923076927
1,old,1,dense,13000,302.4693076923077
1,joint,1,dense,13000,341.4281538461538
1,bareiss,1,dense,13000,550.5130769230769
2,old,1,dense,13000,313.72930769230766
2,joint,1,dense,13000,342.4411538461539
2,bareiss,1,dense,13000,546.4564615384616
2,bareiss,1,dense,13000,549.1523846153846
2,joint,1,dense,13000,344.2372307692308
2,old,1,dense,13000,305.3683076923077
3,bareiss,1,dense,13000,544.5296923076924
3,joint,1,dense,13000,349.7760769230769
3,old,1,dense,13000,303.58692307692303
3,old,1,dense,13000,307.13815384615384
3,joint,1,dense,13000,351.76438461538464
3,bareiss,1,dense,13000,550.2638461538462
4,old,1,dense,13000,308.8766153846154
4,joint,1,dense,13000,346.48861538461534
4,bareiss,1,dense,13000,555.6488461538462
4,bareiss,1,dense,13000,618.9876923076923
4,joint,1,dense,13000,345.9094615384615
4,old,1,dense,13000,306.4336923076923
5,bareiss,1,dense,13000,566.0535384615384
5,joint,1,dense,13000,346.2370769230769
5,old,1,dense,13000,302.1662307692308
5,old,1,dense,13000,301.6793846153846
5,joint,1,dense,13000,342.74961538461537
5,bareiss,1,dense,13000,537.6801538461538
6,old,1,dense,13000,301.31015384615387
6,joint,1,dense,13000,349.0791538461538
6,bareiss,1,dense,13000,535.2526153846154
6,bareiss,1,dense,13000,539.8276923076924
6,joint,1,dense,13000,343.1603846153846
6,old,1,dense,13000,302.06084615384617
7,bareiss,1,dense,13000,539.7961538461539
7,joint,1,dense,13000,343.2364615384615
7,old,1,dense,13000,302.60930769230765
7,old,1,dense,13000,310.1249230769231
7,joint,1,dense,13000,342.5919230769231
7,bareiss,1,dense,13000,548.9286153846155
8,old,1,dense,13000,301.7870769230769
8,joint,1,dense,13000,340.229
8,bareiss,1,dense,13000,544.2589230769231
8,bareiss,1,dense,13000,572.6800000000001
8,joint,1,dense,13000,347.44084615384617
8,old,1,dense,13000,304.81676923076924
9,bareiss,1,dense,13000,537.3863076923077
9,joint,1,dense,13000,342.08123076923073
9,old,1,dense,13000,313.6208461538461
9,old,1,dense,13000,307.45515384615385
9,joint,1,dense,13000,352.1450769230769
9,bareiss,1,dense,13000,547.1663846153847
10,old,1,dense,13000,319.40507692307693
10,joint,1,dense,13000,346.61092307692303
10,bareiss,1,dense,13000,544.4104615384616
10,bareiss,1,dense,13000,547.6156153846154
10,joint,1,dense,13000,349.1215384615385
10,old,1,dense,13000,307.75046153846154
11,bareiss,1,dense,13000,552.9421538461539
11,joint,1,dense,13000,349.7006923076923
11,old,1,dense,13000,303.9323076923077
11,old,1,dense,13000,305.7990769230769
11,joint,1,dense,13000,344.66407692307695
11,bareiss,1,dense,13000,544.9657692307693
12,old,1,dense,13000,305.063
12,joint,1,dense,13000,351.3436923076923
12,bareiss,1,dense,13000,543.7250769230769
12,bareiss,1,dense,13000,561.6992307692308
12,joint,1,dense,13000,342.27038461538467
12,old,1,dense,13000,314.1946923076923
13,bareiss,1,dense,13000,552.666
13,joint,1,dense,13000,343.3803076923077
13,old,1,dense,13000,314.7076923076923
13,old,1,dense,13000,301.82161538461537
13,joint,1,dense,13000,342.27892307692304
13,bareiss,1,dense,13000,637.0348461538462
14,old,1,dense,13000,302.02930769230767
14,joint,1,dense,13000,380.41392307692314
14,bareiss,1,dense,13000,540.863
14,bareiss,1,dense,13000,544.945
14,joint,1,dense,13000,344.8717692307692
14,old,1,dense,13000,302.5123846153846
15,bareiss,1,dense,13000,541.9444615384616
15,joint,1,dense,13000,351.78592307692304
15,old,1,dense,13000,304.0338461538461
15,old,1,dense,13000,304.0799230769231
15,joint,1,dense,13000,355.8556153846154
15,bareiss,1,dense,13000,547.9563846153846
16,old,1,dense,13000,304.6061538461538
16,joint,1,dense,13000,337.5015384615384
16,bareiss,1,dense,13000,549.5108461538462
16,bareiss,1,dense,13000,546.2887692307693
16,joint,1,dense,13000,347.1616153846154
16,old,1,dense,13000,304.0860769230769
17,bareiss,1,dense,13000,549.977
17,joint,1,dense,13000,340.86053846153845
17,old,1,dense,13000,305.9783076923077
17,old,1,dense,13000,301.4455384615385
17,joint,1,dense,13000,344.4494615384615
17,bareiss,1,dense,13000,623.502
18,old,1,dense,13000,361.7713846153846
18,joint,1,dense,13000,338.5760769230769
18,bareiss,1,dense,13000,545.4257692307692
18,bareiss,1,dense,13000,550.900076923077
18,joint,1,dense,13000,345.13330769230765
18,old,1,dense,13000,314.9630769230769
19,bareiss,1,dense,13000,573.0453846153846
19,joint,1,dense,13000,343.42107692307695
19,old,1,dense,13000,305.4929230769231
19,old,1,dense,13000,303.54538461538465
19,joint,1,dense,13000,343.66569230769227
19,bareiss,1,dense,13000,565.8566923076924
20,old,1,dense,13000,340.6059230769231
20,joint,1,dense,13000,340.4743846153846
20,bareiss,1,dense,13000,539.6553846153846
20,bareiss,1,dense,13000,578.1758461538461
20,joint,1,dense,13000,341.19823076923075
20,old,1,dense,13000,303
