0,old,8,cauchy,104,524368.3461538461
0,joint,8,cauchy,429,139565.08857808856
0,bareiss,8,cauchy,130,393570.3769230769
0,bareiss,8,cauchy,130,397032.21538461535
0,joint,8,cauchy,429,148320.10489510492
0,old,8,cauchy,104,520863.1057692308
1,bareiss,8,cauchy,130,391121.76923076925
1,joint,8,cauchy,429,138353.53846153847
1,old,8,cauchy,104,517892.53846153844
1,old,8,cauchy,104,521774.875
1,joint,8,cauchy,429,138993.0303030303
1,bareiss,8,cauchy,130,393723.2076923077
2,old,8,cauchy,104,521832.55769230775
2,joint,8,cauchy,429,144304.38927738927
2,bareiss,8,cauchy,130,413416.3230769231
2,bareiss,8,cauchy,130,401012.55384615384
2,joint,8,cauchy,429,140356.01398601398
2,old,8,cauchy,104,519613.0961538461
3,bareiss,8,cauchy,130,395917.52307692304
3,joint,8,cauchy,429,140799.8041958042
3,old,8,cauchy,104,528396.2403846154
3,old,8,cauchy,104,526882.9807692308
3,joint,8,cauchy,429,141629.79487179487
3,bareiss,8,cauchy,130,389431.26923076925
4,old,8,cauchy,104,523813.7692307692
4,joint,8,cauchy,429,139420.29603729604
4,bareiss,8,cauchy,130,387733.3923076923
4,bareiss,8,cauchy,130,398005.6846153846
4,joint,8,cauchy,429,140206.9090909091
4,old,8,cauchy,104,521683.5288461538
5,bareiss,8,cauchy,130,407267.2076923077
5,joint,8,cauchy,429,140754.47086247086
5,old,8,cauchy,104,516398.2211538462
5,old,8,cauchy,104,513322.2788461538
5,joint,8,cauchy,429,139989.46386946386
5,bareiss,8,cauchy,130,400058.1615384616
6,old,8,cauchy,104,519158.5096153846
6,joint,8,cauchy,429,139762.13752913752
6,bareiss,8,cauchy,130,399016.76923076925
6,bareiss,8,cauchy,130,391568.0461538462
6,joint,8,cauchy,429,139723.04895104896
6,old,8,cauchy,104,535691.0288461538
7,bareiss,8,cauchy,130,389983.3153846154
7,joint,8,cauchy,429,141683.4731934732
7,old,8,cauchy,104,545851.1057692308
7,old,8,cauchy,104,545277.2019230769
7,joint,8,cauchy,429,143401.32867132867
7,bareiss,8,cauchy,130,388366.49999999994
8,old,8,cauchy,104,521705.1634615385
8,joint,8,cauchy,429,141392.18881118883
8,bareiss,8,cauchy,130,387627.323076923
8,bareiss,8,cauchy,130,388428.1153846154
8,joint,8,cauchy,429,138817.95804195805
8,old,8,cauchy,104,511025.2211538461
9,bareiss,8,cauchy,130,390492.96923076926
9,joint,8,cauchy,429,138430.7599067599
9,old,8,cauchy,104,516866.06730769237
9,old,8,cauchy,104,519091.6826923077
9,joint,8,cauchy,429,138674.682983683
9,bareiss,8,cauchy,130,390153.29999999993
10,old,8,cauchy,104,523224.96153846156
10,joint,8,cauchy,429,139455.51515151514
10,bareiss,8,cauchy,130,391960.6384615385
10,bareiss,8,cauchy,130,395209.96153846156
10,joint,8,cauchy,429,139185.16083916085
10,old,8,cauchy,104,520931.5673076923
11,bareiss,8,cauchy,130,394787.6769230769
11,joint,8,cauchy,429,140540.00932400933
11,old,8,cauchy,104,518494.13461538457
11,old,8,cauchy,104,515106.1057692308
11,joint,8,cauchy,429,139300.9347319347
11,bareiss,8,cauchy,130,398579.0307692308
12,old,8,cauchy,104,524102.4134615385
12,joint,8,cauchy,429,139204.13286713287
12,bareiss,8,cauchy,130,398300.5153846154
12,bareiss,8,cauchy,130,391096.23846153845
12,joint,8,cauchy,429,142349.95571095572
12,old,8,cauchy,104,516393.41346153844
13,bareiss,8,cauchy,130,390129.9153846154
13,joint,8,cauchy,429,140748.55011655012
13,old,8,cauchy,104,517734.2788461538
13,old,8,cauchy,104,519411.7596153846
13,joint,8,cauchy,429,139757.56876456877
13,bareiss,8,cauchy,130,393122.5538461539
14,old,8,cauchy,104,526665.6923076923
14,joint,8,cauchy,429,140836.74825174824
14,bareiss,8,cauchy,130,393788.2076923077
14,bareiss,8,cauchy,130,393733.6769230769
14,joint,8,cauchy,429,138388.68997668996
14,old,8,cauchy,104,515907.28846153844
15,bareiss,8,cauchy,130,399451.50769230776
15,joint,8,cauchy,429,139119.00932400933
15,old,8,cauchy,104,523176.89423076925
15,old,8,cauchy,104,518384.04807692306
15,joint,8,cauchy,429,138251.65734265736
15,bareiss,8,cauchy,130,401886.19230769237
16,old,8,cauchy,104,514772.7596153846
16,joint,8,cauchy,429,138629.20745920745
16,bareiss,8,cauchy,130,393386.8461538461
16,bareiss,8,cauchy,130,389268.823076923
16,joint,8,cauchy,429,139425.331002331
16,old,8,cauchy,104,528364.5192307692
17,bareiss,8,cauchy,130,388004.5230769231
17,joint,8,cauchy,429,139532.8508158508
17,old,8,cauchy,104,532786.3269230769
17,old,8,cauchy,104,526069.2884615384
17,joint,8,cauchy,429,140202.80652680653
17,bareiss,8,cauchy,130,399986.8538461538
18,old,8,cauchy,104,525291.3557692308
18,joint,8,cauchy,429,140974.7599067599
18,bareiss,8,cauchy,130,396350.5692307692
18,bareiss,8,cauchy,130,392548.44615384616
18,joint,8,cauchy,429,141655.38694638695
18,old,8,cauchy,104,523773.4807692308
19,bareiss,8,cauchy,130,397084.6692307692
19,joint,8,cauchy,429,139185.58041958042
19,old,8,cauchy,104,515485.0096153846
19,old,8,cauchy,104,519534.0673076923
19,joint,8,cauchy,429,139499.24242424243
19,bareiss,8,cauchy,130,390257.60000000003
20,old,8,cauchy,104,526348.5961538461
20,joint,8,cauchy,429,140885.06993006993
20,bareiss,8,cauchy,130,396037.05384615384
20,bareiss,8,cauchy,130,393589.8384615384
20,joint,8,cauchy,429,140692.96037296037
20,old,8,cauchy,104,540067.5576923076
