before	line	1	warm	146546	1364.764
after	line	1	warm	148739	1344.641
after	line	1	warm	139288	1435.880
before	line	1	warm	140250	1426.028
before	line	1	warm	143702	1391.777
after	line	1	warm	140196	1426.581
after	line	1	warm	140720	1421.263
before	line	1	warm	141972	1408.737
before	line	1	cold	91875	2176.872
after	line	1	cold	98060	2039.580
after	line	1	cold	97762	2045.800
before	line	1	cold	91591	2183.643
before	line	1	cold	78885	2535.338
after	line	1	cold	86112	2322.567
after	line	1	cold	96806	2065.989
before	line	1	cold	95138	2102.224
before	line	3	warm	51342	3895.476
after	line	3	warm	53773	3719.385
after	line	3	warm	50856	3932.800
before	line	3	warm	40287	4964.467
before	line	3	warm	51732	3866.138
after	line	3	warm	52548	3806.049
after	line	3	warm	51807	3860.536
before	line	3	warm	47986	4167.908
before	line	3	cold	41115	4864.492
after	line	3	cold	44908	4453.598
after	line	3	cold	45589	4387.046
before	line	3	cold	42372	4720.204
before	line	3	cold	40265	4967.121
after	line	3	cold	45925	4354.973
after	line	3	cold	45678	4378.570
before	line	3	cold	43249	4624.446
before	line	8	warm	15921	12562.730
after	line	8	warm	15989	12509.129
after	line	8	warm	17907	11168.968
before	line	8	warm	15613	12810.202
before	line	8	warm	15323	13052.343
after	line	8	warm	18270	10947.401
after	line	8	warm	17607	11359.226
before	line	8	warm	15453	12942.498
before	line	8	cold	14570	13727.275
after	line	8	cold	16630	12026.732
after	line	8	cold	17200	11628.281
before	line	8	cold	14524	13771.173
before	line	8	cold	15029	13308.408
after	line	8	cold	17188	11636.534
after	line	8	cold	17058	11725.102
before	line	8	cold	14846	13472.013
before	line	32	warm	1397	143263.958
after	line	32	warm	1934	103413.681
after	line	32	warm	1964	101861.169
before	line	32	warm	1388	144181.599
before	line	32	warm	1376	145367.868
after	line	32	warm	1671	119689.928
after	line	32	warm	1331	150326.171
before	line	32	warm	883	226701.039
before	line	32	cold	1231	162507.925
after	line	32	cold	1872	106846.329
after	line	32	cold	1713	116786.740
before	line	32	cold	1360	147148.957
before	line	32	cold	1210	165504.977
after	line	32	cold	1770	113023.760
after	line	32	cold	1754	114070.641
before	line	32	cold	1349	148288.921
before	cubic	1	warm	70830	2823.669
after	cubic	1	warm	68074	2937.985
after	cubic	1	warm	61964	3227.717
before	cubic	1	warm	73846	2708.397
before	cubic	1	warm	40644	4920.848
after	cubic	1	warm	70781	2825.643
after	cubic	1	warm	77803	2570.610
before	cubic	1	warm	71613	2792.798
before	cubic	1	cold	45199	4424.930
after	cubic	1	cold	45358	4409.459
after	cubic	1	cold	44377	4506.843
before	cubic	1	cold	44976	4446.855
before	cubic	1	cold	45166	4428.155
after	cubic	1	cold	44052	4540.234
after	cubic	1	cold	47708	4192.179
before	cubic	1	cold	44635	4480.821
before	cubic	3	warm	23278	8591.833
after	cubic	3	warm	27474	7279.767
after	cubic	3	warm	27575	7253.141
before	cubic	3	warm	27383	7303.842
before	cubic	3	warm	27404	7298.328
after	cubic	3	warm	27291	7328.574
after	cubic	3	warm	27551	7259.519
before	cubic	3	warm	26226	7626.240
before	cubic	3	cold	21377	9356.078
after	cubic	3	cold	22166	9022.837
after	cubic	3	cold	22209	9005.746
before	cubic	3	cold	20958	9543.062
before	cubic	3	cold	21259	9407.913
after	cubic	3	cold	20868	9584.357
after	cubic	3	cold	18678	10708.658
before	cubic	3	cold	16845	11872.966
before	cubic	8	warm	7310	27361.256
after	cubic	8	warm	7495	26686.413
after	cubic	8	warm	7489	26706.925
before	cubic	8	warm	7133	28039.634
before	cubic	8	warm	7234	27648.077
after	cubic	8	warm	7547	26500.706
after	cubic	8	warm	7229	27669.564
before	cubic	8	warm	7283	27463.638
before	cubic	8	cold	6729	29722.229
after	cubic	8	cold	6798	29421.286
after	cubic	8	cold	6757	29599.917
before	cubic	8	cold	6610	30259.390
before	cubic	8	cold	6681	29936.786
after	cubic	8	cold	7017	28505.206
after	cubic	8	cold	7070	28292.243
before	cubic	8	cold	6452	30999.357
before	cubic	32	warm	240	834553.829
after	cubic	32	warm	252	794290.389
after	cubic	32	warm	260	770565.827
before	cubic	32	warm	218	923220.472
before	cubic	32	warm	146	1370577.473
after	cubic	32	warm	252	795686.405
after	cubic	32	warm	253	792643.134
before	cubic	32	warm	242	829225.426
before	cubic	32	cold	225	892716.044
after	cubic	32	cold	253	792038.391
after	cubic	32	cold	252	793862.242
before	cubic	32	cold	238	842608.958
before	cubic	32	cold	241	833150.975
after	cubic	32	cold	233	859879.335
after	cubic	32	cold	240	835370.150
before	cubic	32	cold	234	856524.530
before	dense8	1	warm	74634	2679.765
after	dense8	1	warm	71405	2800.938
after	dense8	1	warm	67415	2966.712
before	dense8	1	warm	67361	2969.088
before	dense8	1	warm	72423	2761.565
after	dense8	1	warm	77562	2578.612
after	dense8	1	warm	67085	2981.328
before	dense8	1	warm	76619	2610.341
before	dense8	1	cold	21592	9263.096
after	dense8	1	cold	19432	10292.535
after	dense8	1	cold	18932	10564.340
before	dense8	1	cold	21987	9096.381
before	dense8	1	cold	22164	9023.969
after	dense8	1	cold	22124	9040.119
after	dense8	1	cold	20834	9600.063
before	dense8	1	cold	21570	9272.231
before	dense8	3	warm	28830	6937.319
after	dense8	3	warm	26730	7482.408
after	dense8	3	warm	28335	7058.619
before	dense8	3	warm	29551	6768.060
before	dense8	3	warm	25485	7847.923
after	dense8	3	warm	28053	7129.488
after	dense8	3	warm	29483	6783.702
before	dense8	3	warm	25801	7752.051
before	dense8	3	cold	11050	18101.530
after	dense8	3	cold	11456	17458.905
after	dense8	3	cold	13726	14571.184
before	dense8	3	cold	13749	14546.687
before	dense8	3	cold	13634	14670.234
after	dense8	3	cold	13489	14827.396
after	dense8	3	cold	12711	15735.248
before	dense8	3	cold	12746	15691.844
before	dense8	8	warm	8462	23636.811
after	dense8	8	warm	8608	23234.226
after	dense8	8	warm	8467	23621.308
before	dense8	8	warm	8178	24456.096
before	dense8	8	warm	8952	22342.885
after	dense8	8	warm	8704	22979.455
after	dense8	8	warm	7332	27279.908
before	dense8	8	warm	7255	27570.037
before	dense8	8	cold	3498	57178.121
after	dense8	8	cold	4006	49928.467
after	dense8	8	cold	5516	36262.742
before	dense8	8	cold	4563	43837.341
before	dense8	8	cold	6028	33182.654
after	dense8	8	cold	6379	31357.457
after	dense8	8	cold	6340	31547.654
before	dense8	8	cold	6302	31736.309
before	dense8	32	warm	1196	167329.548
after	dense8	32	warm	1369	146112.956
after	dense8	32	warm	1344	148828.227
before	dense8	32	warm	1126	177718.376
before	dense8	32	warm	1222	163742.661
after	dense8	32	warm	1394	143569.570
after	dense8	32	warm	1441	138816.681
before	dense8	32	warm	1222	163765.974
before	dense8	32	cold	1126	177723.376
after	dense8	32	cold	1345	148715.150
after	dense8	32	cold	1297	154301.742
before	dense8	32	cold	1106	180840.821
before	dense8	32	cold	1139	175663.462
after	dense8	32	cold	1373	145716.471
after	dense8	32	cold	1348	148504.975
before	dense8	32	cold	1109	180402.420
before	dense32	1	warm	26068	7672.424
after	dense32	1	warm	24441	8182.994
after	dense32	1	warm	26274	7612.273
before	dense32	1	warm	26374	7583.356
before	dense32	1	warm	25714	7778.020
after	dense32	1	warm	26767	7471.924
after	dense32	1	warm	26399	7576.172
before	dense32	1	warm	26509	7544.626
before	dense32	1	cold	3173	63039.003
after	dense32	1	cold	3356	59600.175
after	dense32	1	cold	3332	60035.899
before	dense32	1	cold	3274	61087.819
before	dense32	1	cold	3265	61267.414
after	dense32	1	cold	3130	63911.293
after	dense32	1	cold	3119	64130.602
before	dense32	1	cold	3186	62786.775
before	dense32	3	warm	10078	19846.971
after	dense32	3	warm	10733	18635.186
after	dense32	3	warm	10335	19352.012
before	dense32	3	warm	9806	20396.450
before	dense32	3	warm	10055	19891.714
after	dense32	3	warm	10528	18997.568
after	dense32	3	warm	10854	18427.245
before	dense32	3	warm	10548	18961.089
before	dense32	3	cold	2138	93577.616
after	dense32	3	cold	2099	95351.319
after	dense32	3	cold	2126	94093.775
before	dense32	3	cold	2104	95065.626
before	dense32	3	cold	2038	98145.607
after	dense32	3	cold	2108	94903.053
after	dense32	3	cold	2051	97542.123
before	dense32	3	cold	2072	96579.740
before	dense32	8	warm	3518	56851.011
after	dense32	8	warm	3665	54574.087
after	dense32	8	warm	3330	60073.455
before	dense32	8	warm	3185	62811.995
before	dense32	8	warm	3449	57993.734
after	dense32	8	warm	3486	57387.669
after	dense32	8	warm	3676	54411.196
before	dense32	8	warm	3469	57655.341
before	dense32	8	cold	1106	180953.680
after	dense32	8	cold	1100	181877.713
after	dense32	8	cold	1125	177821.703
before	dense32	8	cold	1095	182684.316
before	dense32	8	cold	1122	178298.079
after	dense32	8	cold	1110	180182.286
after	dense32	8	cold	1123	178226.526
before	dense32	8	cold	1022	195758.459
before	dense32	32	warm	406	493610.643
after	dense32	32	warm	403	496771.181
after	dense32	32	warm	394	507803.690
before	dense32	32	warm	409	489121.897
before	dense32	32	warm	393	509345.438
after	dense32	32	warm	375	533997.685
after	dense32	32	warm	369	543986.881
before	dense32	32	warm	256	782024.707
before	dense32	32	cold	277	722769.693
after	dense32	32	cold	260	771462.923
after	dense32	32	cold	256	784330.762
before	dense32	32	cold	236	849478.716
before	dense32	32	cold	245	819080.420
after	dense32	32	cold	219	917247.119
after	dense32	32	cold	234	856342.872
before	dense32	32	cold	257	782264.117
