sum	independent	16	128	993	201511.356	605928.6	52352	820834
bsum	independent	16	128	1014	197286.841	591213.8	52024	548765
isum	independent	16	128	1003	199554.340	573843.1	51880	101099
isum	independent	16	128	837	239058.378	574126.8	51880	115512
bsum	independent	16	128	1056	189537.585	589804.6	52024	971474
sum	independent	16	128	982	203668.386	605603.2	52352	989569
sum	independent	16	128	985	203229.188	605683.1	52352	777359
bsum	independent	16	128	915	218780.193	591268.6	52024	49473
isum	independent	16	128	622	322102.069	574868.5	51880	671418
isum	independent	16	128	1004	199287.181	573877.9	51880	129610
bsum	independent	16	128	951	210428.203	590000.3	52024	951753
sum	independent	16	128	903	221516.535	606259.5	52352	660450
sum	independent	128	128	93	2163480.226	6138009.2	143832	126464
bsum	independent	128	128	120	1668715.717	4816836.3	52224	66643
isum	independent	128	128	126	1597670.341	4651401.8	52000	435758
isum	independent	128	128	129	1557707.566	4651218.1	52000	680254
bsum	independent	128	128	125	1615702.368	4819226.9	52224	408337
sum	independent	128	128	102	1966161.402	6141127.4	143832	382699
sum	independent	128	128	103	1957952.272	6141142.4	143832	110821
bsum	independent	128	128	125	1609807.048	4819226.9	52224	408337
isum	independent	128	128	132	1520878.250	4649516.4	52000	860252
isum	independent	128	128	131	1537208.855	4650258.3	52000	747212
bsum	independent	128	128	129	1557648.845	4819093.0	52224	680240
sum	independent	128	128	99	2020486.263	6140828.7	143832	859939
sum	independent	512	128	13	15815994.846	49830244.3	340120	916305
bsum	independent	512	128	28	7385875.036	19430692.6	229600	116606
isum	independent	512	128	32	6285943.406	18685949.2	52952	342905
isum	independent	512	128	33	6229527.030	18685692.4	52952	267443
bsum	independent	512	128	27	7551211.037	19427949.0	229600	846392
sum	independent	512	128	13	15647761.000	49830244.3	340120	916305
sum	independent	512	128	13	15626318.615	49830244.3	340120	916305
bsum	independent	512	128	26	7764872.885	19425473.5	229600	814052
isum	independent	512	128	33	6140376.758	18685692.4	52952	267443
isum	independent	512	128	33	6181536.394	18685692.4	52952	267443
bsum	independent	512	128	26	7726595.308	19425473.5	229600	814052
sum	independent	512	128	13	15796240.615	49830244.3	340120	916305
sum	dependent	16	128	968	206703.913	624866.8	52088	546668
bsum	dependent	16	128	190	1055332.658	3144446.0	52416	777688
isum	dependent	16	128	195	1028441.615	3096810.3	52160	508085
isum	dependent	16	128	191	1049260.717	3094249.0	52160	745299
bsum	dependent	16	128	187	1075887.770	3143934.3	52416	392543
sum	dependent	16	128	961	208288.418	624824.0	52088	356783
sum	dependent	16	128	957	209039.688	624867.5	52088	477933
bsum	dependent	16	128	184	1088004.924	3144689.5	52416	853247
isum	dependent	16	128	194	1034016.469	3096110.9	52160	194319
isum	dependent	16	128	193	1040673.539	3095446.2	52160	801125
bsum	dependent	16	128	187	1072070.348	3143934.3	52416	392543
sum	dependent	16	128	963	207748.379	624822.8	52088	169680
sum	dependent	128	128	87	2307162.425	6303131.0	429280	274921
bsum	dependent	128	128	3	93247011.000	239759309.3	5906168	16676
isum	dependent	128	128	3	79132764.667	234580928.0	185792	16676
isum	dependent	128	128	3	79365562.333	234580928.0	185792	16676
bsum	dependent	128	128	3	96996165.000	239759309.3	5906168	16676
sum	dependent	128	128	86	2340046.035	6301696.1	429280	440277
sum	dependent	128	128	86	2348283.163	6301696.1	429280	440277
bsum	dependent	128	128	3	96755504.667	239759309.3	5906168	16676
isum	dependent	128	128	3	79460571.333	234580928.0	185792	16676
isum	dependent	128	128	3	83142892.667	234580928.0	185792	16676
bsum	dependent	128	128	2	102759543.500	239896008.0	5565152	60706
sum	dependent	128	128	86	2351968.698	6301696.1	429280	440277
sum	dependent	512	128	12	17932140.750	50738440.0	1575816	70503
bsum	dependent	512	128	1	3204556614.000	7795469936.0	94966768	139355
isum	dependent	512	128	1	2655793250.000	7653441864.0	2837672	139355
isum	dependent	512	128	1	2664250988.000	7653441864.0	2837672	139355
bsum	dependent	512	128	1	2998112148.000	7795469936.0	94966768	139355
sum	dependent	512	128	12	17428744.750	50738440.0	1575816	70503
sum	dependent	512	128	12	17226704.333	50738440.0	1575816	70503
bsum	dependent	512	128	1	2995504162.000	7795469936.0	94966768	139355
isum	dependent	512	128	1	2599521903.000	7653441864.0	2837672	139355
isum	dependent	512	128	1	2615508329.000	7653441864.0	2837672	139355
bsum	dependent	512	128	1	2976449103.000	7795469936.0	94966768	139355
sum	dependent	512	128	12	17931381.250	50738440.0	1575816	70503
