before	1	1	2968942	67.364
after	1	1	2691837	74.299
fast	1	1	2936201	68.115
fast	1	1	2918318	68.533
after	1	1	2720367	73.520
before	1	1	3013373	66.371
before	1	1	2976992	67.182
after	1	1	2624905	76.193
fast	1	1	2738365	73.036
fast	1	1	2736267	73.092
after	1	1	2660763	75.166
before	1	1	3039463	65.801
before	3	3	1626079	122.995
after	3	3	1268025	157.726
fast	3	3	1590372	125.757
fast	3	3	1498208	133.493
after	3	3	1260424	158.677
before	3	3	1596710	125.258
before	3	3	1593112	125.540
after	3	3	1225853	163.152
fast	3	3	1580732	126.524
fast	3	3	1575716	126.926
after	3	3	1258055	158.976
before	3	3	1596211	125.297
before	8	3	1548194	129.183
after	8	3	1261895	158.492
fast	8	3	1569089	127.463
fast	8	3	1541009	129.785
after	8	3	1259338	158.814
before	8	3	1622040	123.302
before	8	3	1585500	126.143
after	8	3	1271818	157.255
fast	8	3	1543824	129.549
fast	8	3	1529510	130.761
after	8	3	1195614	167.278
before	8	3	1554223	128.682
before	20	20	118260	1691.192
after	20	20	207778	962.569
fast	20	20	210682	949.301
fast	20	20	210938	948.150
after	20	20	202017	990.017
before	20	20	117372	1704.004
before	20	20	118933	1681.632
after	20	20	207104	965.700
fast	20	20	210538	949.950
fast	20	20	196849	1016.008
after	20	20	207072	965.851
before	20	20	116446	1717.541
