exp	-8	1	8	0	1	1	256
exp	-8	1	24	1407	4194304	1	16777216
exp	-8	1	64	1547048310802923	4611686018427387904	1	18446744073709551616
exp	-4	1	8	1	64	1	256
exp	-4	1	24	307285	16777216	1	16777216
exp	-4	1	64	168931951563480719	9223372036854775808	1	18446744073709551616
exp	-1	1	8	47	128	1	256
exp	-1	1	24	6171993	16777216	1	16777216
exp	-1	1	64	6786177901268885275	18446744073709551616	1	18446744073709551616
exp	-1	2	8	155	256	1	256
exp	-1	2	24	1271987	2097152	1	16777216
exp	-1	2	64	2797128963144291325	4611686018427387904	1	18446744073709551616
exp	0	1	8	1	1	1	256
exp	0	1	24	1	1	1	16777216
exp	0	1	64	1	1	1	18446744073709551616
exp	1	2	8	211	128	1	256
exp	1	2	24	27660953	16777216	1	16777216
exp	1	2	64	30413539329486470295	18446744073709551616	1	18446744073709551616
exp	1	1	8	87	32	1	256
exp	1	1	24	45605201	16777216	1	16777216
exp	1	1	64	50143449209799256683	18446744073709551616	1	18446744073709551616
exp	4	1	8	13977	256	1	256
exp	4	1	24	229001239	4194304	1	16777216
exp	4	1	64	1007158100559408451355	18446744073709551616	1	18446744073709551616
exp	8	1	8	763125	256	1	256
exp	8	1	24	12503044009	4194304	1	16777216
exp	8	1	64	54988969081439155412737	18446744073709551616	1	18446744073709551616
sin	-4	1	8	97	128	1	256
sin	-4	1	24	12697039	16777216	1	16777216
sin	-4	1	64	6980270972645063107	9223372036854775808	1	18446744073709551616
sin	-1	1	8	-215	256	1	256
sin	-1	1	24	-14117541	16777216	1	16777216
sin	-1	1	64	-15522399902203605025	18446744073709551616	1	18446744073709551616
sin	-1	2	8	-123	256	1	256
sin	-1	2	24	-4021713	8388608	1	16777216
sin	-1	2	64	-4421920106516045777	9223372036854775808	1	18446744073709551616
sin	1	2	8	123	256	1	256
sin	1	2	24	4021713	8388608	1	16777216
sin	1	2	64	4421920106516045777	9223372036854775808	1	18446744073709551616
sin	1	1	8	215	256	1	256
sin	1	1	24	14117541	16777216	1	16777216
sin	1	1	64	15522399902203605025	18446744073709551616	1	18446744073709551616
sin	4	1	8	-97	128	1	256
sin	4	1	24	-12697039	16777216	1	16777216
sin	4	1	64	-6980270972645063107	9223372036854775808	1	18446744073709551616
cos	-4	1	8	-167	256	1	256
cos	-4	1	24	-685395	1048576	1	16777216
cos	-4	1	64	-3014399147370971529	4611686018427387904	1	18446744073709551616
cos	-1	1	8	69	128	1	256
cos	-1	1	24	141637	262144	1	16777216
cos	-1	1	64	4983409179392355913	9223372036854775808	1	18446744073709551616
cos	-1	2	8	7	8	1	256
cos	-1	2	24	230053	262144	1	16777216
cos	-1	2	64	8094270461371039351	9223372036854775808	1	18446744073709551616
cos	0	1	8	1	1	1	256
cos	0	1	24	1	1	1	16777216
cos	0	1	64	1	1	1	18446744073709551616
cos	1	2	8	7	8	1	256
cos	1	2	24	230053	262144	1	16777216
cos	1	2	64	8094270461371039351	9223372036854775808	1	18446744073709551616
cos	1	1	8	69	128	1	256
cos	1	1	24	141637	262144	1	16777216
cos	1	1	64	4983409179392355913	9223372036854775808	1	18446744073709551616
cos	4	1	8	-167	256	1	256
cos	4	1	24	-685395	1048576	1	16777216
cos	4	1	64	-3014399147370971529	4611686018427387904	1	18446744073709551616
ln	1	16	8	-355	128	1	256
ln	1	16	24	-1453635	524288	1	16777216
ln	1	16	64	-51145234580810622639	18446744073709551616	1	18446744073709551616
ln	1	4	8	-355	256	1	256
ln	1	4	24	-1453635	1048576	1	16777216
ln	1	4	64	-3196577161300663915	2305843009213693952	1	18446744073709551616
ln	1	2	8	-89	128	1	256
ln	1	2	24	-1453635	2097152	1	16777216
ln	1	2	64	-3196577161300663915	4611686018427387904	1	18446744073709551616
ln	1	1	8	0	1	1	256
ln	1	1	24	0	1	1	16777216
ln	1	1	64	0	1	1	18446744073709551616
ln	3	2	8	13	32	1	256
ln	3	2	24	425161	1048576	1	16777216
ln	3	2	64	7479511080090283979	18446744073709551616	1	18446744073709551616
ln	2	1	8	161	256	1	256
ln	2	1	24	10485761	16777216	1	16777216
ln	2	1	64	11529215046068469761	18446744073709551616	1	18446744073709551616
ln	8	1	8	133	64	1	256
ln	8	1	24	1065	512	1	16777216
ln	8	1	64	1065	512	1	18446744073709551616
sqrt	1	16	8	1	4	1	256
sqrt	1	16	24	1	4	1	16777216
sqrt	1	16	64	1	4	1	18446744073709551616
sqrt	1	4	8	1	2	1	256
sqrt	1	4	24	1	2	1	16777216
sqrt	1	4	64	1	2	1	18446744073709551616
sqrt	1	1	8	1	1	1	256
sqrt	1	1	24	1	1	1	16777216
sqrt	1	1	64	1	1	1	18446744073709551616
sqrt	2	1	8	181	128	1	256
sqrt	2	1	24	11863283	8388608	1	16777216
sqrt	2	1	64	26087635650665564425	18446744073709551616	1	18446744073709551616
sqrt	4	1	8	2	1	1	256
sqrt	4	1	24	2	1	1	16777216
sqrt	4	1	64	2	1	1	18446744073709551616
sqrt	8	1	8	181	64	1	256
sqrt	8	1	24	47453133	16777216	1	16777216
sqrt	8	1	64	52175271301331128849	18446744073709551616	1	18446744073709551616
atan	-1	1	8	-201	256	1	256
atan	-1	2	8	-119	256	1	256
atan	-1	2	24	-1944679	4194304	1	16777216
atan	-1	2	64	-8552788783625223587	18446744073709551616	1	18446744073709551616
atan	1	2	8	119	256	1	256
atan	1	2	24	1944679	4194304	1	16777216
atan	1	2	64	8552788783625223587	18446744073709551616	1	18446744073709551616
atan	1	1	8	201	256	1	256
pi	0	1	8	201	64	1	256
pi	0	1	24	26353589	8388608	1	16777216
pi	0	1	64	57952155664616982739	18446744073709551616	1	18446744073709551616
