file	bytes	lines	sha256
.appveyor.yml	800	31	cd70c6192f25ca4776ab79ef1acdedb149b0579787421e7048add86c64a817de
.gitignore	60	6	693ab1bb33f507730631b2149d95a80114b6ecea5a92c2b324e12608747ea73f
.travis.yml	338	16	711eea1c469320d62a6a8d6c837ed3d91bca4c962dea207de1100f1e9e5064fe
LICENSE	1060	19	8c243867263f56ad4051e5488d8a6ed2f30d88cb7af5a191adaf25927809b1c6
Project.toml	220	13	0cb03e7e6fe483583a7f6113d1e63b3efa3db516689ced624467e92825e78913
README.md	1831	64	f7be6f2ce26130889630cf1db80445f3c4ecfde2dfa013a716101d0a3705a89e
examples/logistic.jl	1036	59	6c831bda4bdac9f15003f803cebac686b2a02decdceb838b8dc2f6cf58468e55
src/ExactReals.jl	319	18	229f431368dd6bbee4134785e8d123176c41b6a7d1838fcd8eea7be05ef10fed
src/arithmetic.jl	1070	58	f395bd47c8e94c14003d414be46d86eeb719a127518f674745e83bbe9aa77071
src/exact_reals.jl	1354	59	261df435286317d2c0c7f0a152a9f5977055421192e903dc702811ab21c924d5
test/runtests.jl	818	39	60da7d0cd63ee9e02c47d964fc4b79d551f415215943024bc03a36c4fa37c159
