current	mixed	128	128	1	3766.633	0	0
seq-lcm	mixed	128	128	1	3535.089	0	0
balanced-lcm	mixed	128	128	1	4786.383	0	0
balanced-add	mixed	128	128	1	4076.331	0	0
current	mixed	256	512	1	1203848.986	0	0
seq-lcm	mixed	256	512	1	1301818.161	0	0
balanced-lcm	mixed	256	512	1	1336655.010	0	0
balanced-add	mixed	256	512	1	1496937.126	0	0
current	independent	128	128	1	2198.789	0	0
seq-lcm	independent	128	128	1	2258.186	0	0
balanced-lcm	independent	128	128	1	4307.686	0	0
balanced-add	independent	128	128	1	3520.139	0	0
current	independent	256	512	1	1161654.361	0	0
seq-lcm	independent	256	512	1	1173022.004	0	0
balanced-lcm	independent	256	512	1	1287436.644	0	0
balanced-add	independent	256	512	1	1448365.816	0	0
balanced-add	mixed	128	128	2	3838.607	0	0
balanced-lcm	mixed	128	128	2	4576.518	0	0
seq-lcm	mixed	128	128	2	3306.494	0	0
current	mixed	128	128	2	3135.226	0	0
balanced-add	mixed	256	512	2	1237172.649	0	0
balanced-lcm	mixed	256	512	2	1206662.375	0	0
seq-lcm	mixed	256	512	2	1164067.906	0	0
current	mixed	256	512	2	1151480.856	0	0
balanced-add	independent	128	128	2	3391.438	0	0
balanced-lcm	independent	128	128	2	4200.913	0	0
seq-lcm	independent	128	128	2	2249.656	0	0
current	independent	128	128	2	2180.741	0	0
balanced-add	independent	256	512	2	1176750.279	0	0
balanced-lcm	independent	256	512	2	1215408.706	0	0
seq-lcm	independent	256	512	2	1142639.190	0	0
current	independent	256	512	2	1207861.923	0	0
current	mixed	128	128	3	3235.638	0	0
seq-lcm	mixed	128	128	3	3399.328	0	0
balanced-lcm	mixed	128	128	3	6683.303	0	0
balanced-add	mixed	128	128	3	4649.762	0	0
current	mixed	256	512	3	1225567.653	0	0
seq-lcm	mixed	256	512	3	1195598.620	0	0
balanced-lcm	mixed	256	512	3	1246195.643	0	0
balanced-add	mixed	256	512	3	1200982.713	0	0
current	independent	128	128	3	2153.203	0	0
seq-lcm	independent	128	128	3	2326.211	0	0
balanced-lcm	independent	128	128	3	4574.478	0	0
balanced-add	independent	128	128	3	4387.740	0	0
current	independent	256	512	3	1160439.174	0	0
seq-lcm	independent	256	512	3	1169772.996	0	0
balanced-lcm	independent	256	512	3	1262563.584	0	0
balanced-add	independent	256	512	3	1213610.240	0	0
