variant	mode	digits	reps	offset	cpu_ns_per_query	allocated_bytes	live_managed_bytes	checksum
last	warm	32	10000	0	539068.216	19448946096	254096	126749190000
finest	warm	32	10000	0	2167.479	78717032	254120	126749190000
last	mixed	32	500	0	512929.910	964670336	254096	201453010000
finest	mixed	32	500	0	4250.006	4061672	254144	6337459500
last	cold	32	100	0	530382.690	197873624	258280	62318261807
finest	cold	32	100	0	524803.420	197869448	254088	62318261807
last	warm	256	10000	0	534983.116	19423865472	270168	7160321510000
finest	warm	256	10000	0	3546.645	172321144	270232	7160321510000
last	mixed	256	500	0	529909.442	964045792	270192	377292318000
finest	mixed	256	500	0	4993.282	8741688	270256	358016075500
last	cold	256	100	0	536974.930	200264920	274104	56476294882
finest	cold	256	100	0	554183.180	200262152	270200	56476294882
last	warm	1024	10000	0	644713.145	21013283592	327496	7637966120000
finest	warm	1024	10000	0	8502.804	1157761088	331384	7637966120000
last	mixed	1024	500	0	569849.726	1003775728	331224	389233433250
finest	mixed	1024	500	0	9628.278	58017632	331408	381898306000
last	cold	1024	100	0	661401.550	217216176	331168	35220674608
finest	cold	1024	100	0	671100.430	217219464	331384	35220674608
finest	warm	32	10000	1	2202.517	78477008	254136	9627566680000
last	warm	32	10000	1	535746.003	19373590976	254168	9627566680000
finest	mixed	32	500	1	3987.726	4049624	254160	481378334000
last	mixed	32	500	1	513584.164	960912008	254184	423714733000
finest	cold	32	100	1	555786.770	197876496	254104	66048969295
last	cold	32	100	1	546259.050	197877024	254192	66048969295
finest	warm	256	10000	1	3315.508	172561160	270248	3266794070000
last	warm	256	10000	1	535575.157	19498883672	270064	3266794070000
finest	mixed	256	500	1	5077.456	8753704	270272	163339703500
last	mixed	256	500	1	504870.700	964046040	274272	264695417750
finest	cold	256	100	1	552971.550	201128968	270216	49144342252
last	cold	256	100	1	548358.960	201124640	274216	49144342252
finest	warm	1024	10000	1	8309.308	1158001064	334328	2144865540000
last	warm	1024	10000	1	631355.264	21312806232	330896	2144865540000
finest	mixed	1024	500	1	9521.746	58029608	334352	107243277000
last	mixed	1024	500	1	608978.644	1009395736	331656	236647204500
finest	cold	1024	100	1	647682.890	217988464	334328	32354293336
last	cold	1024	100	1	664070.240	217988576	334320	32354293336
last	warm	32	10000	2	515556.013	19523605992	254176	5824109710000
finest	warm	32	10000	2	2200.699	78717024	254128	5824109710000
last	mixed	32	500	2	500947.168	968411000	254184	336662407250
finest	mixed	32	500	2	3812.440	4061664	254152	291205485500
last	cold	32	100	2	528924.580	198417240	258192	58515986463
finest	cold	32	100	2	539088.020	198417088	254096	58515986463
last	warm	256	10000	2	534482.993	19723524848	270088	4947253010000
finest	warm	256	10000	2	3316.802	172557032	274288	4947253010000
last	mixed	256	500	2	515749.368	973394544	269984	314740989750
finest	mixed	256	500	2	4905.554	8753648	274312	247362650500
last	cold	256	100	2	541616.010	201786624	274160	46150767945
finest	cold	256	100	2	552472.310	201786960	274256	46150767945
last	warm	1024	10000	2	633827.298	21388006624	334776	1606991460000
finest	warm	1024	10000	2	8967.053	1157997024	333568	1606991460000
last	mixed	1024	500	2	564576.200	1015020064	334064	231234451000
finest	mixed	1024	500	2	9580.106	58029640	333592	80349573000
last	cold	1024	100	2	646243.700	218414208	331848	39105314215
finest	cold	1024	100	2	660754.280	218413920	333568	39105314215
finest	warm	32	10000	3	2182.328	78477024	254088	8722624420000
last	warm	32	10000	3	520632.648	19523557896	254040	8722624420000
finest	mixed	32	500	3	4240.208	4049664	254112	436131221000
last	mixed	32	500	3	503010.222	970261376	254232	383837780500
finest	cold	32	100	3	535306.240	198507512	254056	64154547450
last	cold	32	100	3	532941.910	198507456	254032	64154547450
finest	warm	256	10000	3	3398.319	172557016	274536	8196981820000
last	warm	256	10000	3	553979.232	19798325704	270240	8196981820000
finest	mixed	256	500	3	5157.172	8753632	274560	409849091000
last	mixed	256	500	3	535090.730	977147384	270032	370696715500
finest	cold	256	100	3	598958.240	202003960	274504	42098994022
last	cold	256	100	3	564196.030	202005880	274248	42098994022
finest	warm	1024	10000	3	8466.983	1158001064	334952	6178248190000
last	warm	1024	10000	3	682558.874	21387926232	331432	6178248190000
finest	mixed	1024	500	3	9861.638	58029608	334976	308912409500
last	mixed	1024	500	3	588335.612	1016892056	334080	320228374750
finest	cold	1024	100	3	688631.630	218440336	334952	45331748776
last	cold	1024	100	3	675215.300	218438336	331400	45331748776
last	warm	32	10000	4	520750.570	19373693912	253976	5632760960000
finest	warm	32	10000	4	2180.099	78477008	254016	5632760960000
last	mixed	32	500	4	511608.386	960919608	254016	360931152500
finest	mixed	32	500	4	3779.104	4049624	254040	281638048000
last	cold	32	100	4	524913.730	198716448	254032	63241588839
finest	cold	32	100	4	529893.610	198716584	253984	63241588839
last	warm	256	10000	4	541098.299	19798726184	274120	5811538100000
finest	warm	256	10000	4	3221.216	172557016	274088	5811538100000
last	mixed	256	500	4	507128.902	971530736	274040	365400581000
finest	mixed	256	500	4	5013.986	8753632	274112	290576905000
last	cold	256	100	4	547042.580	202325920	274088	31900422813
finest	cold	256	100	4	566005.970	202325032	274056	31900422813
last	warm	1024	10000	4	645540.670	21612407024	330576	2294338230000
finest	warm	1024	10000	4	8235.693	1157997064	334256	2294338230000
last	mixed	1024	500	4	559186.096	1016885656	333936	277470584250
finest	mixed	1024	500	4	9424.096	58029704	334280	114716911500
last	cold	1024	100	4	693327.790	218462568	334272	48325217005
finest	cold	1024	100	4	691768.240	218461056	334232	48325217005
finest	warm	32	10000	5	2522.616	78477024	254192	6841794090000
last	warm	32	10000	5	526363.041	19523525832	254128	6841794090000
finest	mixed	32	500	5	5807.856	4049664	254216	342089704500
last	mixed	32	500	5	527598.924	970282888	254248	311012422000
finest	cold	32	100	5	526845.440	199150800	254160	65155376330
last	cold	32	100	5	526644.450	199151576	254088	65155376330
finest	warm	256	10000	5	3199.695	172317008	274616	9304130370000
last	warm	256	10000	5	536515.396	19873129752	274360	9304130370000
finest	mixed	256	500	5	5029.260	8741624	274640	465206518500
last	mixed	256	500	5	529049.822	979023640	274384	372570829000
finest	cold	256	100	5	558524.180	202436328	274584	26164223843
last	cold	256	100	5	541324.120	202439832	274208	26164223843
finest	warm	1024	10000	5	8118.004	1157757064	334264	2047891080000
last	warm	1024	10000	5	656112.706	21612085840	331360	2047891080000
finest	mixed	1024	500	5	9476.252	58017704	334288	102394554000
last	mixed	1024	500	5	568772.910	1022497320	331384	191164846750
finest	cold	1024	100	5	650372.860	218350712	334240	55337156069
last	cold	1024	100	5	647027.830	218351472	338096	55337156069
