100644 0335d21945e478f2c96d833702d99eee6ddcfe81 0	.github/workflows/javadoc.yml
100644 1e148e7eb47005d973c7c6affd9247438c97146e 0	.github/workflows/maven.yml
100644 0d7bd25268fd380bd07a48ecd94c19b1afa2a8b6 0	.gitignore
100644 3b61ef9a672d788ac2d256c525157cad679ce6bb 0	CITATION.cff
100644 1f27a53545e6eb9d7754e6def4b1647e095b7d6a 0	LICENSE
100644 57cceb40279b26b04129333fa8ab2a3f0ed0bdd9 0	README.md
100644 673ca8cf34ba3b23be4948f1134ea3d867a25f10 0	abstractions.svg
100644 c6f89c5fd44ce2c6da8bb0b44e9eb04939bd6d1c 0	class-group/pom.xml
100644 807382eb1286832e12a592aaef726cf23ce852c0 0	class-group/src/main/java/dk/jonaslindstrom/ruffini/quadraticform/ClassGroup.java
100644 7cc8814ce269b80ff52a981044e500a08dd8eb43 0	class-group/src/main/java/dk/jonaslindstrom/ruffini/quadraticform/QuadraticForm.java
100644 352c6b4919968c868bfa0e5b24a1219f40176099 0	class-group/test/java/QuadraticFormTests.java
100644 97e2ff4ba5f706bc7c5dac8ef4f8c6331c3aa193 0	common/pom.xml
100644 c526b193c3ca173a9ec81b9577d5751b5e82e4fd 0	common/src/main/java/dk/jonaslindstrom/ruffini/common/abstractions/AdditiveGroup.java
100644 4354b5a0c32ce3481dfbcdb99543ef1dcd0c609a 0	common/src/main/java/dk/jonaslindstrom/ruffini/common/abstractions/CommutativeMonoid.java
100644 c93c3167244594f52764264f121f7524b4f7b242 0	common/src/main/java/dk/jonaslindstrom/ruffini/common/abstractions/EuclideanDomain.java
100644 bf6c0627146bc875f0c671431bba463b8fcad961 0	common/src/main/java/dk/jonaslindstrom/ruffini/common/abstractions/Field.java
100644 fe950a9def8559cdd476cbb27254676bc8b20c15 0	common/src/main/java/dk/jonaslindstrom/ruffini/common/abstractions/Group.java
100644 6008dfd9f8e9af143e68738671b96216b1dfdb15 0	common/src/main/java/dk/jonaslindstrom/ruffini/common/abstractions/InnerProductSpace.java
100644 ce71b8dd29bdc8f2959a21783785460b01938ed6 0	common/src/main/java/dk/jonaslindstrom/ruffini/common/abstractions/Module.java
100644 f2e1737acc26296d92239cca62dfec0468c602d4 0	common/src/main/java/dk/jonaslindstrom/ruffini/common/abstractions/Monoid.java
100644 a525a736740be3ee9bd7004766b963a05744c79c 0	common/src/main/java/dk/jonaslindstrom/ruffini/common/abstractions/NormedVectorSpace.java
100644 d52161273c5cbd7e8b10d0328404800775dc2a9d 0	common/src/main/java/dk/jonaslindstrom/ruffini/common/abstractions/OrderedSet.java
100644 6688de7467dcabb4fdd7d695cb68c461240644a4 0	common/src/main/java/dk/jonaslindstrom/ruffini/common/abstractions/Ring.java
100644 fde70eaf4201a42451e08f7daa176cf7abe632dd 0	common/src/main/java/dk/jonaslindstrom/ruffini/common/abstractions/SemiRing.java
100644 067656140599d6b606d7fb6d81ae35c91e422d68 0	common/src/main/java/dk/jonaslindstrom/ruffini/common/abstractions/Semigroup.java
100644 885a7252857f065ffb553d7fb634125d97ff2335 0	common/src/main/java/dk/jonaslindstrom/ruffini/common/abstractions/Set.java
100644 7ae073b97a32a5d7c2beb3a738b68ffb2248b650 0	common/src/main/java/dk/jonaslindstrom/ruffini/common/abstractions/VectorSpace.java
100644 e573f18b2543d8bd00e350c0aa97821ab5fe431c 0	common/src/main/java/dk/jonaslindstrom/ruffini/common/algorithms/BarrettReduction.java
100644 1b7a45671ced32c64917e2b6377c143142b2d7b0 0	common/src/main/java/dk/jonaslindstrom/ruffini/common/algorithms/BigLegendreSymbol.java
100644 4419c7c421c6d28f88ba37e8ec0006873f00dd36 0	common/src/main/java/dk/jonaslindstrom/ruffini/common/algorithms/BinaryGCD.java
100644 f8c2084aaefdb47225b7882d0d65b305bbb45495 0	common/src/main/java/dk/jonaslindstrom/ruffini/common/algorithms/BitLength.java
100644 600a6c5d6a78aa3830169691019a3c11e12cfacd 0	common/src/main/java/dk/jonaslindstrom/ruffini/common/algorithms/ChineseRemainderTheorem.java
100644 0ed51ae6ddeedfcfdfc134654cbaa429a54c088a 0	common/src/main/java/dk/jonaslindstrom/ruffini/common/algorithms/DiscreteFourierTransform.java
100644 94ad1d15a7bec542941e934ba845046ba5527aa9 0	common/src/main/java/dk/jonaslindstrom/ruffini/common/algorithms/DotProduct.java
100644 4342333a0d8a6415cedd8a6d2a82457d24a0688c 0	common/src/main/java/dk/jonaslindstrom/ruffini/common/algorithms/EuclideanAlgorithm.java
100644 3a8e5ef69518c65cdc247af8df03794f718dba5e 0	common/src/main/java/dk/jonaslindstrom/ruffini/common/algorithms/IntegerRingEmbedding.java
100644 c51d43c9210a49955ecb77f9d2543930465079b7 0	common/src/main/java/dk/jonaslindstrom/ruffini/common/algorithms/InverseDiscreteFourierTransform.java
100644 ee6fe3d66571da374c5336984384f0af2f85d64e 0	common/src/main/java/dk/jonaslindstrom/ruffini/common/algorithms/JacobiSymbol.java
100644 7d5c4a8b86541bf3f5b465a9b757958902a8fc9a 0	common/src/main/java/dk/jonaslindstrom/ruffini/common/algorithms/Multiply.java
100644 e60e44a3333f072a6750fcea9cdde30eef2a3c56 0	common/src/main/java/dk/jonaslindstrom/ruffini/common/algorithms/Power.java
100644 0d980bd53ec61701510999ea07e3bc3c93693623 0	common/src/main/java/dk/jonaslindstrom/ruffini/common/algorithms/Product.java
100644 f44db68e2b67d551f951c3f9dcd8c501d27d3e4d 0	common/src/main/java/dk/jonaslindstrom/ruffini/common/algorithms/Projection.java
100644 7c0faa7957d52b3520051c81fb7d974a4ed3ece3 0	common/src/main/java/dk/jonaslindstrom/ruffini/common/algorithms/QuadraticEquation.java
100644 5a4cda6de6c8f452161232b97f62dea89fb008ed 0	common/src/main/java/dk/jonaslindstrom/ruffini/common/algorithms/Sum.java
100644 ed216f98c30c1724302e6400dc82229b95d77c37 0	common/src/main/java/dk/jonaslindstrom/ruffini/common/elements/Fraction.java
100644 ae01db5bfea4379e988e81ee3d632c653203815b 0	common/src/main/java/dk/jonaslindstrom/ruffini/common/exceptions/InvalidParametersException.java
100644 760677b0e55713d5cc698d4c75355fe3e05d5fc4 0	common/src/main/java/dk/jonaslindstrom/ruffini/common/exceptions/NotASquareException.java
100644 5be50b2b8c0bbde9ec8d1363f8bb55063633bd49 0	common/src/main/java/dk/jonaslindstrom/ruffini/common/exceptions/NotInvertibleException.java
100644 6bfb28bf425723900191a9948b7e85a844b90671 0	common/src/main/java/dk/jonaslindstrom/ruffini/common/functional/IntBinaryFunction.java
100644 4b240026ae91489f0d311a58e5dda0f30b70d1a1 0	common/src/main/java/dk/jonaslindstrom/ruffini/common/functional/TernaryOperator.java
100644 4a6daac4b18a8919b2c043ebdf15a00fd70faab5 0	common/src/main/java/dk/jonaslindstrom/ruffini/common/functional/TriFunction.java
100644 eb46b5f5005b175c559a2885715d741e70801500 0	common/src/main/java/dk/jonaslindstrom/ruffini/common/helpers/Calculator.java
100644 f5aa444427e616932715cb4ae47323965fa01f6c 0	common/src/main/java/dk/jonaslindstrom/ruffini/common/helpers/MultiOperator.java
100644 aa48131b797ebc35d0300e9543d780299a74ef42 0	common/src/main/java/dk/jonaslindstrom/ruffini/common/helpers/NullSafeRing.java
100644 215a615001edd21365ba2b5759351ab92ebb54f0 0	common/src/main/java/dk/jonaslindstrom/ruffini/common/helpers/PerformanceLoggingField.java
100644 32b8aded9da2fed184eb38ceeb80ce908f4a885b 0	common/src/main/java/dk/jonaslindstrom/ruffini/common/helpers/PerformanceLoggingRing.java
100644 bd174153646788b6956ea6d442c87466c3a28dbe 0	common/src/main/java/dk/jonaslindstrom/ruffini/common/matrices/algorithms/Determinant.java
100644 8fcaa0480c2ff4357cbc7d6e01103df3da0b4361 0	common/src/main/java/dk/jonaslindstrom/ruffini/common/matrices/algorithms/GaussianElimination.java
100644 bab87ceb90c077d90d7bed9e5fbc0e9081dade8b 0	common/src/main/java/dk/jonaslindstrom/ruffini/common/matrices/algorithms/GramMatrix.java
100644 858afba67cbbf0a9ddd83d6aa70f9bd942616410 0	common/src/main/java/dk/jonaslindstrom/ruffini/common/matrices/algorithms/GramSchmidt.java
100644 a0b14e4e1b20ecf00fd3c8ba5c21635560e4dbcb 0	common/src/main/java/dk/jonaslindstrom/ruffini/common/matrices/algorithms/GramSchmidtOverRing.java
100644 7f9f1e5a5cb90bd2e86cae2fd6bacd0d8830607d 0	common/src/main/java/dk/jonaslindstrom/ruffini/common/matrices/algorithms/KroneckerProduct.java
100644 36d821130208287ffbfc921b852a9b3dddc6d3e6 0	common/src/main/java/dk/jonaslindstrom/ruffini/common/matrices/algorithms/MatrixAddition.java
100644 03ac37cabb712585485912ae661b7d18ad9a7bf3 0	common/src/main/java/dk/jonaslindstrom/ruffini/common/matrices/algorithms/MatrixInversion.java
100644 a2eea1ca1c1784249c2fb64232c3c04939132b06 0	common/src/main/java/dk/jonaslindstrom/ruffini/common/matrices/algorithms/MatrixMultiplication.java
100644 e0a12d4cadd3c8ac3c07e8222d94e8db55248b41 0	common/src/main/java/dk/jonaslindstrom/ruffini/common/matrices/algorithms/QRDecomposition.java
100644 98eb24aa5255ca80853c2a1bd7bc1e94f696f4d3 0	common/src/main/java/dk/jonaslindstrom/ruffini/common/matrices/algorithms/StrassenMultiplication.java
100644 f787675b020e2e3988977a38765dfc8120d2b928 0	common/src/main/java/dk/jonaslindstrom/ruffini/common/matrices/elements/BaseMatrix.java
100644 be5385a7ed23c476b7a4e886791cb4cbd932ca2d 0	common/src/main/java/dk/jonaslindstrom/ruffini/common/matrices/elements/ConcreteMatrix.java
100644 81c37ebe0d230e07f6aaab7b3c3ba0eb69bdcf82 0	common/src/main/java/dk/jonaslindstrom/ruffini/common/matrices/elements/Matrix.java
100644 2015bfc551b4d3a8482c448492f9809e9058bb96 0	common/src/main/java/dk/jonaslindstrom/ruffini/common/matrices/elements/MatrixView.java
100644 99a37b350e74b5827d8d17c51dde931b0a213863 0	common/src/main/java/dk/jonaslindstrom/ruffini/common/matrices/elements/MutableMatrix.java
100644 26b340ed8b8c91334e8a8a58e5ee965d1652cb5e 0	common/src/main/java/dk/jonaslindstrom/ruffini/common/matrices/elements/SparseMatrix.java
100644 7f1021ad16df8c0504dd4cad2cb10dc645845c2a 0	common/src/main/java/dk/jonaslindstrom/ruffini/common/matrices/structures/GeneralLinearGroup.java
100644 605c5503bff50c5c6a4028e5984ee55be95fa2d7 0	common/src/main/java/dk/jonaslindstrom/ruffini/common/matrices/structures/MatrixRing.java
100644 7395d6c6b8f8c354c7b37f6f45817f2518ae3bd5 0	common/src/main/java/dk/jonaslindstrom/ruffini/common/structures/AbstractModule.java
100644 8e52c80f7ccb4cfcf65cec8539e1edcfb7d3ea37 0	common/src/main/java/dk/jonaslindstrom/ruffini/common/structures/AbstractVectorSpace.java
100644 24af4e4a312ccd30c7f64ff3bfcab3f652041d3f 0	common/src/main/java/dk/jonaslindstrom/ruffini/common/structures/FieldOfFractions.java
100644 2524958c055ce18d54b72be70d2076915aae9bbb 0	common/src/main/java/dk/jonaslindstrom/ruffini/common/structures/QuotientRing.java
100644 8fcda9361f1af178c341c69f45951bf20db3907a 0	common/src/main/java/dk/jonaslindstrom/ruffini/common/structures/VectorGroup.java
100644 3bd4ce0d5ad7d0f80d9c0145200076859fedeaec 0	common/src/main/java/dk/jonaslindstrom/ruffini/common/structures/VectorSpaceOverField.java
100644 a11ecda3d2377a2c201b0b8f6402b7d4bc7e9caa 0	common/src/main/java/dk/jonaslindstrom/ruffini/common/util/ArgMax.java
100644 06547a75e08919b44326e79b3a62a50c014ce32a 0	common/src/main/java/dk/jonaslindstrom/ruffini/common/util/ArrayUtils.java
100644 c03d8e0e480b5e016dd13bbc7d7debbdf7db9edb 0	common/src/main/java/dk/jonaslindstrom/ruffini/common/util/DataConversionPrimitives.java
100644 05b45fb31833bdcecea89521b713d799d2bd3da3 0	common/src/main/java/dk/jonaslindstrom/ruffini/common/util/EncodingUtils.java
100644 5846f07373954c3b35d46b0c606dc6c4c0dcd2f0 0	common/src/main/java/dk/jonaslindstrom/ruffini/common/util/MathUtils.java
100644 9ee56e56861f3bcd797e8db09b09fb1db30eecfd 0	common/src/main/java/dk/jonaslindstrom/ruffini/common/util/MatrixIndex.java
100644 30d1c253075e97648680347a481ebec83d1b1eb3 0	common/src/main/java/dk/jonaslindstrom/ruffini/common/util/MultiDimensionalArray.java
100644 79f12b540a9c9f1c3aca4dc8f19241e7cc8861a7 0	common/src/main/java/dk/jonaslindstrom/ruffini/common/util/Pair.java
100644 47b330a93cea1d6d3987ba9bd57996f15ce843ed 0	common/src/main/java/dk/jonaslindstrom/ruffini/common/util/PermutationUtils.java
100644 a1f36b5d3805a4301ca5c19f7f4b96a25bacab86 0	common/src/main/java/dk/jonaslindstrom/ruffini/common/util/SamePair.java
100644 c8cc954a2336dcca5a81df477fb34f4e0e8c33ea 0	common/src/main/java/dk/jonaslindstrom/ruffini/common/util/SamplingUtils.java
100644 b9a6a4eb1fd7a1e5cb817959725e757bd281337e 0	common/src/main/java/dk/jonaslindstrom/ruffini/common/util/StreamUtils.java
100644 aef4774236881ba979ad12fd61f17791e5f5c7c2 0	common/src/main/java/dk/jonaslindstrom/ruffini/common/util/StringUtils.java
100644 eb0279d353e60385e44897bc60671ca499f5164a 0	common/src/main/java/dk/jonaslindstrom/ruffini/common/util/TestUtils.java
100644 f94fd88cfd0bda836ad06a511e8071b82ccb6439 0	common/src/main/java/dk/jonaslindstrom/ruffini/common/util/Triple.java
100644 f7fe49416afdf53e1d51eec064ea57dd0903f45f 0	common/src/main/java/dk/jonaslindstrom/ruffini/common/vector/BaseVector.java
100644 5250a2dd855c6e9686ff78836c9037208590d649 0	common/src/main/java/dk/jonaslindstrom/ruffini/common/vector/ConcreteVector.java
100644 2f3e0d5211acb2e98258e043ee5460b1132cfce0 0	common/src/main/java/dk/jonaslindstrom/ruffini/common/vector/ConstructiveVector.java
100644 c7185341d6a14dbe3b399590a789d42d95be0ed7 0	common/src/main/java/dk/jonaslindstrom/ruffini/common/vector/Vector.java
100644 44fb5ccf254ddd1f622cfa2f46729c1920b95db6 0	common/src/test/java/AlgorithmsTests.java
100644 6393b6a8cba363ab061f57b7b4290eed8836fd6d 0	demos/pom.xml
100644 8857523115e002e7fce1b2ea044af642906856d4 0	demos/src/main/java/demo/AKS.java
100644 7f10bafc8636c410e23e9e3d6f83ca16549e761f 0	demos/src/main/java/demo/BLS12381.java
100644 208a3beca2c6034dfc36aca4ddd7d71404e6f563 0	demos/src/main/java/demo/BellPolynomials.java
100644 94787a797055514fb33f89963a98736dd3078d83 0	demos/src/main/java/demo/CauchyMatrix.java
100644 33b460b79e5620ed67a80fe5cc127a1d1de06993 0	demos/src/main/java/demo/ConstructiveRealsDemo.java
100644 9d2cf4b7c3a32ed0f34331c212bec9b467a8c88b 0	demos/src/main/java/demo/DeterminantFormula.java
100644 2dc73a52e880bc7053bc0179a522db660f67963a 0	demos/src/main/java/demo/ECMDemo.java
100644 d5ea99cc49513e1edf2e93b7c0807020e763e618 0	demos/src/main/java/demo/HadamardMatrix.java
100644 a8e953150963095c59a55f7646629e2e0a334b6a 0	demos/src/main/java/demo/MultivariatePolynomials.java
100644 c0a134a76f4db5accb9231934c881883391bc584 0	demos/src/main/java/demo/PolynomialMultiplication.java
100644 5fe0675ea14e81ba9ec44e870adf6d32afd617f7 0	demos/src/main/java/demo/StrassenDemo.java
100644 bf24e8e6c320ebc4557e835bbfc0c241a4294a85 0	demos/src/main/java/demo/WeilPairingDemo.java
100644 3c127f6756caaf545ea7955dede9c1ef8e5b6cd7 0	demos/src/main/java/demo/poseidon/Constants.java
100644 bdf23749c159dceeaa46b420a359a4940ea44c44 0	demos/src/main/java/demo/poseidon/Poseidon.java
100644 61f80199b649ff1dfa17be55d84364c260f3bc69 0	demos/src/main/java/demo/poseidon/poseidon_constants/constants00
100644 a7c30f998968bb1039d97975e5d279cff67895b6 0	demos/src/main/java/demo/poseidon/poseidon_constants/constants01
100644 64eb1acb3651204d08b0d57c465de416dc775ee1 0	demos/src/main/java/demo/poseidon/poseidon_constants/constants02
100644 35406120e99fbb687223b85c751f4d4923b5815a 0	demos/src/main/java/demo/poseidon/poseidon_constants/constants03
100644 2449f25112160526d8ee86a39e99e396f8f2bfb0 0	demos/src/main/java/demo/poseidon/poseidon_constants/constants04
100644 36daf95c569f36dbb86a713a65dfa9a4dd6858a3 0	demos/src/main/java/demo/poseidon/poseidon_constants/constants05
100644 2b8adb55e1b4ff3a3fe747f73686b59d21850af3 0	demos/src/main/java/demo/poseidon/poseidon_constants/constants06
100644 859485950f57ef3f82e9059db0d24beb0bd7fb4e 0	demos/src/main/java/demo/poseidon/poseidon_constants/constants07
100644 b8d9507c375e226e71708e1d134496a7a28868bf 0	demos/src/main/java/demo/poseidon/poseidon_constants/constants08
100644 ba0888cfc1f322113cb43af4a86f2027a1c7286e 0	demos/src/main/java/demo/poseidon/poseidon_constants/constants09
100644 f78e1faf93de2fadc42dba17081b8938f524ffd3 0	demos/src/main/java/demo/poseidon/poseidon_constants/constants10
100644 8c9502bb3bd4e9211d96c4c12baeeebc38f01287 0	demos/src/main/java/demo/poseidon/poseidon_constants/constants11
100644 c8fc358639c77227855af4cb75566a6bee0802d6 0	demos/src/main/java/demo/poseidon/poseidon_constants/constants12
100644 9d8c95e90e00ef58b62b8e07b7f24a03b87028bb 0	demos/src/main/java/demo/poseidon/poseidon_constants/constants13
100644 83d420225acc5bbe539e36f078f8bb6f7738ea31 0	demos/src/main/java/demo/poseidon/poseidon_constants/constants14
100644 4bf693068143080c5d783e5aca28937dec89a7fd 0	demos/src/main/java/demo/poseidon/poseidon_constants/constants15
100644 1466b2e598d144d8a62e99c3f1ad411f4ad37f85 0	demos/src/main/java/demo/poseidon/poseidon_constants/matrix00
100644 c1cf29f646b253a5d7e9c730a9eb06f2b4f0cdcc 0	demos/src/main/java/demo/poseidon/poseidon_constants/matrix01
100644 f8a516148c0aabd8063f2013e8c9572b817b4bce 0	demos/src/main/java/demo/poseidon/poseidon_constants/matrix02
100644 ae56c970681ebeebd195beb505caf992dc8f2c9f 0	demos/src/main/java/demo/poseidon/poseidon_constants/matrix03
100644 bf5e20c2fb6e389de01ccc42c17ba99606d25db5 0	demos/src/main/java/demo/poseidon/poseidon_constants/matrix04
100644 0b433c9085e9c4159b3299062235cc98daadcb4d 0	demos/src/main/java/demo/poseidon/poseidon_constants/matrix05
100644 df5dc5a2e0724221cdc495bbf6ec868bbf381b1a 0	demos/src/main/java/demo/poseidon/poseidon_constants/matrix06
100644 d99666626309f4edfcb163dab6031be5654f84b8 0	demos/src/main/java/demo/poseidon/poseidon_constants/matrix07
100644 43a5b9cebec80ad5a608ef90953d38cf49e6bc0f 0	demos/src/main/java/demo/poseidon/poseidon_constants/matrix08
100644 7c6dd627cdf5ea1e210c56d0309eef838c2853e7 0	demos/src/main/java/demo/poseidon/poseidon_constants/matrix09
100644 1f28a02591e0b9ada81cb9e9bb9b8078343bca39 0	demos/src/main/java/demo/poseidon/poseidon_constants/matrix10
100644 6036cc4f7122938be0652eed0642cb63c68b426d 0	demos/src/main/java/demo/poseidon/poseidon_constants/matrix11
100644 89a4dea2dc9e9ae0a45c8491b938c09201811346 0	demos/src/main/java/demo/poseidon/poseidon_constants/matrix12
100644 6b55db6b0659946d8448be5e476bd8c2b32bbe6d 0	demos/src/main/java/demo/poseidon/poseidon_constants/matrix13
100644 2ddbec8585a1b712468afab27f8fee616ebff680 0	demos/src/main/java/demo/poseidon/poseidon_constants/matrix14
100644 2e1b0148ea3ca6a183aab6782e02d427d2d1b96c 0	demos/src/main/java/demo/poseidon/poseidon_constants/matrix15
100644 cf22e020b8c2d44a79e7c8c2abd6108f36bc1ad2 0	elliptic/pom.xml
100644 9487b1cff18816f66e747e87ffa1cbcc8be42dba 0	elliptic/src/main/java/dk/jonaslindstrom/ruffini/elliptic/algorithms/MillersAlgorithm.java
100644 88332e9fcbb03c4f738fe4408557f85b3e9b9330 0	elliptic/src/main/java/dk/jonaslindstrom/ruffini/elliptic/algorithms/OptimalAtePairing.java
100644 d020d76b692eef31c5ace1c69e1483371e592240 0	elliptic/src/main/java/dk/jonaslindstrom/ruffini/elliptic/algorithms/WeilPairing.java
100644 eede2be83375c7bb67dadcc505a3c871b96816e5 0	elliptic/src/main/java/dk/jonaslindstrom/ruffini/elliptic/elements/AffinePoint.java
100644 75c503178b380fba419233139ccefae61eee04d4 0	elliptic/src/main/java/dk/jonaslindstrom/ruffini/elliptic/elements/EdwardsPoint.java
100644 500e452e67a891bfc7f6bf84943f95eacc15ba9e 0	elliptic/src/main/java/dk/jonaslindstrom/ruffini/elliptic/elements/JacobianPoint.java
100644 1d07ace6a852a176c5fd61572b1c842afa6bfe04 0	elliptic/src/main/java/dk/jonaslindstrom/ruffini/elliptic/elements/ProjectivePoint.java
100644 2d3ad3f47807823beb9d2a1017e70c45be1589f4 0	elliptic/src/main/java/dk/jonaslindstrom/ruffini/elliptic/structures/Curve25519.java
100644 da4be5591939532a1b78f4842154a7d0aa0d1b63 0	elliptic/src/main/java/dk/jonaslindstrom/ruffini/elliptic/structures/EdwardsCurve.java
100644 2f9264eae00d522a6bf24fd1bbf034f9538cc44c 0	elliptic/src/main/java/dk/jonaslindstrom/ruffini/elliptic/structures/MontgomeryCurve.java
100644 d68a845a41eb8ba5e643997927863db0c790798a 0	elliptic/src/main/java/dk/jonaslindstrom/ruffini/elliptic/structures/ShortWeierstrassCurveAffine.java
100644 66dc848dedda08219cfc01589f031eca7384c9c3 0	elliptic/src/main/java/dk/jonaslindstrom/ruffini/elliptic/structures/ShortWeierstrassCurveProjective.java
100644 16355482e26f23ba1ad60ae414fa62cedf4141ff 0	elliptic/src/main/java/dk/jonaslindstrom/ruffini/elliptic/structures/bls12381/BLS12381.java
100644 30df5d42c64c2072d06c452fb687db4acd34ad69 0	elliptic/src/main/java/dk/jonaslindstrom/ruffini/elliptic/structures/bls12381/Serialization.java
100644 5483c90e3c9d359e443fb7d6c3795b5b38697802 0	elliptic/src/main/java/dk/jonaslindstrom/ruffini/elliptic/structures/bn254/BN254.java
100644 7aeb7e296883bfa1f77e2458de8b9adb2d786710 0	elliptic/src/test/java/TestCurve25519.java
100644 905937bb57abe3604e34abcb4b8c37eac6c8fd5c 0	finite-fields/pom.xml
100644 f585359f314225b34e2955bd9c5af7f115caaa58 0	finite-fields/src/main/java/dk/jonaslindstrom/ruffini/finitefields/AlgebraicFieldExtension.java
100644 11eb064ba191282a697ea2236d34991f1e7e8e7c 0	finite-fields/src/main/java/dk/jonaslindstrom/ruffini/finitefields/BigFiniteField.java
100644 b2d525add7a525ef0cd88acb539b46f08ab27ceb 0	finite-fields/src/main/java/dk/jonaslindstrom/ruffini/finitefields/BigPrimeField.java
100644 641363ca6d489c9e71714a9debbe7be011b21773 0	finite-fields/src/main/java/dk/jonaslindstrom/ruffini/finitefields/FiniteField.java
100644 9a6f7c7f845a8eb05ae70130770a4422059d7880 0	finite-fields/src/main/java/dk/jonaslindstrom/ruffini/finitefields/GaussianRationals.java
100644 fa73515990c7cb9c7891722f76438438fe7dbf3b 0	finite-fields/src/main/java/dk/jonaslindstrom/ruffini/finitefields/PrimeField.java
100644 14d007a661931cc2b952e64c15b258e45fc56234 0	finite-fields/src/main/java/dk/jonaslindstrom/ruffini/finitefields/QuadraticField.java
100644 810ee3104b4f50621c75f02ed10cdac65f4a5bb6 0	finite-fields/src/main/java/dk/jonaslindstrom/ruffini/finitefields/algorithms/BerlekampRabinAlgorithm.java
100644 06670b35ef8564c071b460c049df1fd98963a4fa 0	finite-fields/src/main/java/dk/jonaslindstrom/ruffini/finitefields/algorithms/BigTonelliShanks.java
100644 221cd658e17f48da5df75109bdb463af939d1fbc 0	finite-fields/src/main/java/dk/jonaslindstrom/ruffini/finitefields/algorithms/TonelliShanks.java
100644 b7914f05bb19dd5a09e812d9c20a781c372a3818 0	finite-fields/src/test/java/AlgorithmTests.java
100644 1fcb2755352aa71aac0d4eff1bf560182437a43f 0	integers/pom.xml
100644 59776198ef4c55918d91028e03e374fc640604ab 0	integers/src/main/java/dk/jonaslindstrom/ruffini/integers/IntegerPolynomial.java
100644 d3d86fa51b00fcacb0785b40f0216fca7003cfd4 0	integers/src/main/java/dk/jonaslindstrom/ruffini/integers/algorithms/CongruenceSolver.java
100644 be97b354da737cb810b2079df2cb4e40b053da6c 0	integers/src/main/java/dk/jonaslindstrom/ruffini/integers/algorithms/EulersTotientFunction.java
100644 13d826bf7252570dd1029b9b7ce57b1a0bd7cbe3 0	integers/src/main/java/dk/jonaslindstrom/ruffini/integers/algorithms/ModularSquareRoot.java
100644 3372817a5de51e0cb302de0ee0f42a68b57d61e9 0	integers/src/main/java/dk/jonaslindstrom/ruffini/integers/algorithms/factorize/Factorize.java
100644 8998d9c8807619be97624c44f4fd5d71fa16ac4c 0	integers/src/main/java/dk/jonaslindstrom/ruffini/integers/algorithms/factorize/PollardRho.java
100644 dc29d29fa08377c9c6a2d52e904659d61298f9bc 0	integers/src/main/java/dk/jonaslindstrom/ruffini/integers/structures/BigIntegers.java
100644 1d974b138ec2eb5e95f6f480d28d871116f1a2e6 0	integers/src/main/java/dk/jonaslindstrom/ruffini/integers/structures/BigIntegersModuloN.java
100644 03527354ea3300f36b6527235f9ebf8f9ae9017c 0	integers/src/main/java/dk/jonaslindstrom/ruffini/integers/structures/BigRationals.java
100644 a9bb0d28af1e88abaad3b19e280c9381370dbe28 0	integers/src/main/java/dk/jonaslindstrom/ruffini/integers/structures/Integers.java
100644 13935e6ccb1488986bafb98a697b3df25a76189f 0	integers/src/main/java/dk/jonaslindstrom/ruffini/integers/structures/IntegersModuloN.java
100644 93ade67ebf89d7a6cb832f468865bff88702f5d0 0	integers/src/main/java/dk/jonaslindstrom/ruffini/integers/structures/Rationals.java
100644 e9dc613dc6074e7ca0ff04508378b4f372f425b9 0	integers/src/main/java/dk/jonaslindstrom/ruffini/integers/structures/limbs/BigElement.java
100644 8ec15d8ffd50951d78165629d4dca8d1a3e6eddd 0	integers/src/main/java/dk/jonaslindstrom/ruffini/integers/structures/limbs/BigElements.java
100644 5714dea38c36b739eecc23a6ad9c3bb14c5f9258 0	integers/src/test/java/TestIntegers.java
100644 a9827a49b71d54363821f9c5984929b3b1f222e3 0	parser/pom.xml
100644 fcb52016ad1f8627b1fb56c608f51eab25f6f08e 0	parser/src/main/java/dk/jonaslindstrom/arithmeticparser/EvaluationException.java
100644 6ff56a87636f0d5031078ec85dbcb10e4e040178 0	parser/src/main/java/dk/jonaslindstrom/arithmeticparser/Evaluator.java
100644 747d8eda7635160fda9ce257d068e587e70d2354 0	parser/src/main/java/dk/jonaslindstrom/arithmeticparser/MultiOperator.java
100644 2657af4b265f3ba20726323e9d2d94c44958b139 0	parser/src/main/java/dk/jonaslindstrom/arithmeticparser/NumberParser.java
100644 7e500d0d244a9692e8d5eb57ded909c16d4c6689 0	parser/src/main/java/dk/jonaslindstrom/arithmeticparser/Parser.java
100644 94dccb7abb84ad8e94ac8f29ce2f657a3c568dc9 0	parser/src/main/java/dk/jonaslindstrom/arithmeticparser/Token.java
100644 867226a2d1835a74bcdb0bdc691e02cfa8515d1a 0	parser/src/test/java/dk/jonaslindstrom/arithmeticparser/TestParser.java
100644 00b14f4d174d6d2424a99096e1aac274f1c37de4 0	permutations/pom.xml
100644 e115367113e34594483bafb7a61dcd4195432f54 0	permutations/src/main/java/dk/jonaslindstrom/ruffini/permutations/algorithms/RandomDerangement.java
100644 d6ceaa4c3ba071e8f265fefd22e4dc56aca5cc03 0	permutations/src/main/java/dk/jonaslindstrom/ruffini/permutations/elements/Permutation.java
100644 4bed80b3d9274a539bf4ea3a9d50b3bdf5eb2fc4 0	permutations/src/main/java/dk/jonaslindstrom/ruffini/permutations/structures/SymmetricGroup.java
100644 d2f13702521c70569a48d682c439a76d81fa4c83 0	permutations/src/test/java/PermutationTests.java
100644 666ea02509bb8cb24ff82b8386c514e8bcd3a321 0	polynomials/pom.xml
100644 083a7aa69ebe4b0151b6e708bfb1be3fbb53d34e 0	polynomials/src/main/java/dk/jonaslindstrom/ruffini/polynomials/algorithms/BatchPolynomialEvaluation.java
100644 f243791218e9841942e2ca420e76a82b0cb06e62 0	polynomials/src/main/java/dk/jonaslindstrom/ruffini/polynomials/algorithms/BinaryTree.java
100644 a6a41a3955a504b5ba700aa1ef5151d4540b615c 0	polynomials/src/main/java/dk/jonaslindstrom/ruffini/polynomials/algorithms/CharacteristicPolynomial.java
100644 8bed3e5b86c7ac9700cf6f41966ee0c39fbd613f 0	polynomials/src/main/java/dk/jonaslindstrom/ruffini/polynomials/algorithms/FastDivision.java
100644 9c84a175dd77a41f04a7362e9139ef3ed9a71931 0	polynomials/src/main/java/dk/jonaslindstrom/ruffini/polynomials/algorithms/GröbnerBasis.java
100644 117a8dc524020bf9324922de3b9390f855f896b9 0	polynomials/src/main/java/dk/jonaslindstrom/ruffini/polynomials/algorithms/Inversion.java
100644 524f7534a11c34c5a193d7d2ec4b5c4ea108f8e3 0	polynomials/src/main/java/dk/jonaslindstrom/ruffini/polynomials/algorithms/KaratsubaAlgorithm.java
100644 cb002373b03a143a4f39262ab5ff9b00b38866e4 0	polynomials/src/main/java/dk/jonaslindstrom/ruffini/polynomials/algorithms/LagrangePolynomial.java
100644 7b691b7faae2c494b86f99917ce2c4fb9372a9ba 0	polynomials/src/main/java/dk/jonaslindstrom/ruffini/polynomials/algorithms/Modulus.java
100644 f72dba6756130ba14ee3e1647580efa3d1c846e4 0	polynomials/src/main/java/dk/jonaslindstrom/ruffini/polynomials/algorithms/MultivariatePolynomialDivision.java
100644 4826175b7e4c0bca69ce26436b3b6f8e18d4a9c1 0	polynomials/src/main/java/dk/jonaslindstrom/ruffini/polynomials/algorithms/PolynomialInterpolation.java
100644 52d63919ac9c4b8c3a80cad51f894c4b124c9152 0	polynomials/src/main/java/dk/jonaslindstrom/ruffini/polynomials/algorithms/Remainder.java
100644 b53636cf9b7b24f385df9d405eb0ef33a24e5eb5 0	polynomials/src/main/java/dk/jonaslindstrom/ruffini/polynomials/elements/Monomial.java
100644 bb1a350aec743a2cc94838f76cddc81b09931954 0	polynomials/src/main/java/dk/jonaslindstrom/ruffini/polynomials/elements/MultivariatePolynomial.java
100644 b0cb33d0659c7e98f1acdec47e1bbb2444155098 0	polynomials/src/main/java/dk/jonaslindstrom/ruffini/polynomials/elements/Polynomial.java
100644 ab8c8cf4abae27c41daa5825555c3aad84104d2b 0	polynomials/src/main/java/dk/jonaslindstrom/ruffini/polynomials/elements/recursive/Constant.java
100644 0d81c19e53a3b7d677934bfc8ae68fbc7f103bc2 0	polynomials/src/main/java/dk/jonaslindstrom/ruffini/polynomials/elements/recursive/Monomial.java
100644 d53fdd863d9e327fa95d5c5f005820f08ae732b0 0	polynomials/src/main/java/dk/jonaslindstrom/ruffini/polynomials/elements/recursive/Polynomial.java
100644 6644545ef4decda0645a97db9f3cc01b5b535069 0	polynomials/src/main/java/dk/jonaslindstrom/ruffini/polynomials/ordering/GradedLexicographicalOrdering.java
100644 22101cc633e7f1d8f0e69bf735601a02d02e84c5 0	polynomials/src/main/java/dk/jonaslindstrom/ruffini/polynomials/ordering/LexicographicalOrdering.java
100644 be372cc7f70d05b757ae721692cf17552b23642d 0	polynomials/src/main/java/dk/jonaslindstrom/ruffini/polynomials/ordering/MonomialOrdering.java
100644 f76e49fa34c73f328bcc11a1d514b40c745bb0b5 0	polynomials/src/main/java/dk/jonaslindstrom/ruffini/polynomials/structures/MultivariatePolynomialRing.java
100644 33401b3c52fa6b9b73dfadceb11102b5c0ae2f9c 0	polynomials/src/main/java/dk/jonaslindstrom/ruffini/polynomials/structures/MultivariatePolynomialRingOverRing.java
100644 40b555626ce8efc659d9b96c502c7f0d4c281d48 0	polynomials/src/main/java/dk/jonaslindstrom/ruffini/polynomials/structures/PolynomialRing.java
100644 a8549579d9d220e30bea500ef91878ecd2813d7a 0	polynomials/src/main/java/dk/jonaslindstrom/ruffini/polynomials/structures/PolynomialRingFFT.java
100644 874ac14dd37e320d842698c9f9022267c6b2cf52 0	polynomials/src/main/java/dk/jonaslindstrom/ruffini/polynomials/structures/PolynomialRingKaratsuba.java
100644 976bd36fe9db58b03eca6be029aa94bb66d94452 0	polynomials/src/main/java/dk/jonaslindstrom/ruffini/polynomials/structures/PolynomialRingOverRing.java
100644 9b822cb9ea3c0f354da3a199a11118a3d2fee25a 0	polynomials/src/test/java/PolynomialTests.java
100644 2926a98d8e6435b18e1b2fe05a5668dc13891929 0	pom.xml
100644 9f882ec5765ed1ab06b20e398683ea8e65af38e3 0	reals/pom.xml
100644 756e33bdced25769535bd148a92805869834aac2 0	reals/src/main/java/dk/jonaslindstrom/ruffini/reals/algorithms/RungeKutta.java
100644 70a8935c587bf3ede133f04a9c628583c3845d03 0	reals/src/main/java/dk/jonaslindstrom/ruffini/reals/elements/ComplexNumber.java
100644 7a750d119b2a2a5010b9213fa4cea5de2cf8d3f4 0	reals/src/main/java/dk/jonaslindstrom/ruffini/reals/elements/ConstructiveReal.java
100644 35eb38924e5e1411616c7b034a43e52c3574a9c3 0	reals/src/main/java/dk/jonaslindstrom/ruffini/reals/structures/ComplexCoordinateSpace.java
100644 46f90025ffc093d0cd313834ac78813554ec20f6 0	reals/src/main/java/dk/jonaslindstrom/ruffini/reals/structures/ComplexNumbers.java
100644 2634720a72ba538b259f369ba40c16ca11630969 0	reals/src/main/java/dk/jonaslindstrom/ruffini/reals/structures/ConstructiveReals.java
100644 35436090cc86acee862798f3a7ca83c86e92ba57 0	reals/src/main/java/dk/jonaslindstrom/ruffini/reals/structures/RealCoordinateSpace.java
100644 be3b61fa394d4ec6907e680aba7f80e1ee269451 0	reals/src/main/java/dk/jonaslindstrom/ruffini/reals/structures/RealNumbers.java
