CORPUS	0	0	0
CORPUS	1	0	0
CORPUS	2	0	0
CORPUS	3	0	0
CORPUS	4	0	0
CORPUS	5	0	0
CORPUS	6	0	0
CORPUS	7	0	0
CORPUS	8	0	0
CORPUS	9	0	333333
CORPUS	10	0	0
CORPUS	11	0	-333333
CORPUS	12	0	0
CORPUS	13	0	0
CORPUS	14	0	3
CORPUS	15	0	0
CORPUS	16	0	0
CORPUS	17	0	0
CORPUS	18	0	0
CORPUS	19	0	0
CORPUS	20	0	0
CORPUS	21	0	0
CORPUS	22	0	0
CORPUS	23	0	333333
CORPUS	24	0	111111
CORPUS	25	0	-333333
CORPUS	26	0	-111111
CORPUS	27	0	0
CORPUS	28	0	0
CORPUS	29	0	0
CORPUS	30	0	0
CORPUS	31	0	0
CORPUS	32	0	0
CORPUS	33	0	0
CORPUS	34	0	0
CORPUS	35	0	0
CORPUS	36	0	333333
CORPUS	37	0	-111111
CORPUS	38	0	-333333
CORPUS	39	0	111111
CORPUS	40	0	-2
CORPUS	41	0	0
CORPUS	42	0	2
CORPUS	43	0	0
CORPUS	44	0	2
CORPUS	45	0	0
CORPUS	46	0	2
CORPUS	47	0	0
CORPUS	48	0	2
CORPUS	49	0	0
CORPUS	50	0	333335
CORPUS	51	0	809523
CORPUS	52	0	-333330
CORPUS	53	0	-809523
CORPUS	54	0	2
CORPUS	55	0	-2
CORPUS	56	0	0
CORPUS	57	0	-2
CORPUS	58	0	0
CORPUS	59	0	-2
CORPUS	60	0	0
CORPUS	61	0	-2
CORPUS	62	0	0
CORPUS	63	0	333330
CORPUS	64	0	-809523
CORPUS	65	0	-333335
CORPUS	66	0	809523
CORPUS	67	0	-1000000
CORPUS	68	0	0
CORPUS	69	0	1000000
CORPUS	70	0	100000
CORPUS	71	0	999999
CORPUS	72	0	-100000
CORPUS	73	0	1000000
CORPUS	74	0	142857
CORPUS	75	0	999999
CORPUS	76	0	-142857
CORPUS	77	0	1333333
CORPUS	78	0	333333333333
CORPUS	79	0	666666
CORPUS	80	0	-333333333333
CORPUS	81	0	1000000
CORPUS	82	0	-999999
CORPUS	83	0	-100000
CORPUS	84	0	-1000000
CORPUS	85	0	100000
CORPUS	86	0	-999999
CORPUS	87	0	-142857
CORPUS	88	0	-1000000
CORPUS	89	0	142857
CORPUS	90	0	-666666
CORPUS	91	0	-333333333333
CORPUS	92	0	-1333333
CORPUS	93	0	333333333333
CORPUS	94	0	-21845
CORPUS	95	0	0
CORPUS	96	0	21845
CORPUS	97	0	2184
CORPUS	98	0	21845
CORPUS	99	0	-2184
CORPUS	100	0	21845
CORPUS	101	0	3120
CORPUS	102	0	21845
CORPUS	103	0	-3120
CORPUS	104	0	355179
CORPUS	105	0	7281888888
CORPUS	106	0	-311487
CORPUS	107	0	-7281888888
CORPUS	108	0	21845
CORPUS	109	0	-21845
CORPUS	110	0	-2184
CORPUS	111	0	-21845
CORPUS	112	0	2184
CORPUS	113	0	-21845
CORPUS	114	0	-3120
CORPUS	115	0	-21845
CORPUS	116	0	3120
CORPUS	117	0	311487
CORPUS	118	0	-7281888888
CORPUS	119	0	-355179
CORPUS	120	0	7281888888
CORPUS	121	0	-100000
CORPUS	122	0	100000
CORPUS	123	0	-300000
CORPUS	124	0	300000
CORPUS	125	0	-500000
CORPUS	126	0	500000
CORPUS	127	0	-6553
CORPUS	128	0	6553
CORPUS	129	0	-19661
CORPUS	130	0	19661
CORPUS	131	0	-32768
CORPUS	132	0	32768
CORPUS	133	0	-1
CORPUS	134	0	1
CORPUS	135	0	-5
CORPUS	136	0	5
CORPUS	137	0	-8
CORPUS	138	0	8
CORPUS	139	0	0
CORPUS	140	0	0
CORPUS	141	0	0
CORPUS	142	0	0
CORPUS	143	0	0
CORPUS	144	0	0
CORPUS	145	0	0
CORPUS	146	0	0
CORPUS	147	0	0
CORPUS	148	0	0
CORPUS	149	0	0
CORPUS	150	0	0
CORPUS	151	0	0
CORPUS	152	0	0
CORPUS	153	0	0
CORPUS	154	0	0
CORPUS	155	0	0
CORPUS	156	0	0
CORPUS	157	0	1
CORPUS	158	0	-1
CORPUS	159	0	5
CORPUS	160	0	-5
CORPUS	161	0	9
CORPUS	162	0	-9
CORPUS	163	0	6553
CORPUS	164	0	-6553
CORPUS	165	0	19661
CORPUS	166	0	-19661
CORPUS	167	0	32769
CORPUS	168	0	-32769
CORPUS	169	0	100000
CORPUS	170	0	-100000
CORPUS	171	0	300000
CORPUS	172	0	-300000
CORPUS	173	0	500000
CORPUS	174	0	-500000
CORPUS	175	1	0
CORPUS	176	1	0
CORPUS	177	1	0
CORPUS	178	1	0
CORPUS	179	1	0
CORPUS	180	1	0
CORPUS	181	1	0
CORPUS	182	1	0
CORPUS	183	1	0
CORPUS	184	1	666666
CORPUS	185	1	0
CORPUS	186	1	-666666
CORPUS	187	1	0
CORPUS	188	1	0
CORPUS	189	1	6
CORPUS	190	1	0
CORPUS	191	1	0
CORPUS	192	1	0
CORPUS	193	1	0
CORPUS	194	1	0
CORPUS	195	1	0
CORPUS	196	1	0
CORPUS	197	1	0
CORPUS	198	1	666667
CORPUS	199	1	222222
CORPUS	200	1	-666666
CORPUS	201	1	-222222
CORPUS	202	1	0
CORPUS	203	1	0
CORPUS	204	1	0
CORPUS	205	1	0
CORPUS	206	1	0
CORPUS	207	1	0
CORPUS	208	1	0
CORPUS	209	1	0
CORPUS	210	1	0
CORPUS	211	1	666666
CORPUS	212	1	-222222
CORPUS	213	1	-666667
CORPUS	214	1	222222
CORPUS	215	1	-4
CORPUS	216	1	0
CORPUS	217	1	5
CORPUS	218	1	0
CORPUS	219	1	4
CORPUS	220	1	0
CORPUS	221	1	5
CORPUS	222	1	0
CORPUS	223	1	4
CORPUS	224	1	0
CORPUS	225	1	666671
CORPUS	226	1	1619047
CORPUS	227	1	-666661
CORPUS	228	1	-1619047
CORPUS	229	1	4
CORPUS	230	1	-4
CORPUS	231	1	0
CORPUS	232	1	-5
CORPUS	233	1	0
CORPUS	234	1	-4
CORPUS	235	1	0
CORPUS	236	1	-5
CORPUS	237	1	0
CORPUS	238	1	666661
CORPUS	239	1	-1619047
CORPUS	240	1	-666671
CORPUS	241	1	1619047
CORPUS	242	1	-2000000
CORPUS	243	1	0
CORPUS	244	1	2000000
CORPUS	245	1	200000
CORPUS	246	1	1999999
CORPUS	247	1	-200000
CORPUS	248	1	2000000
CORPUS	249	1	285714
CORPUS	250	1	1999999
CORPUS	251	1	-285714
CORPUS	252	1	2666666
CORPUS	253	1	666666666666
CORPUS	254	1	1333333
CORPUS	255	1	-666666666666
CORPUS	256	1	2000000
CORPUS	257	1	-1999999
CORPUS	258	1	-200000
CORPUS	259	1	-2000000
CORPUS	260	1	200000
CORPUS	261	1	-1999999
CORPUS	262	1	-285714
CORPUS	263	1	-2000000
CORPUS	264	1	285714
CORPUS	265	1	-1333333
CORPUS	266	1	-666666666666
CORPUS	267	1	-2666666
CORPUS	268	1	666666666666
CORPUS	269	1	-43691
CORPUS	270	1	0
CORPUS	271	1	43691
CORPUS	272	1	4369
CORPUS	273	1	43691
CORPUS	274	1	-4369
CORPUS	275	1	43691
CORPUS	276	1	6241
CORPUS	277	1	43691
CORPUS	278	1	-6241
CORPUS	279	1	710358
CORPUS	280	1	14563777777
CORPUS	281	1	-622975
CORPUS	282	1	-14563777777
CORPUS	283	1	43691
CORPUS	284	1	-43691
CORPUS	285	1	-4369
CORPUS	286	1	-43691
CORPUS	287	1	4369
CORPUS	288	1	-43691
CORPUS	289	1	-6241
CORPUS	290	1	-43691
CORPUS	291	1	6241
CORPUS	292	1	622975
CORPUS	293	1	-14563777777
CORPUS	294	1	-710358
CORPUS	295	1	14563777777
CORPUS	296	1	-200000
CORPUS	297	1	200000
CORPUS	298	1	-600000
CORPUS	299	1	600000
CORPUS	300	1	-1000000
CORPUS	301	1	1000000
CORPUS	302	1	-13107
CORPUS	303	1	13107
CORPUS	304	1	-39322
CORPUS	305	1	39322
CORPUS	306	1	-65537
CORPUS	307	1	65537
CORPUS	308	1	-3
CORPUS	309	1	3
CORPUS	310	1	-10
CORPUS	311	1	10
CORPUS	312	1	-17
CORPUS	313	1	17
CORPUS	314	1	0
CORPUS	315	1	0
CORPUS	316	1	0
CORPUS	317	1	0
CORPUS	318	1	-1
CORPUS	319	1	1
CORPUS	320	1	0
CORPUS	321	1	0
CORPUS	322	1	0
CORPUS	323	1	0
CORPUS	324	1	0
CORPUS	325	1	0
CORPUS	326	1	0
CORPUS	327	1	0
CORPUS	328	1	0
CORPUS	329	1	0
CORPUS	330	1	1
CORPUS	331	1	-1
CORPUS	332	1	3
CORPUS	333	1	-3
CORPUS	334	1	10
CORPUS	335	1	-10
CORPUS	336	1	17
CORPUS	337	1	-17
CORPUS	338	1	13107
CORPUS	339	1	-13107
CORPUS	340	1	39322
CORPUS	341	1	-39322
CORPUS	342	1	65537
CORPUS	343	1	-65537
CORPUS	344	1	200000
CORPUS	345	1	-200000
CORPUS	346	1	600000
CORPUS	347	1	-600000
CORPUS	348	1	1000000
CORPUS	349	1	-1000000
CORPUS	350	8	0
CORPUS	351	8	25
CORPUS	352	8	0
CORPUS	353	8	-25
CORPUS	354	8	0
CORPUS	355	8	36
CORPUS	356	8	0
CORPUS	357	8	-36
CORPUS	358	8	0
CORPUS	359	8	85333333
CORPUS	360	8	0
CORPUS	361	8	-85333333
CORPUS	362	8	0
CORPUS	363	8	-85
CORPUS	364	8	768
CORPUS	365	8	110
CORPUS	366	8	8
CORPUS	367	8	59
CORPUS	368	8	-8
CORPUS	369	8	121
CORPUS	370	8	12
CORPUS	371	8	48
CORPUS	372	8	-12
CORPUS	373	8	85333418
CORPUS	374	8	28444444
CORPUS	375	8	-85333248
CORPUS	376	8	-28444444
CORPUS	377	8	85
CORPUS	378	8	-59
CORPUS	379	8	-8
CORPUS	380	8	-110
CORPUS	381	8	8
CORPUS	382	8	-48
CORPUS	383	8	-12
CORPUS	384	8	-121
CORPUS	385	8	12
CORPUS	386	8	85333248
CORPUS	387	8	-28444444
CORPUS	388	8	-85333418
CORPUS	389	8	28444444
CORPUS	390	8	-621
CORPUS	391	8	105
CORPUS	392	8	647
CORPUS	393	8	62
CORPUS	394	8	596
CORPUS	395	8	-62
CORPUS	396	8	658
CORPUS	397	8	88
CORPUS	398	8	585
CORPUS	399	8	-88
CORPUS	400	8	85333955
CORPUS	401	8	207238095
CORPUS	402	8	-85332711
CORPUS	403	8	-207238095
CORPUS	404	8	621
CORPUS	405	8	-596
CORPUS	406	8	-62
CORPUS	407	8	-647
CORPUS	408	8	62
CORPUS	409	8	-585
CORPUS	410	8	-88
CORPUS	411	8	-658
CORPUS	412	8	88
CORPUS	413	8	85332711
CORPUS	414	8	-207238095
CORPUS	415	8	-85333955
CORPUS	416	8	207238095
CORPUS	417	8	-256000000
CORPUS	418	8	0
CORPUS	419	8	256000025
CORPUS	420	8	25600000
CORPUS	421	8	255999974
CORPUS	422	8	-25600000
CORPUS	423	8	256000036
CORPUS	424	8	36571428
CORPUS	425	8	255999963
CORPUS	426	8	-36571428
CORPUS	427	8	341333333
CORPUS	428	8	85333333333333
CORPUS	429	8	170666666
CORPUS	430	8	-85333333333333
CORPUS	431	8	256000000
CORPUS	432	8	-255999974
CORPUS	433	8	-25600000
CORPUS	434	8	-256000025
CORPUS	435	8	25600000
CORPUS	436	8	-255999963
CORPUS	437	8	-36571428
CORPUS	438	8	-256000036
CORPUS	439	8	36571428
CORPUS	440	8	-170666666
CORPUS	441	8	-85333333333333
CORPUS	442	8	-341333333
CORPUS	443	8	85333333333333
CORPUS	444	8	-5592490
CORPUS	445	8	0
CORPUS	446	8	5592516
CORPUS	447	8	559249
CORPUS	448	8	5592465
CORPUS	449	8	-559249
CORPUS	450	8	5592527
CORPUS	451	8	798927
CORPUS	452	8	5592454
CORPUS	453	8	-798927
CORPUS	454	8	90925824
CORPUS	455	8	1864163555555
CORPUS	456	8	-79740842
CORPUS	457	8	-1864163555555
CORPUS	458	8	5592490
CORPUS	459	8	-5592465
CORPUS	460	8	-559249
CORPUS	461	8	-5592516
CORPUS	462	8	559249
CORPUS	463	8	-5592454
CORPUS	464	8	-798927
CORPUS	465	8	-5592527
CORPUS	466	8	798927
CORPUS	467	8	79740842
CORPUS	468	8	-1864163555555
CORPUS	469	8	-90925824
CORPUS	470	8	1864163555555
CORPUS	471	8	-25600000
CORPUS	472	8	25600000
CORPUS	473	8	-76800000
CORPUS	474	8	76800000
CORPUS	475	8	-128000000
CORPUS	476	8	128000000
CORPUS	477	8	-1677747
CORPUS	478	8	1677747
CORPUS	479	8	-5033241
CORPUS	480	8	5033241
CORPUS	481	8	-8388736
CORPUS	482	8	8388736
CORPUS	483	8	-435
CORPUS	484	8	435
CORPUS	485	8	-1305
CORPUS	486	8	1305
CORPUS	487	8	-2176
CORPUS	488	8	2176
CORPUS	489	8	-25
CORPUS	490	8	25
CORPUS	491	8	-76
CORPUS	492	8	76
CORPUS	493	8	-128
CORPUS	494	8	128
CORPUS	495	8	0
CORPUS	496	8	0
CORPUS	497	8	0
CORPUS	498	8	0
CORPUS	499	8	0
CORPUS	500	8	0
CORPUS	501	8	25
CORPUS	502	8	-25
CORPUS	503	8	76
CORPUS	504	8	-76
CORPUS	505	8	128
CORPUS	506	8	-128
CORPUS	507	8	435
CORPUS	508	8	-435
CORPUS	509	8	1305
CORPUS	510	8	-1305
CORPUS	511	8	2176
CORPUS	512	8	-2176
CORPUS	513	8	1677747
CORPUS	514	8	-1677747
CORPUS	515	8	5033241
CORPUS	516	8	-5033241
CORPUS	517	8	8388736
CORPUS	518	8	-8388736
CORPUS	519	8	25600000
CORPUS	520	8	-25600000
CORPUS	521	8	76800000
CORPUS	522	8	-76800000
CORPUS	523	8	128000000
CORPUS	524	8	-128000000
CORPUS	525	16	0
CORPUS	526	16	6553
CORPUS	527	16	0
CORPUS	528	16	-6553
CORPUS	529	16	0
CORPUS	530	16	9362
CORPUS	531	16	0
CORPUS	532	16	-9362
CORPUS	533	16	0
CORPUS	534	16	21845333333
CORPUS	535	16	0
CORPUS	536	16	-21845333333
CORPUS	537	16	0
CORPUS	538	16	-21845
CORPUS	539	16	196608
CORPUS	540	16	28398
CORPUS	541	16	2184
CORPUS	542	16	15291
CORPUS	543	16	-2184
CORPUS	544	16	31207
CORPUS	545	16	3120
CORPUS	546	16	12483
CORPUS	547	16	-3120
CORPUS	548	16	21845355178
CORPUS	549	16	7281777777
CORPUS	550	16	-21845311488
CORPUS	551	16	-7281777777
CORPUS	552	16	21845
CORPUS	553	16	-15291
CORPUS	554	16	-2184
CORPUS	555	16	-28398
CORPUS	556	16	2184
CORPUS	557	16	-12483
CORPUS	558	16	-3120
CORPUS	559	16	-31207
CORPUS	560	16	3120
CORPUS	561	16	21845311488
CORPUS	562	16	-7281777777
CORPUS	563	16	-21845355178
CORPUS	564	16	7281777777
CORPUS	565	16	-159158
CORPUS	566	16	26985
CORPUS	567	16	165712
CORPUS	568	16	15915
CORPUS	569	16	152605
CORPUS	570	16	-15915
CORPUS	571	16	168521
CORPUS	572	16	22736
CORPUS	573	16	149796
CORPUS	574	16	-22736
CORPUS	575	16	21845492492
CORPUS	576	16	53052952380
CORPUS	577	16	-21845174174
CORPUS	578	16	-53052952380
CORPUS	579	16	159158
CORPUS	580	16	-152605
CORPUS	581	16	-15915
CORPUS	582	16	-165712
CORPUS	583	16	15915
CORPUS	584	16	-149796
CORPUS	585	16	-22736
CORPUS	586	16	-168521
CORPUS	587	16	22736
CORPUS	588	16	21845174174
CORPUS	589	16	-53052952380
CORPUS	590	16	-21845492492
CORPUS	591	16	53052952380
CORPUS	592	16	-65536000000
CORPUS	593	16	0
CORPUS	594	16	65536006553
CORPUS	595	16	6553600000
CORPUS	596	16	65535993446
CORPUS	597	16	-6553600000
CORPUS	598	16	65536009362
CORPUS	599	16	9362285714
CORPUS	600	16	65535990637
CORPUS	601	16	-9362285714
CORPUS	602	16	87381333333
CORPUS	603	16	21845333333333333
CORPUS	604	16	43690666666
CORPUS	605	16	-21845333333333333
CORPUS	606	16	65536000000
CORPUS	607	16	-65535993446
CORPUS	608	16	-6553600000
CORPUS	609	16	-65536006553
CORPUS	610	16	6553600000
CORPUS	611	16	-65535990637
CORPUS	612	16	-9362285714
CORPUS	613	16	-65536009362
CORPUS	614	16	9362285714
CORPUS	615	16	-43690666666
CORPUS	616	16	-21845333333333333
CORPUS	617	16	-87381333333
CORPUS	618	16	21845333333333333
CORPUS	619	16	-1431677610
CORPUS	620	16	2
CORPUS	621	16	1431684164
CORPUS	622	16	143167761
CORPUS	623	16	1431671057
CORPUS	624	16	-143167761
CORPUS	625	16	1431686972
CORPUS	626	16	204525372
CORPUS	627	16	1431668248
CORPUS	628	16	-204525372
CORPUS	629	16	23277010944
CORPUS	630	16	477225870222222
CORPUS	631	16	-20413655722
CORPUS	632	16	-477225870222222
CORPUS	633	16	1431677610
CORPUS	634	16	-1431671057
CORPUS	635	16	-143167761
CORPUS	636	16	-1431684164
CORPUS	637	16	143167761
CORPUS	638	16	-1431668248
CORPUS	639	16	-204525372
CORPUS	640	16	-1431686972
CORPUS	641	16	204525372
CORPUS	642	16	20413655722
CORPUS	643	16	-477225870222222
CORPUS	644	16	-23277010944
CORPUS	645	16	477225870222222
CORPUS	646	16	-6553600000
CORPUS	647	16	6553600000
CORPUS	648	16	-19660800000
CORPUS	649	16	19660800000
CORPUS	650	16	-32768000000
CORPUS	651	16	32768000000
CORPUS	652	16	-429503283
CORPUS	653	16	429503283
CORPUS	654	16	-1288509849
CORPUS	655	16	1288509849
CORPUS	656	16	-2147516416
CORPUS	657	16	2147516416
CORPUS	658	16	-111411
CORPUS	659	16	111411
CORPUS	660	16	-334233
CORPUS	661	16	334233
CORPUS	662	16	-557056
CORPUS	663	16	557056
CORPUS	664	16	-6553
CORPUS	665	16	6553
CORPUS	666	16	-19660
CORPUS	667	16	19660
CORPUS	668	16	-32768
CORPUS	669	16	32768
CORPUS	670	16	0
CORPUS	671	16	0
CORPUS	672	16	0
CORPUS	673	16	0
CORPUS	674	16	0
CORPUS	675	16	0
CORPUS	676	16	6553
CORPUS	677	16	-6553
CORPUS	678	16	19660
CORPUS	679	16	-19660
CORPUS	680	16	32768
CORPUS	681	16	-32768
CORPUS	682	16	111411
CORPUS	683	16	-111411
CORPUS	684	16	334233
CORPUS	685	16	-334233
CORPUS	686	16	557056
CORPUS	687	16	-557056
CORPUS	688	16	429503283
CORPUS	689	16	-429503283
CORPUS	690	16	1288509849
CORPUS	691	16	-1288509849
CORPUS	692	16	2147516416
CORPUS	693	16	-2147516416
CORPUS	694	16	6553600000
CORPUS	695	16	-6553600000
CORPUS	696	16	19660800000
CORPUS	697	16	-19660800000
CORPUS	698	16	32768000000
CORPUS	699	16	-32768000000
CORPUS	700	17	0
CORPUS	701	17	13107
CORPUS	702	17	0
CORPUS	703	17	-13107
CORPUS	704	17	0
CORPUS	705	17	18724
CORPUS	706	17	0
CORPUS	707	17	-18724
CORPUS	708	17	0
CORPUS	709	17	43690666666
CORPUS	710	17	0
CORPUS	711	17	-43690666666
CORPUS	712	17	0
CORPUS	713	17	-43690
CORPUS	714	17	393216
CORPUS	715	17	56797
CORPUS	716	17	4369
CORPUS	717	17	30583
CORPUS	718	17	-4369
CORPUS	719	17	62415
CORPUS	720	17	6241
CORPUS	721	17	24966
CORPUS	722	17	-6241
CORPUS	723	17	43690710357
CORPUS	724	17	14563555555
CORPUS	725	17	-43690622976
CORPUS	726	17	-14563555555
CORPUS	727	17	43690
CORPUS	728	17	-30583
CORPUS	729	17	-4369
CORPUS	730	17	-56797
CORPUS	731	17	4369
CORPUS	732	17	-24966
CORPUS	733	17	-6241
CORPUS	734	17	-62415
CORPUS	735	17	6241
CORPUS	736	17	43690622976
CORPUS	737	17	-14563555555
CORPUS	738	17	-43690710357
CORPUS	739	17	14563555555
CORPUS	740	17	-318317
CORPUS	741	17	53970
CORPUS	742	17	331424
CORPUS	743	17	31831
CORPUS	744	17	305210
CORPUS	745	17	-31831
CORPUS	746	17	337042
CORPUS	747	17	45473
CORPUS	748	17	299593
CORPUS	749	17	-45473
CORPUS	750	17	43690984984
CORPUS	751	17	106105904761
CORPUS	752	17	-43690348348
CORPUS	753	17	-106105904761
CORPUS	754	17	318317
CORPUS	755	17	-305210
CORPUS	756	17	-31831
CORPUS	757	17	-331424
CORPUS	758	17	31831
CORPUS	759	17	-299593
CORPUS	760	17	-45473
CORPUS	761	17	-337042
CORPUS	762	17	45473
CORPUS	763	17	43690348348
CORPUS	764	17	-106105904761
CORPUS	765	17	-43690984984
CORPUS	766	17	106105904761
CORPUS	767	17	-131072000000
CORPUS	768	17	0
CORPUS	769	17	131072013107
CORPUS	770	17	13107200000
CORPUS	771	17	131071986892
CORPUS	772	17	-13107200000
CORPUS	773	17	131072018724
CORPUS	774	17	18724571428
CORPUS	775	17	131071981275
CORPUS	776	17	-18724571428
CORPUS	777	17	174762666666
CORPUS	778	17	43690666666666666
CORPUS	779	17	87381333333
CORPUS	780	17	-43690666666666666
CORPUS	781	17	131072000000
CORPUS	782	17	-131071986892
CORPUS	783	17	-13107200000
CORPUS	784	17	-131072013107
CORPUS	785	17	13107200000
CORPUS	786	17	-131071981275
CORPUS	787	17	-18724571428
CORPUS	788	17	-131072018724
CORPUS	789	17	18724571428
CORPUS	790	17	-87381333333
CORPUS	791	17	-43690666666666666
CORPUS	792	17	-174762666666
CORPUS	793	17	43690666666666666
CORPUS	794	17	-2863355221
CORPUS	795	17	5
CORPUS	796	17	2863368328
CORPUS	797	17	286335522
CORPUS	798	17	2863342114
CORPUS	799	17	-286335522
CORPUS	800	17	2863373945
CORPUS	801	17	409050745
CORPUS	802	17	2863336496
CORPUS	803	17	-409050745
CORPUS	804	17	46554021888
CORPUS	805	17	954451740444444
CORPUS	806	17	-40827311445
CORPUS	807	17	-954451740444444
CORPUS	808	17	2863355221
CORPUS	809	17	-2863342114
CORPUS	810	17	-286335522
CORPUS	811	17	-2863368328
CORPUS	812	17	286335522
CORPUS	813	17	-2863336496
CORPUS	814	17	-409050745
CORPUS	815	17	-2863373945
CORPUS	816	17	409050745
CORPUS	817	17	40827311445
CORPUS	818	17	-954451740444444
CORPUS	819	17	-46554021888
CORPUS	820	17	954451740444444
CORPUS	821	17	-13107200000
CORPUS	822	17	13107200000
CORPUS	823	17	-39321600000
CORPUS	824	17	39321600000
CORPUS	825	17	-65536000000
CORPUS	826	17	65536000000
CORPUS	827	17	-859006566
CORPUS	828	17	859006566
CORPUS	829	17	-2577019699
CORPUS	830	17	2577019699
CORPUS	831	17	-4295032832
CORPUS	832	17	4295032832
CORPUS	833	17	-222822
CORPUS	834	17	222822
CORPUS	835	17	-668467
CORPUS	836	17	668467
CORPUS	837	17	-1114112
CORPUS	838	17	1114112
CORPUS	839	17	-13107
CORPUS	840	17	13107
CORPUS	841	17	-39321
CORPUS	842	17	39321
CORPUS	843	17	-65536
CORPUS	844	17	65536
CORPUS	845	17	0
CORPUS	846	17	0
CORPUS	847	17	0
CORPUS	848	17	0
CORPUS	849	17	0
CORPUS	850	17	0
CORPUS	851	17	13107
CORPUS	852	17	-13107
CORPUS	853	17	39321
CORPUS	854	17	-39321
CORPUS	855	17	65536
CORPUS	856	17	-65536
CORPUS	857	17	222822
CORPUS	858	17	-222822
CORPUS	859	17	668467
CORPUS	860	17	-668467
CORPUS	861	17	1114112
CORPUS	862	17	-1114112
CORPUS	863	17	859006566
CORPUS	864	17	-859006566
CORPUS	865	17	2577019699
CORPUS	866	17	-2577019699
CORPUS	867	17	4295032832
CORPUS	868	17	-4295032832
CORPUS	869	17	13107200000
CORPUS	870	17	-13107200000
CORPUS	871	17	39321600000
CORPUS	872	17	-39321600000
CORPUS	873	17	65536000000
CORPUS	874	17	-65536000000
CORPUS	875	32	0
CORPUS	876	32	429496729
CORPUS	877	32	0
CORPUS	878	32	-429496729
CORPUS	879	32	0
CORPUS	880	32	613566756
CORPUS	881	32	0
CORPUS	882	32	-613566756
CORPUS	883	32	0
CORPUS	884	32	1431655765333333
CORPUS	885	32	0
CORPUS	886	32	-1431655765333333
CORPUS	887	32	0
CORPUS	888	32	-1431655765
CORPUS	889	32	12884901888
CORPUS	890	32	1861152494
CORPUS	891	32	143165576
CORPUS	892	32	1002159035
CORPUS	893	32	-143165576
CORPUS	894	32	2045222521
CORPUS	895	32	204522252
CORPUS	896	32	818089008
CORPUS	897	32	-204522252
CORPUS	898	32	1431657196989098
CORPUS	899	32	477218588444444
CORPUS	900	32	-1431654333677568
CORPUS	901	32	-477218588444444
CORPUS	902	32	1431655765
CORPUS	903	32	-1002159035
CORPUS	904	32	-143165576
CORPUS	905	32	-1861152494
CORPUS	906	32	143165576
CORPUS	907	32	-818089008
CORPUS	908	32	-204522252
CORPUS	909	32	-2045222521
CORPUS	910	32	204522252
CORPUS	911	32	1431654333677568
CORPUS	912	32	-477218588444444
CORPUS	913	32	-1431657196989098
CORPUS	914	32	477218588444444
CORPUS	915	32	-10430634861
CORPUS	916	32	1768515945
CORPUS	917	32	10860131591
CORPUS	918	32	1043063486
CORPUS	919	32	10001138132
CORPUS	920	32	-1043063486
CORPUS	921	32	11044201618
CORPUS	922	32	1490090694
CORPUS	923	32	9817068105
CORPUS	924	32	-1490090694
CORPUS	925	32	1431666195968195
CORPUS	926	32	3476878287238095
CORPUS	927	32	-1431645334698471
CORPUS	928	32	-3476878287238095
CORPUS	929	32	10430634861
CORPUS	930	32	-10001138132
CORPUS	931	32	-1043063486
CORPUS	932	32	-10860131591
CORPUS	933	32	1043063486
CORPUS	934	32	-9817068105
CORPUS	935	32	-1490090694
CORPUS	936	32	-11044201618
CORPUS	937	32	1490090694
CORPUS	938	32	1431645334698471
CORPUS	939	32	-3476878287238095
CORPUS	940	32	-1431666195968195
CORPUS	941	32	3476878287238095
CORPUS	942	32	-4294967296000000
CORPUS	943	32	4294
CORPUS	944	32	4294967725496729
CORPUS	945	32	429496729600000
CORPUS	946	32	4294966866503270
CORPUS	947	32	-429496729600000
CORPUS	948	32	4294967909566756
CORPUS	949	32	613566756571428
CORPUS	950	32	4294966682433243
CORPUS	951	32	-613566756571428
CORPUS	952	32	5726623061333333
CORPUS	953	32	1431655765333333333333
CORPUS	954	32	2863311530666666
CORPUS	955	32	-1431655765333333333333
CORPUS	956	32	4294967296000000
CORPUS	957	32	-4294966866503270
CORPUS	958	32	-429496729600000
CORPUS	959	32	-4294967725496729
CORPUS	960	32	429496729600000
CORPUS	961	32	-4294966682433243
CORPUS	962	32	-613566756571428
CORPUS	963	32	-4294967909566756
CORPUS	964	32	613566756571428
CORPUS	965	32	-2863311530666666
CORPUS	966	32	-1431655765333333333333
CORPUS	967	32	-5726623061333333
CORPUS	968	32	1431655765333333333333
CORPUS	969	32	-93826423892650
CORPUS	970	32	196605
CORPUS	971	32	93826853389380
CORPUS	972	32	9382642389265
CORPUS	973	32	93825994395921
CORPUS	974	32	-9382642389265
CORPUS	975	32	93827037459407
CORPUS	976	32	13403774841807
CORPUS	977	32	93825810325894
CORPUS	978	32	-13403774841807
CORPUS	979	32	1525482189225984
CORPUS	980	32	31275474630883555555
CORPUS	981	32	-1337829341440682
CORPUS	982	32	-31275474630883555555
CORPUS	983	32	93826423892650
CORPUS	984	32	-93825994395921
CORPUS	985	32	-9382642389265
CORPUS	986	32	-93826853389380
CORPUS	987	32	9382642389265
CORPUS	988	32	-93825810325894
CORPUS	989	32	-13403774841807
CORPUS	990	32	-93827037459407
CORPUS	991	32	13403774841807
CORPUS	992	32	1337829341440682
CORPUS	993	32	-31275474630883555555
CORPUS	994	32	-1525482189225984
CORPUS	995	32	31275474630883555555
CORPUS	996	32	-429496729600000
CORPUS	997	32	429496729600000
CORPUS	998	32	-1288490188800000
CORPUS	999	32	1288490188800000
CORPUS	1000	32	-2147483648000000
CORPUS	1001	32	2147483648000000
CORPUS	1002	32	-28147927167795
CORPUS	1003	32	28147927167795
CORPUS	1004	32	-84443781503385
CORPUS	1005	32	84443781503385
CORPUS	1006	32	-140739635838976
CORPUS	1007	32	140739635838976
CORPUS	1008	32	-7301444403
CORPUS	1009	32	7301444403
CORPUS	1010	32	-21904333209
CORPUS	1011	32	21904333209
CORPUS	1012	32	-36507222016
CORPUS	1013	32	36507222016
CORPUS	1014	32	-429496729
CORPUS	1015	32	429496729
CORPUS	1016	32	-1288490188
CORPUS	1017	32	1288490188
CORPUS	1018	32	-2147483648
CORPUS	1019	32	2147483648
CORPUS	1020	32	0
CORPUS	1021	32	0
CORPUS	1022	32	0
CORPUS	1023	32	0
CORPUS	1024	32	0
CORPUS	1025	32	0
CORPUS	1026	32	429496729
CORPUS	1027	32	-429496729
CORPUS	1028	32	1288490188
CORPUS	1029	32	-1288490188
CORPUS	1030	32	2147483648
CORPUS	1031	32	-2147483648
CORPUS	1032	32	7301444403
CORPUS	1033	32	-7301444403
CORPUS	1034	32	21904333209
CORPUS	1035	32	-21904333209
CORPUS	1036	32	36507222016
CORPUS	1037	32	-36507222016
CORPUS	1038	32	28147927167795
CORPUS	1039	32	-28147927167795
CORPUS	1040	32	84443781503385
CORPUS	1041	32	-84443781503385
CORPUS	1042	32	140739635838976
CORPUS	1043	32	-140739635838976
CORPUS	1044	32	429496729600000
CORPUS	1045	32	-429496729600000
CORPUS	1046	32	1288490188800000
CORPUS	1047	32	-1288490188800000
CORPUS	1048	32	2147483648000000
CORPUS	1049	32	-2147483648000000
CORPUS	1050	64	0
CORPUS	1051	64	1844674407370955161
CORPUS	1052	64	0
CORPUS	1053	64	-1844674407370955161
CORPUS	1054	64	0
CORPUS	1055	64	2635249153387078802
CORPUS	1056	64	0
CORPUS	1057	64	-2635249153387078802
CORPUS	1058	64	0
CORPUS	1059	64	6148914691236517205333333
CORPUS	1060	64	0
CORPUS	1061	64	-6148914691236517205333333
CORPUS	1062	64	0
CORPUS	1063	64	-6148914691236517205
CORPUS	1064	64	55340232221128654848
CORPUS	1065	64	7993589098607472366
CORPUS	1066	64	614891469123651720
CORPUS	1067	64	4304240283865562043
CORPUS	1068	64	-614891469123651720
CORPUS	1069	64	8784163844623596007
CORPUS	1070	64	878416384462359600
CORPUS	1071	64	3513665537849438403
CORPUS	1072	64	-878416384462359600
CORPUS	1073	64	6148920840151208441850538
CORPUS	1074	64	2049638230412172401777777
CORPUS	1075	64	-6148908542321825968816128
CORPUS	1076	64	-2049638230412172401777777
CORPUS	1077	64	6148914691236517205
CORPUS	1078	64	-4304240283865562043
CORPUS	1079	64	-614891469123651720
CORPUS	1080	64	-7993589098607472366
CORPUS	1081	64	614891469123651720
CORPUS	1082	64	-3513665537849438403
CORPUS	1083	64	-878416384462359600
CORPUS	1084	64	-8784163844623596007
CORPUS	1085	64	878416384462359600
CORPUS	1086	64	6148908542321825968816128
CORPUS	1087	64	-2049638230412172401777777
CORPUS	1088	64	-6148920840151208441850538
CORPUS	1089	64	2049638230412172401777777
CORPUS	1090	64	-44799235607580339638
CORPUS	1091	64	7595718147998050665
CORPUS	1092	64	46643910014951294800
CORPUS	1093	64	4479923560758033963
CORPUS	1094	64	42954561200209384477
CORPUS	1095	64	-4479923560758033963
CORPUS	1096	64	47434484760967418441
CORPUS	1097	64	6399890801082905662
CORPUS	1098	64	42163986454193260836
CORPUS	1099	64	-6399890801082905662
CORPUS	1100	64	6148959490472124785672972
CORPUS	1101	64	14933078535860113212952380
CORPUS	1102	64	-6148869892000909624993694
CORPUS	1103	64	-14933078535860113212952380
CORPUS	1104	64	44799235607580339638
CORPUS	1105	64	-42954561200209384477
CORPUS	1106	64	-4479923560758033963
CORPUS	1107	64	-46643910014951294800
CORPUS	1108	64	4479923560758033963
CORPUS	1109	64	-42163986454193260836
CORPUS	1110	64	-6399890801082905662
CORPUS	1111	64	-47434484760967418441
CORPUS	1112	64	6399890801082905662
CORPUS	1113	64	6148869892000909624993694
CORPUS	1114	64	-14933078535860113212952380
CORPUS	1115	64	-6148959490472124785672972
CORPUS	1116	64	14933078535860113212952380
CORPUS	1117	64	-18446744073709551616000000
CORPUS	1118	64	18446744073709
CORPUS	1119	64	18446745918383958986955161
CORPUS	1120	64	1844674407370955161600000
CORPUS	1121	64	18446742229035144245044838
CORPUS	1122	64	-1844674407370955161600000
CORPUS	1123	64	18446746708958705003078802
CORPUS	1124	64	2635249153387078802285714
CORPUS	1125	64	18446741438460398228921197
CORPUS	1126	64	-2635249153387078802285714
CORPUS	1127	64	24595658764946068821333333
CORPUS	1128	64	6148914691236517205333333333333
CORPUS	1129	64	12297829382473034410666666
CORPUS	1130	64	-6148914691236517205333333333333
CORPUS	1131	64	18446744073709551616000000
CORPUS	1132	64	-18446742229035144245044838
CORPUS	1133	64	-1844674407370955161600000
CORPUS	1134	64	-18446745918383958986955161
CORPUS	1135	64	1844674407370955161600000
CORPUS	1136	64	-18446741438460398228921197
CORPUS	1137	64	-2635249153387078802285714
CORPUS	1138	64	-18446746708958705003078802
CORPUS	1139	64	2635249153387078802285714
CORPUS	1140	64	-12297829382473034410666666
CORPUS	1141	64	-6148914691236517205333333333333
CORPUS	1142	64	-24595658764946068821333333
CORPUS	1143	64	6148914691236517205333333333333
CORPUS	1144	64	-402981422119567628085930
CORPUS	1145	64	844412045426685
CORPUS	1146	64	402983266793974999041092
CORPUS	1147	64	40298142211956762808593
CORPUS	1148	64	402979577445160257130769
CORPUS	1149	64	-40298142211956762808593
CORPUS	1150	64	402984057368721015164732
CORPUS	1151	64	57568774588509661155132
CORPUS	1152	64	402978786870414241007128
CORPUS	1153	64	-57568774588509661155132
CORPUS	1154	64	6551896113356084833419264
CORPUS	1155	64	134327140706522542695310222222
CORPUS	1156	64	-5745933269116949577247402
CORPUS	1157	64	-134327140706522542695310222222
CORPUS	1158	64	402981422119567628085930
CORPUS	1159	64	-402979577445160257130769
CORPUS	1160	64	-40298142211956762808593
CORPUS	1161	64	-402983266793974999041092
CORPUS	1162	64	40298142211956762808593
CORPUS	1163	64	-402978786870414241007128
CORPUS	1164	64	-57568774588509661155132
CORPUS	1165	64	-402984057368721015164732
CORPUS	1166	64	57568774588509661155132
CORPUS	1167	64	5745933269116949577247402
CORPUS	1168	64	-134327140706522542695310222222
CORPUS	1169	64	-6551896113356084833419264
CORPUS	1170	64	134327140706522542695310222222
CORPUS	1171	64	-1844674407370955161600000
CORPUS	1172	64	1844674407370955161600000
CORPUS	1173	64	-5534023222112865484800000
CORPUS	1174	64	5534023222112865484800000
CORPUS	1175	64	-9223372036854775808000000
CORPUS	1176	64	9223372036854775808000000
CORPUS	1177	64	-120894426635870288425779
CORPUS	1178	64	120894426635870288425779
CORPUS	1179	64	-362683279907610865277337
CORPUS	1180	64	362683279907610865277337
CORPUS	1181	64	-604472133179351442128896
CORPUS	1182	64	604472133179351442128896
CORPUS	1183	64	-31359464925306237747
CORPUS	1184	64	31359464925306237747
CORPUS	1185	64	-94078394775918713241
CORPUS	1186	64	94078394775918713241
CORPUS	1187	64	-156797324626531188736
CORPUS	1188	64	156797324626531188736
CORPUS	1189	64	-1844674407370955161
CORPUS	1190	64	1844674407370955161
CORPUS	1191	64	-5534023222112865484
CORPUS	1192	64	5534023222112865484
CORPUS	1193	64	-9223372036854775808
CORPUS	1194	64	9223372036854775808
CORPUS	1195	64	0
CORPUS	1196	64	0
CORPUS	1197	64	0
CORPUS	1198	64	0
CORPUS	1199	64	0
CORPUS	1200	64	0
CORPUS	1201	64	1844674407370955161
CORPUS	1202	64	-1844674407370955161
CORPUS	1203	64	5534023222112865484
CORPUS	1204	64	-5534023222112865484
CORPUS	1205	64	9223372036854775808
CORPUS	1206	64	-9223372036854775808
CORPUS	1207	64	31359464925306237747
CORPUS	1208	64	-31359464925306237747
CORPUS	1209	64	94078394775918713241
CORPUS	1210	64	-94078394775918713241
CORPUS	1211	64	156797324626531188736
CORPUS	1212	64	-156797324626531188736
CORPUS	1213	64	120894426635870288425779
CORPUS	1214	64	-120894426635870288425779
CORPUS	1215	64	362683279907610865277337
CORPUS	1216	64	-362683279907610865277337
CORPUS	1217	64	604472133179351442128896
CORPUS	1218	64	-604472133179351442128896
CORPUS	1219	64	1844674407370955161600000
CORPUS	1220	64	-1844674407370955161600000
CORPUS	1221	64	5534023222112865484800000
CORPUS	1222	64	-5534023222112865484800000
CORPUS	1223	64	9223372036854775808000000
CORPUS	1224	64	-9223372036854775808000000
CORPUS	1225	128	0
CORPUS	1226	128	34028236692093846346337460743176821145
CORPUS	1227	128	0
CORPUS	1228	128	-34028236692093846346337460743176821145
CORPUS	1229	128	0
CORPUS	1230	128	48611766702991209066196372490252601636
CORPUS	1231	128	0
CORPUS	1232	128	-48611766702991209066196372490252601636
CORPUS	1233	128	0
CORPUS	1234	128	113427455640312821154458202477256070485333333
CORPUS	1235	128	0
CORPUS	1236	128	-113427455640312821154458202477256070485333333
CORPUS	1237	128	0
CORPUS	1238	128	-113427455640312821154458202477256070485
CORPUS	1239	128	1020847100762815390390123822295304634368
CORPUS	1240	128	147455692332406667500795663220432891630
CORPUS	1241	128	11342745564031282115445820247725607048
CORPUS	1242	128	79399218948218974808120741734079249339
CORPUS	1243	128	-11342745564031282115445820247725607048
CORPUS	1244	128	162039222343304030220654574967508672121
CORPUS	1245	128	16203922234330403022065457496750867212
CORPUS	1246	128	64815688937321612088261829987003468848
CORPUS	1247	128	-16203922234330403022065457496750867212
CORPUS	1248	128	113427569067768461467279356935458547741403818
CORPUS	1249	128	37809151880104273718152734159085356828444444
CORPUS	1250	128	-113427342212857180841637048019053593229262848
CORPUS	1251	128	-37809151880104273718152734159085356828444444
CORPUS	1252	128	113427455640312821154458202477256070485
CORPUS	1253	128	-79399218948218974808120741734079249339
CORPUS	1254	128	-11342745564031282115445820247725607048
CORPUS	1255	128	-147455692332406667500795663220432891630
CORPUS	1256	128	11342745564031282115445820247725607048
CORPUS	1257	128	-64815688937321612088261829987003468848
CORPUS	1258	128	-16203922234330403022065457496750867212
CORPUS	1259	128	-162039222343304030220654574967508672121
CORPUS	1260	128	16203922234330403022065457496750867212
CORPUS	1261	128	113427342212857180841637048019053593229262848
CORPUS	1262	128	-37809151880104273718152734159085356828444444
CORPUS	1263	128	-113427569067768461467279356935458547741403818
CORPUS	1264	128	37809151880104273718152734159085356828444444
CORPUS	1265	128	-826400033950850554125338332334294227821
CORPUS	1266	128	140116268732151132014330720707198675305
CORPUS	1267	128	860428270642944400471675793077471048967
CORPUS	1268	128	82640003395085055412533833233429422782
CORPUS	1269	128	792371797258756707779000871591117406676
CORPUS	1270	128	-82640003395085055412533833233429422782
CORPUS	1271	128	875011800653841763191534704824546829458
CORPUS	1272	128	118057147707264364875048333190613461117
CORPUS	1273	128	777788267247859345059141959844041626185
CORPUS	1274	128	-118057147707264364875048333190613461117
CORPUS	1275	128	113428282040346772005012327815588404779561155
CORPUS	1276	128	275466677983616851375112777444764742607238095
CORPUS	1277	128	-113426629240278870303904077138923736191105511
CORPUS	1278	128	-275466677983616851375112777444764742607238095
CORPUS	1279	128	826400033950850554125338332334294227821
CORPUS	1280	128	-792371797258756707779000871591117406676
CORPUS	1281	128	-82640003395085055412533833233429422782
CORPUS	1282	128	-860428270642944400471675793077471048967
CORPUS	1283	128	82640003395085055412533833233429422782
CORPUS	1284	128	-777788267247859345059141959844041626185
CORPUS	1285	128	-118057147707264364875048333190613461117
CORPUS	1286	128	-875011800653841763191534704824546829458
CORPUS	1287	128	118057147707264364875048333190613461117
CORPUS	1288	128	113426629240278870303904077138923736191105511
CORPUS	1289	128	-275466677983616851375112777444764742607238095
CORPUS	1290	128	-113428282040346772005012327815588404779561155
CORPUS	1291	128	275466677983616851375112777444764742607238095
CORPUS	1292	128	-340282366920938463463374607431768211456000000
CORPUS	1293	128	340282366920938463463374607431768
CORPUS	1294	128	340282400949175155557220953769228954632821145
CORPUS	1295	128	34028236692093846346337460743176821145600000
CORPUS	1296	128	340282332892701771369528261094307468279178854
CORPUS	1297	128	-34028236692093846346337460743176821145600000
CORPUS	1298	128	340282415532705166454583673628140701708601636
CORPUS	1299	128	48611766702991209066196372490252601636571428
CORPUS	1300	128	340282318309171760472165541235395721203398363
CORPUS	1301	128	-48611766702991209066196372490252601636571428
CORPUS	1302	128	453709822561251284617832809909024281941333333
CORPUS	1303	128	113427455640312821154458202477256070485333333333333
CORPUS	1304	128	226854911280625642308916404954512140970666666
CORPUS	1305	128	-113427455640312821154458202477256070485333333333333
CORPUS	1306	128	340282366920938463463374607431768211456000000
CORPUS	1307	128	-340282332892701771369528261094307468279178854
CORPUS	1308	128	-34028236692093846346337460743176821145600000
CORPUS	1309	128	-340282400949175155557220953769228954632821145
CORPUS	1310	128	34028236692093846346337460743176821145600000
CORPUS	1311	128	-340282318309171760472165541235395721203398363
CORPUS	1312	128	-48611766702991209066196372490252601636571428
CORPUS	1313	128	-340282415532705166454583673628140701708601636
CORPUS	1314	128	48611766702991209066196372490252601636571428
CORPUS	1315	128	-226854911280625642308916404954512140970666666
CORPUS	1316	128	-113427455640312821154458202477256070485333333333333
CORPUS	1317	128	-453709822561251284617832809909024281941333333
CORPUS	1318	128	113427455640312821154458202477256070485333333333333
CORPUS	1319	128	-7433695160299181359999727215751931091397290
CORPUS	1320	128	15576652894743662212034786796699645
CORPUS	1321	128	7433729188535873453846073553212674268218436
CORPUS	1322	128	743369516029918135999972721575193109139729
CORPUS	1323	128	7433661132062489266153380878291187914576145
CORPUS	1324	128	-743369516029918135999972721575193109139729
CORPUS	1325	128	7433743772065884351208793412124421343998927
CORPUS	1326	128	1061956451471311622857103887964561584485327
CORPUS	1327	128	7433646548532478368790661019379440838795654
CORPUS	1328	128	-1061956451471311622857103887964561584485327
CORPUS	1329	128	120861150800612002514457929693008001576730624
CORPUS	1330	128	2477898386766393786666575738583977030465763555555
CORPUS	1331	128	-105993760480013639794458475261504139393936042
CORPUS	1332	128	-2477898386766393786666575738583977030465763555555
CORPUS	1333	128	7433695160299181359999727215751931091397290
CORPUS	1334	128	-7433661132062489266153380878291187914576145
CORPUS	1335	128	-743369516029918135999972721575193109139729
CORPUS	1336	128	-7433729188535873453846073553212674268218436
CORPUS	1337	128	743369516029918135999972721575193109139729
CORPUS	1338	128	-7433646548532478368790661019379440838795654
CORPUS	1339	128	-1061956451471311622857103887964561584485327
CORPUS	1340	128	-7433743772065884351208793412124421343998927
CORPUS	1341	128	1061956451471311622857103887964561584485327
CORPUS	1342	128	105993760480013639794458475261504139393936042
CORPUS	1343	128	-2477898386766393786666575738583977030465763555555
CORPUS	1344	128	-120861150800612002514457929693008001576730624
CORPUS	1345	128	2477898386766393786666575738583977030465763555555
CORPUS	1346	128	-34028236692093846346337460743176821145600000
CORPUS	1347	128	34028236692093846346337460743176821145600000
CORPUS	1348	128	-102084710076281539039012382229530463436800000
CORPUS	1349	128	102084710076281539039012382229530463436800000
CORPUS	1350	128	-170141183460469231731687303715884105728000000
CORPUS	1351	128	170141183460469231731687303715884105728000000
CORPUS	1352	128	-2230108548089754407999918164725579327419187
CORPUS	1353	128	2230108548089754407999918164725579327419187
CORPUS	1354	128	-6690325644269263223999754494176737982257561
CORPUS	1355	128	6690325644269263223999754494176737982257561
CORPUS	1356	128	-11150542740448772039999590823627896637095936
CORPUS	1357	128	11150542740448772039999590823627896637095936
CORPUS	1358	128	-578480023765595387887736832634005959475
CORPUS	1359	128	578480023765595387887736832634005959475
CORPUS	1360	128	-1735440071296786163663210497902017878425
CORPUS	1361	128	1735440071296786163663210497902017878425
CORPUS	1362	128	-2892400118827976939438684163170029797376
CORPUS	1363	128	2892400118827976939438684163170029797376
CORPUS	1364	128	-34028236692093846346337460743176821145
CORPUS	1365	128	34028236692093846346337460743176821145
CORPUS	1366	128	-102084710076281539039012382229530463436
CORPUS	1367	128	102084710076281539039012382229530463436
CORPUS	1368	128	-170141183460469231731687303715884105728
CORPUS	1369	128	170141183460469231731687303715884105728
CORPUS	1370	128	0
CORPUS	1371	128	0
CORPUS	1372	128	0
CORPUS	1373	128	0
CORPUS	1374	128	0
CORPUS	1375	128	0
CORPUS	1376	128	34028236692093846346337460743176821145
CORPUS	1377	128	-34028236692093846346337460743176821145
CORPUS	1378	128	102084710076281539039012382229530463436
CORPUS	1379	128	-102084710076281539039012382229530463436
CORPUS	1380	128	170141183460469231731687303715884105728
CORPUS	1381	128	-170141183460469231731687303715884105728
CORPUS	1382	128	578480023765595387887736832634005959475
CORPUS	1383	128	-578480023765595387887736832634005959475
CORPUS	1384	128	1735440071296786163663210497902017878425
CORPUS	1385	128	-1735440071296786163663210497902017878425
CORPUS	1386	128	2892400118827976939438684163170029797376
CORPUS	1387	128	-2892400118827976939438684163170029797376
CORPUS	1388	128	2230108548089754407999918164725579327419187
CORPUS	1389	128	-2230108548089754407999918164725579327419187
CORPUS	1390	128	6690325644269263223999754494176737982257561
CORPUS	1391	128	-6690325644269263223999754494176737982257561
CORPUS	1392	128	11150542740448772039999590823627896637095936
CORPUS	1393	128	-11150542740448772039999590823627896637095936
CORPUS	1394	128	34028236692093846346337460743176821145600000
CORPUS	1395	128	-34028236692093846346337460743176821145600000
CORPUS	1396	128	102084710076281539039012382229530463436800000
CORPUS	1397	128	-102084710076281539039012382229530463436800000
CORPUS	1398	128	170141183460469231731687303715884105728000000
CORPUS	1399	128	-170141183460469231731687303715884105728000000
CORPUS	1400	256	0
CORPUS	1401	256	11579208923731619542357098500868790785326998466564056403945758400791312963993
CORPUS	1402	256	0
CORPUS	1403	256	-11579208923731619542357098500868790785326998466564056403945758400791312963993
CORPUS	1404	256	0
CORPUS	1405	256	16541727033902313631938712144098272550467140666520080577065369143987589948562
CORPUS	1406	256	0
CORPUS	1407	256	-16541727033902313631938712144098272550467140666520080577065369143987589948562
CORPUS	1408	256	0
CORPUS	1409	256	38597363079105398474523661669562635951089994888546854679819194669304376546645333333
CORPUS	1410	256	0
CORPUS	1411	256	-38597363079105398474523661669562635951089994888546854679819194669304376546645333333
CORPUS	1412	256	0
CORPUS	1413	256	-38597363079105398474523661669562635951089994888546854679819194669304376546645
CORPUS	1414	256	347376267711948586270712955026063723559809953996921692118372752023739388919808
CORPUS	1415	256	50176572002837018016880760170431426736416993355110911083764953070095689510638
CORPUS	1416	256	3859736307910539847452366166956263595108999488854685467981919466930437654664
CORPUS	1417	256	27018154155373778932166563168693845165762996421982798275873436268513063582651
CORPUS	1418	256	-3859736307910539847452366166956263595108999488854685467981919466930437654664
CORPUS	1419	256	55139090113007712106462373813660908501557135555066935256884563813291966495207
CORPUS	1420	256	5513909011300771210646237381366090850155713555506693525688456381329196649520
CORPUS	1421	256	22055636045203084842584949525464363400622854222026774102753825525316786598083
CORPUS	1422	256	-5513909011300771210646237381366090850155713555506693525688456381329196649520
CORPUS	1423	256	38597401676468477579922136193224305513725945978541743226673874488499045851021879978
CORPUS	1424	256	12865787693035132824841220556520878650363331629515618226606398223101458848881777777
CORPUS	1425	256	-38597324481742319369125187145900966388454043798551966132964514850109707242268786688
CORPUS	1426	256	-12865787693035132824841220556520878650363331629515618226606398223101458848881777777
CORPUS	1427	256	38597363079105398474523661669562635951089994888546854679819194669304376546645
CORPUS	1428	256	-27018154155373778932166563168693845165762996421982798275873436268513063582651
CORPUS	1429	256	-3859736307910539847452366166956263595108999488854685467981919466930437654664
CORPUS	1430	256	-50176572002837018016880760170431426736416993355110911083764953070095689510638
CORPUS	1431	256	3859736307910539847452366166956263595108999488854685467981919466930437654664
CORPUS	1432	256	-22055636045203084842584949525464363400622854222026774102753825525316786598083
CORPUS	1433	256	-5513909011300771210646237381366090850155713555506693525688456381329196649520
CORPUS	1434	256	-55139090113007712106462373813660908501557135555066935256884563813291966495207
CORPUS	1435	256	5513909011300771210646237381366090850155713555506693525688456381329196649520
CORPUS	1436	256	38597324481742319369125187145900966388454043798551966132964514850109707242268786688
CORPUS	1437	256	-12865787693035132824841220556520878650363331629515618226606398223101458848881777777
CORPUS	1438	256	-38597401676468477579922136193224305513725945978541743226673874488499045851021879978
CORPUS	1439	256	12865787693035132824841220556520878650363331629515618226606398223101458848881777777
CORPUS	1440	256	-281209359576339331742958106449670633357941391330841369810111275447789029125558
CORPUS	1441	256	47679095568306668703823346768283256174875876038793173428011946356199523969385
CORPUS	1442	256	292788568500070951285315204950539424143268389797405426214057033848580342089552
CORPUS	1443	256	28120935957633933174295810644967063335794139133084136981011127544778902912555
CORPUS	1444	256	269630150652607712200601007948801842572614392864277313406165517046997716161565
CORPUS	1445	256	-28120935957633933174295810644967063335794139133084136981011127544778902912555
CORPUS	1446	256	297751086610241645374896818593768905908408531997361450387176644591776619074121
CORPUS	1447	256	40172765653762761677565443778524376193991627332977338544301610778255575589365
CORPUS	1448	256	264667632542437018111019394305572360807474250664321289233045906303801439176996
CORPUS	1449	256	-40172765653762761677565443778524376193991627332977338544301610778255575589365
CORPUS	1450	256	38597644288464974813855404627669085621723352829938185521189004780579824335674458892
CORPUS	1451	256	93736453192113110580986035483223544452647130443613789936703758482596343041852952380
CORPUS	1452	256	-38597081869745822135191918711456186280456636947155523838449384558028928757616207774
CORPUS	1453	256	-93736453192113110580986035483223544452647130443613789936703758482596343041852952380
CORPUS	1454	256	281209359576339331742958106449670633357941391330841369810111275447789029125558
CORPUS	1455	256	-269630150652607712200601007948801842572614392864277313406165517046997716161565
CORPUS	1456	256	-28120935957633933174295810644967063335794139133084136981011127544778902912555
CORPUS	1457	256	-292788568500070951285315204950539424143268389797405426214057033848580342089552
CORPUS	1458	256	28120935957633933174295810644967063335794139133084136981011127544778902912555
CORPUS	1459	256	-264667632542437018111019394305572360807474250664321289233045906303801439176996
CORPUS	1460	256	-40172765653762761677565443778524376193991627332977338544301610778255575589365
CORPUS	1461	256	-297751086610241645374896818593768905908408531997361450387176644591776619074121
CORPUS	1462	256	40172765653762761677565443778524376193991627332977338544301610778255575589365
CORPUS	1463	256	38597081869745822135191918711456186280456636947155523838449384558028928757616207774
CORPUS	1464	256	-93736453192113110580986035483223544452647130443613789936703758482596343041852952380
CORPUS	1465	256	-38597644288464974813855404627669085621723352829938185521189004780579824335674458892
CORPUS	1466	256	93736453192113110580986035483223544452647130443613789936703758482596343041852952380
CORPUS	1467	256	-115792089237316195423570985008687907853269984665640564039457584007913129639936000000
CORPUS	1468	256	115792089237316195423570985008687907853269984665640564039457584007913129
CORPUS	1469	256	115792100816525119155190527365786408722060769992639030603513987953671530431248963993
CORPUS	1470	256	11579208923731619542357098500868790785326998466564056403945758400791312963993600000
CORPUS	1471	256	115792077658107271691951442651589406984479199338642097475401180062154728848623036006
CORPUS	1472	256	-11579208923731619542357098500868790785326998466564056403945758400791312963993600000
CORPUS	1473	256	115792105779043229325884616947400051951542535132781230559538161073282273627525948562
CORPUS	1474	256	16541727033902313631938712144098272550467140666520080577065369143987589948562285714
CORPUS	1475	256	115792072695589161521257353069975763754997434198499897519377006942543985652346051437
CORPUS	1476	256	-16541727033902313631938712144098272550467140666520080577065369143987589948562285714
CORPUS	1477	256	154389452316421593898094646678250543804359979554187418719276778677217506186581333333
CORPUS	1478	256	38597363079105398474523661669562635951089994888546854679819194669304376546645333333333333
CORPUS	1479	256	77194726158210796949047323339125271902179989777093709359638389338608753093290666666
CORPUS	1480	256	-38597363079105398474523661669562635951089994888546854679819194669304376546645333333333333
CORPUS	1481	256	115792089237316195423570985008687907853269984665640564039457584007913129639936000000
CORPUS	1482	256	-115792077658107271691951442651589406984479199338642097475401180062154728848623036006
CORPUS	1483	256	-11579208923731619542357098500868790785326998466564056403945758400791312963993600000
CORPUS	1484	256	-115792100816525119155190527365786408722060769992639030603513987953671530431248963993
CORPUS	1485	256	11579208923731619542357098500868790785326998466564056403945758400791312963993600000
CORPUS	1486	256	-115792072695589161521257353069975763754997434198499897519377006942543985652346051437
CORPUS	1487	256	-16541727033902313631938712144098272550467140666520080577065369143987589948562285714
CORPUS	1488	256	-115792105779043229325884616947400051951542535132781230559538161073282273627525948562
CORPUS	1489	256	16541727033902313631938712144098272550467140666520080577065369143987589948562285714
CORPUS	1490	256	-77194726158210796949047323339125271902179989777093709359638389338608753093290666666
CORPUS	1491	256	-38597363079105398474523661669562635951089994888546854679819194669304376546645333333333333
CORPUS	1492	256	-154389452316421593898094646678250543804359979554187418719276778677217506186581333333
CORPUS	1493	256	38597363079105398474523661669562635951089994888546854679819194669304376546645333333333333
CORPUS	1494	256	-2529555384115330499824857214838126472326584995010695215151310561042200925737495210
CORPUS	1495	256	5300460315729261123803545402231773251137677250971538094791838992076832765
CORPUS	1496	256	2529566963324254231444399571936627341117370322009161779207714506800601717050459204
CORPUS	1497	256	252955538411533049982485721483812647232658499501069521515131056104220092573749521
CORPUS	1498	256	2529543804906406768205314857739625603535799668012228651094906615283800134424531217
CORPUS	1499	256	-252955538411533049982485721483812647232658499501069521515131056104220092573749521
CORPUS	1500	256	2529571925842364402138489153550270570599135462151361735231887626411344913327443772
CORPUS	1501	256	361365054873618642832122459262589496046654999287242173593044365863171560819642172
CORPUS	1502	256	2529538842388296597511225276125982374054034527870028695070733495673056938147546648
CORPUS	1503	256	-361365054873618642832122459262589496046654999287242173593044365863171560819642172
CORPUS	1504	256	41126918463220728974348518884400762423416579883557549894970505230346577472382828544
CORPUS	1505	256	843185128038443499941619071612708824108861665003565071717103520347400308579165070222222
CORPUS	1506	256	-36067807694990067974698804454724509478763409893536159464667884108262175620907838122
CORPUS	1507	256	-843185128038443499941619071612708824108861665003565071717103520347400308579165070222222
CORPUS	1508	256	2529555384115330499824857214838126472326584995010695215151310561042200925737495210
CORPUS	1509	256	-2529543804906406768205314857739625603535799668012228651094906615283800134424531217
CORPUS	1510	256	-252955538411533049982485721483812647232658499501069521515131056104220092573749521
CORPUS	1511	256	-2529566963324254231444399571936627341117370322009161779207714506800601717050459204
CORPUS	1512	256	252955538411533049982485721483812647232658499501069521515131056104220092573749521
CORPUS	1513	256	-2529538842388296597511225276125982374054034527870028695070733495673056938147546648
CORPUS	1514	256	-361365054873618642832122459262589496046654999287242173593044365863171560819642172
CORPUS	1515	256	-2529571925842364402138489153550270570599135462151361735231887626411344913327443772
CORPUS	1516	256	361365054873618642832122459262589496046654999287242173593044365863171560819642172
CORPUS	1517	256	36067807694990067974698804454724509478763409893536159464667884108262175620907838122
CORPUS	1518	256	-843185128038443499941619071612708824108861665003565071717103520347400308579165070222222
CORPUS	1519	256	-41126918463220728974348518884400762423416579883557549894970505230346577472382828544
CORPUS	1520	256	843185128038443499941619071612708824108861665003565071717103520347400308579165070222222
CORPUS	1521	256	-11579208923731619542357098500868790785326998466564056403945758400791312963993600000
CORPUS	1522	256	11579208923731619542357098500868790785326998466564056403945758400791312963993600000
CORPUS	1523	256	-34737626771194858627071295502606372355980995399692169211837275202373938891980800000
CORPUS	1524	256	34737626771194858627071295502606372355980995399692169211837275202373938891980800000
CORPUS	1525	256	-57896044618658097711785492504343953926634992332820282019728792003956564819968000000
CORPUS	1526	256	57896044618658097711785492504343953926634992332820282019728792003956564819968000000
CORPUS	1527	256	-758866615234599149947457164451437941697975498503208564545393168312660277721248563
CORPUS	1528	256	758866615234599149947457164451437941697975498503208564545393168312660277721248563
CORPUS	1529	256	-2276599845703797449842371493354313825093926495509625693636179504937980833163745689
CORPUS	1530	256	2276599845703797449842371493354313825093926495509625693636179504937980833163745689
CORPUS	1531	256	-3794333076172995749737285822257189708489877492516042822726965841563301388606242816
CORPUS	1532	256	3794333076172995749737285822257189708489877492516042822726965841563301388606242816
CORPUS	1533	256	-196846551703437532220070674514769443350558973931588958867077892813452320387891
CORPUS	1534	256	196846551703437532220070674514769443350558973931588958867077892813452320387891
CORPUS	1535	256	-590539655110312596660212023544308330051676921794766876601233678440356961163673
CORPUS	1536	256	590539655110312596660212023544308330051676921794766876601233678440356961163673
CORPUS	1537	256	-984232758517187661100353372573847216752794869657944794335389464067261601939456
CORPUS	1538	256	984232758517187661100353372573847216752794869657944794335389464067261601939456
CORPUS	1539	256	-11579208923731619542357098500868790785326998466564056403945758400791312963993
CORPUS	1540	256	11579208923731619542357098500868790785326998466564056403945758400791312963993
CORPUS	1541	256	-34737626771194858627071295502606372355980995399692169211837275202373938891980
CORPUS	1542	256	34737626771194858627071295502606372355980995399692169211837275202373938891980
CORPUS	1543	256	-57896044618658097711785492504343953926634992332820282019728792003956564819968
CORPUS	1544	256	57896044618658097711785492504343953926634992332820282019728792003956564819968
CORPUS	1545	256	0
CORPUS	1546	256	0
CORPUS	1547	256	0
CORPUS	1548	256	0
CORPUS	1549	256	0
CORPUS	1550	256	0
CORPUS	1551	256	11579208923731619542357098500868790785326998466564056403945758400791312963993
CORPUS	1552	256	-11579208923731619542357098500868790785326998466564056403945758400791312963993
CORPUS	1553	256	34737626771194858627071295502606372355980995399692169211837275202373938891980
CORPUS	1554	256	-34737626771194858627071295502606372355980995399692169211837275202373938891980
CORPUS	1555	256	57896044618658097711785492504343953926634992332820282019728792003956564819968
CORPUS	1556	256	-57896044618658097711785492504343953926634992332820282019728792003956564819968
CORPUS	1557	256	196846551703437532220070674514769443350558973931588958867077892813452320387891
CORPUS	1558	256	-196846551703437532220070674514769443350558973931588958867077892813452320387891
CORPUS	1559	256	590539655110312596660212023544308330051676921794766876601233678440356961163673
CORPUS	1560	256	-590539655110312596660212023544308330051676921794766876601233678440356961163673
CORPUS	1561	256	984232758517187661100353372573847216752794869657944794335389464067261601939456
CORPUS	1562	256	-984232758517187661100353372573847216752794869657944794335389464067261601939456
CORPUS	1563	256	758866615234599149947457164451437941697975498503208564545393168312660277721248563
CORPUS	1564	256	-758866615234599149947457164451437941697975498503208564545393168312660277721248563
CORPUS	1565	256	2276599845703797449842371493354313825093926495509625693636179504937980833163745689
CORPUS	1566	256	-2276599845703797449842371493354313825093926495509625693636179504937980833163745689
CORPUS	1567	256	3794333076172995749737285822257189708489877492516042822726965841563301388606242816
CORPUS	1568	256	-3794333076172995749737285822257189708489877492516042822726965841563301388606242816
CORPUS	1569	256	11579208923731619542357098500868790785326998466564056403945758400791312963993600000
CORPUS	1570	256	-11579208923731619542357098500868790785326998466564056403945758400791312963993600000
CORPUS	1571	256	34737626771194858627071295502606372355980995399692169211837275202373938891980800000
CORPUS	1572	256	-34737626771194858627071295502606372355980995399692169211837275202373938891980800000
CORPUS	1573	256	57896044618658097711785492504343953926634992332820282019728792003956564819968000000
CORPUS	1574	256	-57896044618658097711785492504343953926634992332820282019728792003956564819968000000
PASS	inverse--1000000-0
PASS	inverse--17-0
PASS	inverse--1-0
PASS	inverse-1-0
PASS	inverse-17-0
PASS	inverse-1000000-0
PASS	inverse--1000000-1
PASS	inverse--17-1
PASS	inverse--1-1
PASS	inverse-1-1
PASS	inverse-17-1
PASS	inverse-1000000-1
PASS	inverse--1000000-8
PASS	inverse--17-8
PASS	inverse--1-8
PASS	inverse-1-8
PASS	inverse-17-8
PASS	inverse-1000000-8
PASS	inverse--1000000-16
PASS	inverse--17-16
PASS	inverse--1-16
PASS	inverse-1-16
PASS	inverse-17-16
PASS	inverse-1000000-16
PASS	inverse--1000000-17
PASS	inverse--17-17
PASS	inverse--1-17
PASS	inverse-1-17
PASS	inverse-17-17
PASS	inverse-1000000-17
PASS	inverse--1000000-32
PASS	inverse--17-32
PASS	inverse--1-32
PASS	inverse-1-32
PASS	inverse-17-32
PASS	inverse-1000000-32
PASS	inverse--1000000-64
PASS	inverse--17-64
PASS	inverse--1-64
PASS	inverse-1-64
PASS	inverse-17-64
PASS	inverse-1000000-64
PASS	inverse--1000000-128
PASS	inverse--17-128
PASS	inverse--1-128
PASS	inverse-1-128
PASS	inverse-17-128
PASS	inverse-1000000-128
PASS	inverse--1000000-256
PASS	inverse--17-256
PASS	inverse--1-256
PASS	inverse-1-256
PASS	inverse-17-256
PASS	inverse-1000000-256
PASS	inverse--1000000-512
PASS	inverse--17-512
PASS	inverse--1-512
PASS	inverse-1-512
PASS	inverse-17-512
PASS	inverse-1000000-512
PASS	close-comparison
PASS	integer-boundary--9223372036854775808
PASS	integer-boundary--2147483648
PASS	integer-boundary--1000
PASS	integer-boundary--17
PASS	integer-boundary--2
PASS	integer-boundary--1
PASS	integer-boundary-0
PASS	integer-boundary-1
PASS	integer-boundary-2
PASS	integer-boundary-17
PASS	integer-boundary-1000
PASS	integer-boundary-9223372036854775807
PASS	binary-import-3fb999999999999a
PASS	binary-import-bfb999999999999a
PASS	binary-import-3fe0000000000000
PASS	binary-import-bfe0000000000000
PASS	binary-import-3ff0000000000001
PASS	binary-import-0000000000000001
PASS	binary-import-7fefffffffffffff
PASS	irrational-2--1000000-false-16
PASS	irrational-2--1000000-false-17
PASS	irrational-2--1000000-false-64
PASS	irrational-2--1000000-false-128
PASS	irrational-2--1000000-false-256
PASS	irrational-2--1000000-false-512
PASS	irrational-2--1000000-true-16
PASS	irrational-2--1000000-true-17
PASS	irrational-2--1000000-true-64
PASS	irrational-2--1000000-true-128
PASS	irrational-2--1000000-true-256
PASS	irrational-2--1000000-true-512
PASS	irrational-2--65537-false-16
PASS	irrational-2--65537-false-17
PASS	irrational-2--65537-false-64
PASS	irrational-2--65537-false-128
PASS	irrational-2--65537-false-256
PASS	irrational-2--65537-false-512
PASS	irrational-2--65537-true-16
PASS	irrational-2--65537-true-17
PASS	irrational-2--65537-true-64
PASS	irrational-2--65537-true-128
PASS	irrational-2--65537-true-256
PASS	irrational-2--65537-true-512
PASS	irrational-2--17-false-16
PASS	irrational-2--17-false-17
PASS	irrational-2--17-false-64
PASS	irrational-2--17-false-128
PASS	irrational-2--17-false-256
PASS	irrational-2--17-false-512
PASS	irrational-2--17-true-16
PASS	irrational-2--17-true-17
PASS	irrational-2--17-true-64
PASS	irrational-2--17-true-128
PASS	irrational-2--17-true-256
PASS	irrational-2--17-true-512
PASS	irrational-2--1-false-16
PASS	irrational-2--1-false-17
PASS	irrational-2--1-false-64
PASS	irrational-2--1-false-128
PASS	irrational-2--1-false-256
PASS	irrational-2--1-false-512
PASS	irrational-2--1-true-16
PASS	irrational-2--1-true-17
PASS	irrational-2--1-true-64
PASS	irrational-2--1-true-128
PASS	irrational-2--1-true-256
PASS	irrational-2--1-true-512
PASS	irrational-2-1-false-16
PASS	irrational-2-1-false-17
PASS	irrational-2-1-false-64
PASS	irrational-2-1-false-128
PASS	irrational-2-1-false-256
PASS	irrational-2-1-false-512
PASS	irrational-2-1-true-16
PASS	irrational-2-1-true-17
PASS	irrational-2-1-true-64
PASS	irrational-2-1-true-128
PASS	irrational-2-1-true-256
PASS	irrational-2-1-true-512
PASS	irrational-2-17-false-16
PASS	irrational-2-17-false-17
PASS	irrational-2-17-false-64
PASS	irrational-2-17-false-128
PASS	irrational-2-17-false-256
PASS	irrational-2-17-false-512
PASS	irrational-2-17-true-16
PASS	irrational-2-17-true-17
PASS	irrational-2-17-true-64
PASS	irrational-2-17-true-128
PASS	irrational-2-17-true-256
PASS	irrational-2-17-true-512
PASS	irrational-2-65537-false-16
PASS	irrational-2-65537-false-17
PASS	irrational-2-65537-false-64
PASS	irrational-2-65537-false-128
PASS	irrational-2-65537-false-256
PASS	irrational-2-65537-false-512
PASS	irrational-2-65537-true-16
PASS	irrational-2-65537-true-17
PASS	irrational-2-65537-true-64
PASS	irrational-2-65537-true-128
PASS	irrational-2-65537-true-256
PASS	irrational-2-65537-true-512
PASS	irrational-2-1000000-false-16
PASS	irrational-2-1000000-false-17
PASS	irrational-2-1000000-false-64
PASS	irrational-2-1000000-false-128
PASS	irrational-2-1000000-false-256
PASS	irrational-2-1000000-false-512
PASS	irrational-2-1000000-true-16
PASS	irrational-2-1000000-true-17
PASS	irrational-2-1000000-true-64
PASS	irrational-2-1000000-true-128
PASS	irrational-2-1000000-true-256
PASS	irrational-2-1000000-true-512
PASS	irrational-3--1000000-false-16
PASS	irrational-3--1000000-false-17
PASS	irrational-3--1000000-false-64
PASS	irrational-3--1000000-false-128
PASS	irrational-3--1000000-false-256
PASS	irrational-3--1000000-false-512
PASS	irrational-3--1000000-true-16
PASS	irrational-3--1000000-true-17
PASS	irrational-3--1000000-true-64
PASS	irrational-3--1000000-true-128
PASS	irrational-3--1000000-true-256
PASS	irrational-3--1000000-true-512
PASS	irrational-3--65537-false-16
PASS	irrational-3--65537-false-17
PASS	irrational-3--65537-false-64
PASS	irrational-3--65537-false-128
PASS	irrational-3--65537-false-256
PASS	irrational-3--65537-false-512
PASS	irrational-3--65537-true-16
PASS	irrational-3--65537-true-17
PASS	irrational-3--65537-true-64
PASS	irrational-3--65537-true-128
PASS	irrational-3--65537-true-256
PASS	irrational-3--65537-true-512
PASS	irrational-3--17-false-16
PASS	irrational-3--17-false-17
PASS	irrational-3--17-false-64
PASS	irrational-3--17-false-128
PASS	irrational-3--17-false-256
PASS	irrational-3--17-false-512
PASS	irrational-3--17-true-16
PASS	irrational-3--17-true-17
PASS	irrational-3--17-true-64
PASS	irrational-3--17-true-128
PASS	irrational-3--17-true-256
PASS	irrational-3--17-true-512
PASS	irrational-3--1-false-16
PASS	irrational-3--1-false-17
PASS	irrational-3--1-false-64
PASS	irrational-3--1-false-128
PASS	irrational-3--1-false-256
PASS	irrational-3--1-false-512
PASS	irrational-3--1-true-16
PASS	irrational-3--1-true-17
PASS	irrational-3--1-true-64
PASS	irrational-3--1-true-128
PASS	irrational-3--1-true-256
PASS	irrational-3--1-true-512
PASS	irrational-3-1-false-16
PASS	irrational-3-1-false-17
PASS	irrational-3-1-false-64
PASS	irrational-3-1-false-128
PASS	irrational-3-1-false-256
PASS	irrational-3-1-false-512
PASS	irrational-3-1-true-16
PASS	irrational-3-1-true-17
PASS	irrational-3-1-true-64
PASS	irrational-3-1-true-128
PASS	irrational-3-1-true-256
PASS	irrational-3-1-true-512
PASS	irrational-3-17-false-16
PASS	irrational-3-17-false-17
PASS	irrational-3-17-false-64
PASS	irrational-3-17-false-128
PASS	irrational-3-17-false-256
PASS	irrational-3-17-false-512
PASS	irrational-3-17-true-16
PASS	irrational-3-17-true-17
PASS	irrational-3-17-true-64
PASS	irrational-3-17-true-128
PASS	irrational-3-17-true-256
PASS	irrational-3-17-true-512
PASS	irrational-3-65537-false-16
PASS	irrational-3-65537-false-17
PASS	irrational-3-65537-false-64
PASS	irrational-3-65537-false-128
PASS	irrational-3-65537-false-256
PASS	irrational-3-65537-false-512
PASS	irrational-3-65537-true-16
PASS	irrational-3-65537-true-17
PASS	irrational-3-65537-true-64
PASS	irrational-3-65537-true-128
PASS	irrational-3-65537-true-256
PASS	irrational-3-65537-true-512
PASS	irrational-3-1000000-false-16
PASS	irrational-3-1000000-false-17
PASS	irrational-3-1000000-false-64
PASS	irrational-3-1000000-false-128
PASS	irrational-3-1000000-false-256
PASS	irrational-3-1000000-false-512
PASS	irrational-3-1000000-true-16
PASS	irrational-3-1000000-true-17
PASS	irrational-3-1000000-true-64
PASS	irrational-3-1000000-true-128
PASS	irrational-3-1000000-true-256
PASS	irrational-3-1000000-true-512
PASS	irrational-5--1000000-false-16
PASS	irrational-5--1000000-false-17
PASS	irrational-5--1000000-false-64
PASS	irrational-5--1000000-false-128
PASS	irrational-5--1000000-false-256
PASS	irrational-5--1000000-false-512
PASS	irrational-5--1000000-true-16
PASS	irrational-5--1000000-true-17
PASS	irrational-5--1000000-true-64
PASS	irrational-5--1000000-true-128
PASS	irrational-5--1000000-true-256
PASS	irrational-5--1000000-true-512
PASS	irrational-5--65537-false-16
PASS	irrational-5--65537-false-17
PASS	irrational-5--65537-false-64
PASS	irrational-5--65537-false-128
PASS	irrational-5--65537-false-256
PASS	irrational-5--65537-false-512
PASS	irrational-5--65537-true-16
PASS	irrational-5--65537-true-17
PASS	irrational-5--65537-true-64
PASS	irrational-5--65537-true-128
PASS	irrational-5--65537-true-256
PASS	irrational-5--65537-true-512
PASS	irrational-5--17-false-16
PASS	irrational-5--17-false-17
PASS	irrational-5--17-false-64
PASS	irrational-5--17-false-128
PASS	irrational-5--17-false-256
PASS	irrational-5--17-false-512
PASS	irrational-5--17-true-16
PASS	irrational-5--17-true-17
PASS	irrational-5--17-true-64
PASS	irrational-5--17-true-128
PASS	irrational-5--17-true-256
PASS	irrational-5--17-true-512
PASS	irrational-5--1-false-16
PASS	irrational-5--1-false-17
PASS	irrational-5--1-false-64
PASS	irrational-5--1-false-128
PASS	irrational-5--1-false-256
PASS	irrational-5--1-false-512
PASS	irrational-5--1-true-16
PASS	irrational-5--1-true-17
PASS	irrational-5--1-true-64
PASS	irrational-5--1-true-128
PASS	irrational-5--1-true-256
PASS	irrational-5--1-true-512
PASS	irrational-5-1-false-16
PASS	irrational-5-1-false-17
PASS	irrational-5-1-false-64
PASS	irrational-5-1-false-128
PASS	irrational-5-1-false-256
PASS	irrational-5-1-false-512
PASS	irrational-5-1-true-16
PASS	irrational-5-1-true-17
PASS	irrational-5-1-true-64
PASS	irrational-5-1-true-128
PASS	irrational-5-1-true-256
PASS	irrational-5-1-true-512
PASS	irrational-5-17-false-16
PASS	irrational-5-17-false-17
PASS	irrational-5-17-false-64
PASS	irrational-5-17-false-128
PASS	irrational-5-17-false-256
PASS	irrational-5-17-false-512
PASS	irrational-5-17-true-16
PASS	irrational-5-17-true-17
PASS	irrational-5-17-true-64
PASS	irrational-5-17-true-128
PASS	irrational-5-17-true-256
PASS	irrational-5-17-true-512
PASS	irrational-5-65537-false-16
PASS	irrational-5-65537-false-17
PASS	irrational-5-65537-false-64
PASS	irrational-5-65537-false-128
PASS	irrational-5-65537-false-256
PASS	irrational-5-65537-false-512
PASS	irrational-5-65537-true-16
PASS	irrational-5-65537-true-17
PASS	irrational-5-65537-true-64
PASS	irrational-5-65537-true-128
PASS	irrational-5-65537-true-256
PASS	irrational-5-65537-true-512
PASS	irrational-5-1000000-false-16
PASS	irrational-5-1000000-false-17
PASS	irrational-5-1000000-false-64
PASS	irrational-5-1000000-false-128
PASS	irrational-5-1000000-false-256
PASS	irrational-5-1000000-false-512
PASS	irrational-5-1000000-true-16
PASS	irrational-5-1000000-true-17
PASS	irrational-5-1000000-true-64
PASS	irrational-5-1000000-true-128
PASS	irrational-5-1000000-true-256
PASS	irrational-5-1000000-true-512
PASS	irrational-7--1000000-false-16
PASS	irrational-7--1000000-false-17
PASS	irrational-7--1000000-false-64
PASS	irrational-7--1000000-false-128
PASS	irrational-7--1000000-false-256
PASS	irrational-7--1000000-false-512
PASS	irrational-7--1000000-true-16
PASS	irrational-7--1000000-true-17
PASS	irrational-7--1000000-true-64
PASS	irrational-7--1000000-true-128
PASS	irrational-7--1000000-true-256
PASS	irrational-7--1000000-true-512
PASS	irrational-7--65537-false-16
PASS	irrational-7--65537-false-17
PASS	irrational-7--65537-false-64
PASS	irrational-7--65537-false-128
PASS	irrational-7--65537-false-256
PASS	irrational-7--65537-false-512
PASS	irrational-7--65537-true-16
PASS	irrational-7--65537-true-17
PASS	irrational-7--65537-true-64
PASS	irrational-7--65537-true-128
PASS	irrational-7--65537-true-256
PASS	irrational-7--65537-true-512
PASS	irrational-7--17-false-16
PASS	irrational-7--17-false-17
PASS	irrational-7--17-false-64
PASS	irrational-7--17-false-128
PASS	irrational-7--17-false-256
PASS	irrational-7--17-false-512
PASS	irrational-7--17-true-16
PASS	irrational-7--17-true-17
PASS	irrational-7--17-true-64
PASS	irrational-7--17-true-128
PASS	irrational-7--17-true-256
PASS	irrational-7--17-true-512
PASS	irrational-7--1-false-16
PASS	irrational-7--1-false-17
PASS	irrational-7--1-false-64
PASS	irrational-7--1-false-128
PASS	irrational-7--1-false-256
PASS	irrational-7--1-false-512
PASS	irrational-7--1-true-16
PASS	irrational-7--1-true-17
PASS	irrational-7--1-true-64
PASS	irrational-7--1-true-128
PASS	irrational-7--1-true-256
PASS	irrational-7--1-true-512
PASS	irrational-7-1-false-16
PASS	irrational-7-1-false-17
PASS	irrational-7-1-false-64
PASS	irrational-7-1-false-128
PASS	irrational-7-1-false-256
PASS	irrational-7-1-false-512
PASS	irrational-7-1-true-16
PASS	irrational-7-1-true-17
PASS	irrational-7-1-true-64
PASS	irrational-7-1-true-128
PASS	irrational-7-1-true-256
PASS	irrational-7-1-true-512
PASS	irrational-7-17-false-16
PASS	irrational-7-17-false-17
PASS	irrational-7-17-false-64
PASS	irrational-7-17-false-128
PASS	irrational-7-17-false-256
PASS	irrational-7-17-false-512
PASS	irrational-7-17-true-16
PASS	irrational-7-17-true-17
PASS	irrational-7-17-true-64
PASS	irrational-7-17-true-128
PASS	irrational-7-17-true-256
PASS	irrational-7-17-true-512
PASS	irrational-7-65537-false-16
PASS	irrational-7-65537-false-17
PASS	irrational-7-65537-false-64
PASS	irrational-7-65537-false-128
PASS	irrational-7-65537-false-256
PASS	irrational-7-65537-false-512
PASS	irrational-7-65537-true-16
PASS	irrational-7-65537-true-17
PASS	irrational-7-65537-true-64
PASS	irrational-7-65537-true-128
PASS	irrational-7-65537-true-256
PASS	irrational-7-65537-true-512
PASS	irrational-7-1000000-false-16
PASS	irrational-7-1000000-false-17
PASS	irrational-7-1000000-false-64
PASS	irrational-7-1000000-false-128
PASS	irrational-7-1000000-false-256
PASS	irrational-7-1000000-false-512
PASS	irrational-7-1000000-true-16
PASS	irrational-7-1000000-true-17
PASS	irrational-7-1000000-true-64
PASS	irrational-7-1000000-true-128
PASS	irrational-7-1000000-true-256
PASS	irrational-7-1000000-true-512
PASS	irrational-11--1000000-false-16
PASS	irrational-11--1000000-false-17
PASS	irrational-11--1000000-false-64
PASS	irrational-11--1000000-false-128
PASS	irrational-11--1000000-false-256
PASS	irrational-11--1000000-false-512
PASS	irrational-11--1000000-true-16
PASS	irrational-11--1000000-true-17
PASS	irrational-11--1000000-true-64
PASS	irrational-11--1000000-true-128
PASS	irrational-11--1000000-true-256
PASS	irrational-11--1000000-true-512
PASS	irrational-11--65537-false-16
PASS	irrational-11--65537-false-17
PASS	irrational-11--65537-false-64
PASS	irrational-11--65537-false-128
PASS	irrational-11--65537-false-256
PASS	irrational-11--65537-false-512
PASS	irrational-11--65537-true-16
PASS	irrational-11--65537-true-17
PASS	irrational-11--65537-true-64
PASS	irrational-11--65537-true-128
PASS	irrational-11--65537-true-256
PASS	irrational-11--65537-true-512
PASS	irrational-11--17-false-16
PASS	irrational-11--17-false-17
PASS	irrational-11--17-false-64
PASS	irrational-11--17-false-128
PASS	irrational-11--17-false-256
PASS	irrational-11--17-false-512
PASS	irrational-11--17-true-16
PASS	irrational-11--17-true-17
PASS	irrational-11--17-true-64
PASS	irrational-11--17-true-128
PASS	irrational-11--17-true-256
PASS	irrational-11--17-true-512
PASS	irrational-11--1-false-16
PASS	irrational-11--1-false-17
PASS	irrational-11--1-false-64
PASS	irrational-11--1-false-128
PASS	irrational-11--1-false-256
PASS	irrational-11--1-false-512
PASS	irrational-11--1-true-16
PASS	irrational-11--1-true-17
PASS	irrational-11--1-true-64
PASS	irrational-11--1-true-128
PASS	irrational-11--1-true-256
PASS	irrational-11--1-true-512
PASS	irrational-11-1-false-16
PASS	irrational-11-1-false-17
PASS	irrational-11-1-false-64
PASS	irrational-11-1-false-128
PASS	irrational-11-1-false-256
PASS	irrational-11-1-false-512
PASS	irrational-11-1-true-16
PASS	irrational-11-1-true-17
PASS	irrational-11-1-true-64
PASS	irrational-11-1-true-128
PASS	irrational-11-1-true-256
PASS	irrational-11-1-true-512
PASS	irrational-11-17-false-16
PASS	irrational-11-17-false-17
PASS	irrational-11-17-false-64
PASS	irrational-11-17-false-128
PASS	irrational-11-17-false-256
PASS	irrational-11-17-false-512
PASS	irrational-11-17-true-16
PASS	irrational-11-17-true-17
PASS	irrational-11-17-true-64
PASS	irrational-11-17-true-128
PASS	irrational-11-17-true-256
PASS	irrational-11-17-true-512
PASS	irrational-11-65537-false-16
PASS	irrational-11-65537-false-17
PASS	irrational-11-65537-false-64
PASS	irrational-11-65537-false-128
PASS	irrational-11-65537-false-256
PASS	irrational-11-65537-false-512
PASS	irrational-11-65537-true-16
PASS	irrational-11-65537-true-17
PASS	irrational-11-65537-true-64
PASS	irrational-11-65537-true-128
PASS	irrational-11-65537-true-256
PASS	irrational-11-65537-true-512
PASS	irrational-11-1000000-false-16
PASS	irrational-11-1000000-false-17
PASS	irrational-11-1000000-false-64
PASS	irrational-11-1000000-false-128
PASS	irrational-11-1000000-false-256
PASS	irrational-11-1000000-false-512
PASS	irrational-11-1000000-true-16
PASS	irrational-11-1000000-true-17
PASS	irrational-11-1000000-true-64
PASS	irrational-11-1000000-true-128
PASS	irrational-11-1000000-true-256
PASS	irrational-11-1000000-true-512
SUMMARY	1575	584
