SCALE	int--2147483648	-2147483648	0.0
STACK	big--2147483648
SCALE	int--1000	-1000	0.0
STACK	big--1000
SCALE	int--17	-17	0.0
STACK	big--17
SCALE	int--2	-2	0.0
STACK	big--2
SCALE	int--1	-1	0.0
STACK	big--1
SCALE	int-0	0	0.0
SCALE	big-0	0	0.0
SCALE	int-1	1	3.0
SCALE	big-1	1	3.0
SCALE	int-2	2	6.0
SCALE	big-2	2	6.0
SCALE	int-17	17	51.0
SCALE	big-17	17	51.0
SCALE	int-1000	1000	3000.0
SCALE	big-1000	1000	3000.0
SCALE	int-2147483647	2147483647	6.442450941E9
SCALE	big-2147483647	2147483647	6.442450941E9
STACK	embedding-min
STACK	power-min
CONTROL	power-big-min	1.0
