CALIBRATE	8	256	naive	128
CALIBRATE	8	256	strassen1	16
CALIBRATE	8	256	strassen8	1024
BENCH	8	256	-3	0	naive	128	40000000	24957529
BENCH	8	256	-3	1	strassen1	16	50000000	56037958
BENCH	8	256	-3	2	strassen8	1024	210000000	205652541
BENCH	8	256	-2	0	strassen1	16	40000000	41688772
BENCH	8	256	-2	1	strassen8	1024	170000000	171944742
BENCH	8	256	-2	2	naive	128	20000000	16761391
BENCH	8	256	-1	0	strassen8	1024	140000000	145274190
BENCH	8	256	-1	1	naive	128	20000000	18720687
BENCH	8	256	-1	2	strassen1	16	40000000	35269822
BENCH	8	256	0	0	naive	128	20000000	25265378
BENCH	8	256	0	1	strassen1	16	40000000	33086752
BENCH	8	256	0	2	strassen8	1024	150000000	155187751
BENCH	8	256	1	0	strassen1	16	30000000	34411131
BENCH	8	256	1	1	strassen8	1024	160000000	163720806
BENCH	8	256	1	2	naive	128	30000000	16980976
BENCH	8	256	2	0	strassen8	1024	140000000	149518419
BENCH	8	256	2	1	naive	128	20000000	17136635
BENCH	8	256	2	2	strassen1	16	20000000	27677653
BENCH	8	256	3	0	naive	128	30000000	17115077
BENCH	8	256	3	1	strassen1	16	20000000	27041307
BENCH	8	256	3	2	strassen8	1024	150000000	151842740
BENCH	8	256	4	0	strassen1	16	30000000	24576075
BENCH	8	256	4	1	strassen8	1024	140000000	145135350
BENCH	8	256	4	2	naive	128	10000000	16352759
BENCH	8	256	5	0	strassen8	1024	150000000	145126520
BENCH	8	256	5	1	naive	128	10000000	18618574
BENCH	8	256	5	2	strassen1	16	30000000	23318351
BENCH	8	256	6	0	naive	128	20000000	18307414
BENCH	8	256	6	1	strassen1	16	20000000	24899833
BENCH	8	256	6	2	strassen8	1024	160000000	153004750
BENCH	8	256	7	0	strassen1	16	20000000	29185890
BENCH	8	256	7	1	strassen8	1024	150000000	144006657
BENCH	8	256	7	2	naive	128	20000000	18294166
BENCH	8	256	8	0	strassen8	1024	140000000	144977381
BENCH	8	256	8	1	naive	128	20000000	19227172
BENCH	8	256	8	2	strassen1	16	30000000	24436965
