WARMUP	ordinary	259816	500000000
WARMUP	karatsuba	11568	500000000
CALIBRATE	ordinary	2097152	1410000000
CALIBRATE	karatsuba	262144	1700000000
BENCH	-3	0	karatsuba	262144	1670000000	1677392470
BENCH	-3	1	ordinary	2097152	1470000000	1464277104
BENCH	-2	0	ordinary	2097152	1470000000	1480844838
BENCH	-2	1	karatsuba	262144	1700000000	1703555356
BENCH	-1	0	karatsuba	262144	1710000000	1723714754
BENCH	-1	1	ordinary	2097152	1470000000	1474400260
BENCH	0	0	ordinary	2097152	1420000000	1418797723
BENCH	0	1	karatsuba	262144	1700000000	1707229735
BENCH	1	0	karatsuba	262144	1690000000	1697443296
BENCH	1	1	ordinary	2097152	1440000000	1444360040
BENCH	2	0	ordinary	2097152	1460000000	1470342588
BENCH	2	1	karatsuba	262144	1770000000	1777192377
BENCH	3	0	karatsuba	262144	1710000000	1704224210
BENCH	3	1	ordinary	2097152	1450000000	1462440910
BENCH	4	0	ordinary	2097152	1440000000	1440782735
BENCH	4	1	karatsuba	262144	1710000000	1721685583
BENCH	5	0	karatsuba	262144	1690000000	1694677845
BENCH	5	1	ordinary	2097152	1470000000	1475052445
BENCH	6	0	ordinary	2097152	1400000000	1406418562
BENCH	6	1	karatsuba	262144	1650000000	1655144116
BENCH	7	0	karatsuba	262144	1680000000	1685934735
BENCH	7	1	ordinary	2097152	1430000000	1427379504
BENCH	8	0	ordinary	2097152	1430000000	1435002031
BENCH	8	1	karatsuba	262144	1660000000	1670892656
