id	op	bits	an	ad	bn	bd	decimal
0	neg	0	0	1	0	1	-
1	add	0	0	1	1	10	-
2	mul	0	0	1	1	10	-
3	add	0	0	1	-1	10	-
4	mul	0	0	1	-1	10	-
5	add	0	0	1	1	7	-
6	mul	0	0	1	1	7	-
7	add	0	0	1	-1	7	-
8	mul	0	0	1	-1	7	-
9	add	0	0	1	1000000	3	-
10	mul	0	0	1	1000000	3	-
11	add	0	0	1	-1000000	3	-
12	mul	0	0	1	-1000000	3	-
13	neg	0	1	3	0	1	-
14	inv	0	1	3	0	1	-
15	add	0	1	3	1	10	-
16	mul	0	1	3	1	10	-
17	add	0	1	3	-1	10	-
18	mul	0	1	3	-1	10	-
19	add	0	1	3	1	7	-
20	mul	0	1	3	1	7	-
21	add	0	1	3	-1	7	-
22	mul	0	1	3	-1	7	-
23	add	0	1	3	1000000	3	-
24	mul	0	1	3	1000000	3	-
25	add	0	1	3	-1000000	3	-
26	mul	0	1	3	-1000000	3	-
27	neg	0	-1	3	0	1	-
28	add	0	-1	3	1	10	-
29	mul	0	-1	3	1	10	-
30	add	0	-1	3	-1	10	-
31	mul	0	-1	3	-1	10	-
32	add	0	-1	3	1	7	-
33	mul	0	-1	3	1	7	-
34	add	0	-1	3	-1	7	-
35	mul	0	-1	3	-1	7	-
36	add	0	-1	3	1000000	3	-
37	mul	0	-1	3	1000000	3	-
38	add	0	-1	3	-1000000	3	-
39	mul	0	-1	3	-1000000	3	-
40	neg	0	17	7	0	1	-
41	inv	0	17	7	0	1	-
42	add	0	17	7	1	10	-
43	mul	0	17	7	1	10	-
44	add	0	17	7	-1	10	-
45	mul	0	17	7	-1	10	-
46	add	0	17	7	1	7	-
47	mul	0	17	7	1	7	-
48	add	0	17	7	-1	7	-
49	mul	0	17	7	-1	7	-
50	add	0	17	7	1000000	3	-
51	mul	0	17	7	1000000	3	-
52	add	0	17	7	-1000000	3	-
53	mul	0	17	7	-1000000	3	-
54	neg	0	-17	7	0	1	-
55	add	0	-17	7	1	10	-
56	mul	0	-17	7	1	10	-
57	add	0	-17	7	-1	10	-
58	mul	0	-17	7	-1	10	-
59	add	0	-17	7	1	7	-
60	mul	0	-17	7	1	7	-
61	add	0	-17	7	-1	7	-
62	mul	0	-17	7	-1	7	-
63	add	0	-17	7	1000000	3	-
64	mul	0	-17	7	1000000	3	-
65	add	0	-17	7	-1000000	3	-
66	mul	0	-17	7	-1000000	3	-
67	neg	0	1000000	1	0	1	-
68	inv	0	1000000	1	0	1	-
69	add	0	1000000	1	1	10	-
70	mul	0	1000000	1	1	10	-
71	add	0	1000000	1	-1	10	-
72	mul	0	1000000	1	-1	10	-
73	add	0	1000000	1	1	7	-
74	mul	0	1000000	1	1	7	-
75	add	0	1000000	1	-1	7	-
76	mul	0	1000000	1	-1	7	-
77	add	0	1000000	1	1000000	3	-
78	mul	0	1000000	1	1000000	3	-
79	add	0	1000000	1	-1000000	3	-
80	mul	0	1000000	1	-1000000	3	-
81	neg	0	-1000000	1	0	1	-
82	add	0	-1000000	1	1	10	-
83	mul	0	-1000000	1	1	10	-
84	add	0	-1000000	1	-1	10	-
85	mul	0	-1000000	1	-1	10	-
86	add	0	-1000000	1	1	7	-
87	mul	0	-1000000	1	1	7	-
88	add	0	-1000000	1	-1	7	-
89	mul	0	-1000000	1	-1	7	-
90	add	0	-1000000	1	1000000	3	-
91	mul	0	-1000000	1	1000000	3	-
92	add	0	-1000000	1	-1000000	3	-
93	mul	0	-1000000	1	-1000000	3	-
94	neg	0	65537	3	0	1	-
95	inv	0	65537	3	0	1	-
96	add	0	65537	3	1	10	-
97	mul	0	65537	3	1	10	-
98	add	0	65537	3	-1	10	-
99	mul	0	65537	3	-1	10	-
100	add	0	65537	3	1	7	-
101	mul	0	65537	3	1	7	-
102	add	0	65537	3	-1	7	-
103	mul	0	65537	3	-1	7	-
104	add	0	65537	3	1000000	3	-
105	mul	0	65537	3	1000000	3	-
106	add	0	65537	3	-1000000	3	-
107	mul	0	65537	3	-1000000	3	-
108	neg	0	-65537	3	0	1	-
109	add	0	-65537	3	1	10	-
110	mul	0	-65537	3	1	10	-
111	add	0	-65537	3	-1	10	-
112	mul	0	-65537	3	-1	10	-
113	add	0	-65537	3	1	7	-
114	mul	0	-65537	3	1	7	-
115	add	0	-65537	3	-1	7	-
116	mul	0	-65537	3	-1	7	-
117	add	0	-65537	3	1000000	3	-
118	mul	0	-65537	3	1000000	3	-
119	add	0	-65537	3	-1000000	3	-
120	mul	0	-65537	3	-1000000	3	-
121	public-mul	0	-1000000	1	1	10	0.1
122	public-mul	0	-1000000	1	-1	10	-0.1
123	public-mul	0	-1000000	1	3	10	0.3
124	public-mul	0	-1000000	1	-3	10	-0.3
125	public-mul	0	-1000000	1	5	10	0.5
126	public-mul	0	-1000000	1	-5	10	-0.5
127	public-mul	0	-65537	1	1	10	0.1
128	public-mul	0	-65537	1	-1	10	-0.1
129	public-mul	0	-65537	1	3	10	0.3
130	public-mul	0	-65537	1	-3	10	-0.3
131	public-mul	0	-65537	1	5	10	0.5
132	public-mul	0	-65537	1	-5	10	-0.5
133	public-mul	0	-17	1	1	10	0.1
134	public-mul	0	-17	1	-1	10	-0.1
135	public-mul	0	-17	1	3	10	0.3
136	public-mul	0	-17	1	-3	10	-0.3
137	public-mul	0	-17	1	5	10	0.5
138	public-mul	0	-17	1	-5	10	-0.5
139	public-mul	0	-1	1	1	10	0.1
140	public-mul	0	-1	1	-1	10	-0.1
141	public-mul	0	-1	1	3	10	0.3
142	public-mul	0	-1	1	-3	10	-0.3
143	public-mul	0	-1	1	5	10	0.5
144	public-mul	0	-1	1	-5	10	-0.5
145	public-mul	0	0	1	1	10	0.1
146	public-mul	0	0	1	-1	10	-0.1
147	public-mul	0	0	1	3	10	0.3
148	public-mul	0	0	1	-3	10	-0.3
149	public-mul	0	0	1	5	10	0.5
150	public-mul	0	0	1	-5	10	-0.5
151	public-mul	0	1	1	1	10	0.1
152	public-mul	0	1	1	-1	10	-0.1
153	public-mul	0	1	1	3	10	0.3
154	public-mul	0	1	1	-3	10	-0.3
155	public-mul	0	1	1	5	10	0.5
156	public-mul	0	1	1	-5	10	-0.5
157	public-mul	0	17	1	1	10	0.1
158	public-mul	0	17	1	-1	10	-0.1
159	public-mul	0	17	1	3	10	0.3
160	public-mul	0	17	1	-3	10	-0.3
161	public-mul	0	17	1	5	10	0.5
162	public-mul	0	17	1	-5	10	-0.5
163	public-mul	0	65537	1	1	10	0.1
164	public-mul	0	65537	1	-1	10	-0.1
165	public-mul	0	65537	1	3	10	0.3
166	public-mul	0	65537	1	-3	10	-0.3
167	public-mul	0	65537	1	5	10	0.5
168	public-mul	0	65537	1	-5	10	-0.5
169	public-mul	0	1000000	1	1	10	0.1
170	public-mul	0	1000000	1	-1	10	-0.1
171	public-mul	0	1000000	1	3	10	0.3
172	public-mul	0	1000000	1	-3	10	-0.3
173	public-mul	0	1000000	1	5	10	0.5
174	public-mul	0	1000000	1	-5	10	-0.5
175	neg	1	0	1	0	1	-
176	add	1	0	1	1	10	-
177	mul	1	0	1	1	10	-
178	add	1	0	1	-1	10	-
179	mul	1	0	1	-1	10	-
180	add	1	0	1	1	7	-
181	mul	1	0	1	1	7	-
182	add	1	0	1	-1	7	-
183	mul	1	0	1	-1	7	-
184	add	1	0	1	1000000	3	-
185	mul	1	0	1	1000000	3	-
186	add	1	0	1	-1000000	3	-
187	mul	1	0	1	-1000000	3	-
188	neg	1	1	3	0	1	-
189	inv	1	1	3	0	1	-
190	add	1	1	3	1	10	-
191	mul	1	1	3	1	10	-
192	add	1	1	3	-1	10	-
193	mul	1	1	3	-1	10	-
194	add	1	1	3	1	7	-
195	mul	1	1	3	1	7	-
196	add	1	1	3	-1	7	-
197	mul	1	1	3	-1	7	-
198	add	1	1	3	1000000	3	-
199	mul	1	1	3	1000000	3	-
200	add	1	1	3	-1000000	3	-
201	mul	1	1	3	-1000000	3	-
202	neg	1	-1	3	0	1	-
203	add	1	-1	3	1	10	-
204	mul	1	-1	3	1	10	-
205	add	1	-1	3	-1	10	-
206	mul	1	-1	3	-1	10	-
207	add	1	-1	3	1	7	-
208	mul	1	-1	3	1	7	-
209	add	1	-1	3	-1	7	-
210	mul	1	-1	3	-1	7	-
211	add	1	-1	3	1000000	3	-
212	mul	1	-1	3	1000000	3	-
213	add	1	-1	3	-1000000	3	-
214	mul	1	-1	3	-1000000	3	-
215	neg	1	17	7	0	1	-
216	inv	1	17	7	0	1	-
217	add	1	17	7	1	10	-
218	mul	1	17	7	1	10	-
219	add	1	17	7	-1	10	-
220	mul	1	17	7	-1	10	-
221	add	1	17	7	1	7	-
222	mul	1	17	7	1	7	-
223	add	1	17	7	-1	7	-
224	mul	1	17	7	-1	7	-
225	add	1	17	7	1000000	3	-
226	mul	1	17	7	1000000	3	-
227	add	1	17	7	-1000000	3	-
228	mul	1	17	7	-1000000	3	-
229	neg	1	-17	7	0	1	-
230	add	1	-17	7	1	10	-
231	mul	1	-17	7	1	10	-
232	add	1	-17	7	-1	10	-
233	mul	1	-17	7	-1	10	-
234	add	1	-17	7	1	7	-
235	mul	1	-17	7	1	7	-
236	add	1	-17	7	-1	7	-
237	mul	1	-17	7	-1	7	-
238	add	1	-17	7	1000000	3	-
239	mul	1	-17	7	1000000	3	-
240	add	1	-17	7	-1000000	3	-
241	mul	1	-17	7	-1000000	3	-
242	neg	1	1000000	1	0	1	-
243	inv	1	1000000	1	0	1	-
244	add	1	1000000	1	1	10	-
245	mul	1	1000000	1	1	10	-
246	add	1	1000000	1	-1	10	-
247	mul	1	1000000	1	-1	10	-
248	add	1	1000000	1	1	7	-
249	mul	1	1000000	1	1	7	-
250	add	1	1000000	1	-1	7	-
251	mul	1	1000000	1	-1	7	-
252	add	1	1000000	1	1000000	3	-
253	mul	1	1000000	1	1000000	3	-
254	add	1	1000000	1	-1000000	3	-
255	mul	1	1000000	1	-1000000	3	-
256	neg	1	-1000000	1	0	1	-
257	add	1	-1000000	1	1	10	-
258	mul	1	-1000000	1	1	10	-
259	add	1	-1000000	1	-1	10	-
260	mul	1	-1000000	1	-1	10	-
261	add	1	-1000000	1	1	7	-
262	mul	1	-1000000	1	1	7	-
263	add	1	-1000000	1	-1	7	-
264	mul	1	-1000000	1	-1	7	-
265	add	1	-1000000	1	1000000	3	-
266	mul	1	-1000000	1	1000000	3	-
267	add	1	-1000000	1	-1000000	3	-
268	mul	1	-1000000	1	-1000000	3	-
269	neg	1	65537	3	0	1	-
270	inv	1	65537	3	0	1	-
271	add	1	65537	3	1	10	-
272	mul	1	65537	3	1	10	-
273	add	1	65537	3	-1	10	-
274	mul	1	65537	3	-1	10	-
275	add	1	65537	3	1	7	-
276	mul	1	65537	3	1	7	-
277	add	1	65537	3	-1	7	-
278	mul	1	65537	3	-1	7	-
279	add	1	65537	3	1000000	3	-
280	mul	1	65537	3	1000000	3	-
281	add	1	65537	3	-1000000	3	-
282	mul	1	65537	3	-1000000	3	-
283	neg	1	-65537	3	0	1	-
284	add	1	-65537	3	1	10	-
285	mul	1	-65537	3	1	10	-
286	add	1	-65537	3	-1	10	-
287	mul	1	-65537	3	-1	10	-
288	add	1	-65537	3	1	7	-
289	mul	1	-65537	3	1	7	-
290	add	1	-65537	3	-1	7	-
291	mul	1	-65537	3	-1	7	-
292	add	1	-65537	3	1000000	3	-
293	mul	1	-65537	3	1000000	3	-
294	add	1	-65537	3	-1000000	3	-
295	mul	1	-65537	3	-1000000	3	-
296	public-mul	1	-1000000	1	1	10	0.1
297	public-mul	1	-1000000	1	-1	10	-0.1
298	public-mul	1	-1000000	1	3	10	0.3
299	public-mul	1	-1000000	1	-3	10	-0.3
300	public-mul	1	-1000000	1	5	10	0.5
301	public-mul	1	-1000000	1	-5	10	-0.5
302	public-mul	1	-65537	1	1	10	0.1
303	public-mul	1	-65537	1	-1	10	-0.1
304	public-mul	1	-65537	1	3	10	0.3
305	public-mul	1	-65537	1	-3	10	-0.3
306	public-mul	1	-65537	1	5	10	0.5
307	public-mul	1	-65537	1	-5	10	-0.5
308	public-mul	1	-17	1	1	10	0.1
309	public-mul	1	-17	1	-1	10	-0.1
310	public-mul	1	-17	1	3	10	0.3
311	public-mul	1	-17	1	-3	10	-0.3
312	public-mul	1	-17	1	5	10	0.5
313	public-mul	1	-17	1	-5	10	-0.5
314	public-mul	1	-1	1	1	10	0.1
315	public-mul	1	-1	1	-1	10	-0.1
316	public-mul	1	-1	1	3	10	0.3
317	public-mul	1	-1	1	-3	10	-0.3
318	public-mul	1	-1	1	5	10	0.5
319	public-mul	1	-1	1	-5	10	-0.5
320	public-mul	1	0	1	1	10	0.1
321	public-mul	1	0	1	-1	10	-0.1
322	public-mul	1	0	1	3	10	0.3
323	public-mul	1	0	1	-3	10	-0.3
324	public-mul	1	0	1	5	10	0.5
325	public-mul	1	0	1	-5	10	-0.5
326	public-mul	1	1	1	1	10	0.1
327	public-mul	1	1	1	-1	10	-0.1
328	public-mul	1	1	1	3	10	0.3
329	public-mul	1	1	1	-3	10	-0.3
330	public-mul	1	1	1	5	10	0.5
331	public-mul	1	1	1	-5	10	-0.5
332	public-mul	1	17	1	1	10	0.1
333	public-mul	1	17	1	-1	10	-0.1
334	public-mul	1	17	1	3	10	0.3
335	public-mul	1	17	1	-3	10	-0.3
336	public-mul	1	17	1	5	10	0.5
337	public-mul	1	17	1	-5	10	-0.5
338	public-mul	1	65537	1	1	10	0.1
339	public-mul	1	65537	1	-1	10	-0.1
340	public-mul	1	65537	1	3	10	0.3
341	public-mul	1	65537	1	-3	10	-0.3
342	public-mul	1	65537	1	5	10	0.5
343	public-mul	1	65537	1	-5	10	-0.5
344	public-mul	1	1000000	1	1	10	0.1
345	public-mul	1	1000000	1	-1	10	-0.1
346	public-mul	1	1000000	1	3	10	0.3
347	public-mul	1	1000000	1	-3	10	-0.3
348	public-mul	1	1000000	1	5	10	0.5
349	public-mul	1	1000000	1	-5	10	-0.5
350	neg	8	0	1	0	1	-
351	add	8	0	1	1	10	-
352	mul	8	0	1	1	10	-
353	add	8	0	1	-1	10	-
354	mul	8	0	1	-1	10	-
355	add	8	0	1	1	7	-
356	mul	8	0	1	1	7	-
357	add	8	0	1	-1	7	-
358	mul	8	0	1	-1	7	-
359	add	8	0	1	1000000	3	-
360	mul	8	0	1	1000000	3	-
361	add	8	0	1	-1000000	3	-
362	mul	8	0	1	-1000000	3	-
363	neg	8	1	3	0	1	-
364	inv	8	1	3	0	1	-
365	add	8	1	3	1	10	-
366	mul	8	1	3	1	10	-
367	add	8	1	3	-1	10	-
368	mul	8	1	3	-1	10	-
369	add	8	1	3	1	7	-
370	mul	8	1	3	1	7	-
371	add	8	1	3	-1	7	-
372	mul	8	1	3	-1	7	-
373	add	8	1	3	1000000	3	-
374	mul	8	1	3	1000000	3	-
375	add	8	1	3	-1000000	3	-
376	mul	8	1	3	-1000000	3	-
377	neg	8	-1	3	0	1	-
378	add	8	-1	3	1	10	-
379	mul	8	-1	3	1	10	-
380	add	8	-1	3	-1	10	-
381	mul	8	-1	3	-1	10	-
382	add	8	-1	3	1	7	-
383	mul	8	-1	3	1	7	-
384	add	8	-1	3	-1	7	-
385	mul	8	-1	3	-1	7	-
386	add	8	-1	3	1000000	3	-
387	mul	8	-1	3	1000000	3	-
388	add	8	-1	3	-1000000	3	-
389	mul	8	-1	3	-1000000	3	-
390	neg	8	17	7	0	1	-
391	inv	8	17	7	0	1	-
392	add	8	17	7	1	10	-
393	mul	8	17	7	1	10	-
394	add	8	17	7	-1	10	-
395	mul	8	17	7	-1	10	-
396	add	8	17	7	1	7	-
397	mul	8	17	7	1	7	-
398	add	8	17	7	-1	7	-
399	mul	8	17	7	-1	7	-
400	add	8	17	7	1000000	3	-
401	mul	8	17	7	1000000	3	-
402	add	8	17	7	-1000000	3	-
403	mul	8	17	7	-1000000	3	-
404	neg	8	-17	7	0	1	-
405	add	8	-17	7	1	10	-
406	mul	8	-17	7	1	10	-
407	add	8	-17	7	-1	10	-
408	mul	8	-17	7	-1	10	-
409	add	8	-17	7	1	7	-
410	mul	8	-17	7	1	7	-
411	add	8	-17	7	-1	7	-
412	mul	8	-17	7	-1	7	-
413	add	8	-17	7	1000000	3	-
414	mul	8	-17	7	1000000	3	-
415	add	8	-17	7	-1000000	3	-
416	mul	8	-17	7	-1000000	3	-
417	neg	8	1000000	1	0	1	-
418	inv	8	1000000	1	0	1	-
419	add	8	1000000	1	1	10	-
420	mul	8	1000000	1	1	10	-
421	add	8	1000000	1	-1	10	-
422	mul	8	1000000	1	-1	10	-
423	add	8	1000000	1	1	7	-
424	mul	8	1000000	1	1	7	-
425	add	8	1000000	1	-1	7	-
426	mul	8	1000000	1	-1	7	-
427	add	8	1000000	1	1000000	3	-
428	mul	8	1000000	1	1000000	3	-
429	add	8	1000000	1	-1000000	3	-
430	mul	8	1000000	1	-1000000	3	-
431	neg	8	-1000000	1	0	1	-
432	add	8	-1000000	1	1	10	-
433	mul	8	-1000000	1	1	10	-
434	add	8	-1000000	1	-1	10	-
435	mul	8	-1000000	1	-1	10	-
436	add	8	-1000000	1	1	7	-
437	mul	8	-1000000	1	1	7	-
438	add	8	-1000000	1	-1	7	-
439	mul	8	-1000000	1	-1	7	-
440	add	8	-1000000	1	1000000	3	-
441	mul	8	-1000000	1	1000000	3	-
442	add	8	-1000000	1	-1000000	3	-
443	mul	8	-1000000	1	-1000000	3	-
444	neg	8	65537	3	0	1	-
445	inv	8	65537	3	0	1	-
446	add	8	65537	3	1	10	-
447	mul	8	65537	3	1	10	-
448	add	8	65537	3	-1	10	-
449	mul	8	65537	3	-1	10	-
450	add	8	65537	3	1	7	-
451	mul	8	65537	3	1	7	-
452	add	8	65537	3	-1	7	-
453	mul	8	65537	3	-1	7	-
454	add	8	65537	3	1000000	3	-
455	mul	8	65537	3	1000000	3	-
456	add	8	65537	3	-1000000	3	-
457	mul	8	65537	3	-1000000	3	-
458	neg	8	-65537	3	0	1	-
459	add	8	-65537	3	1	10	-
460	mul	8	-65537	3	1	10	-
461	add	8	-65537	3	-1	10	-
462	mul	8	-65537	3	-1	10	-
463	add	8	-65537	3	1	7	-
464	mul	8	-65537	3	1	7	-
465	add	8	-65537	3	-1	7	-
466	mul	8	-65537	3	-1	7	-
467	add	8	-65537	3	1000000	3	-
468	mul	8	-65537	3	1000000	3	-
469	add	8	-65537	3	-1000000	3	-
470	mul	8	-65537	3	-1000000	3	-
471	public-mul	8	-1000000	1	1	10	0.1
472	public-mul	8	-1000000	1	-1	10	-0.1
473	public-mul	8	-1000000	1	3	10	0.3
474	public-mul	8	-1000000	1	-3	10	-0.3
475	public-mul	8	-1000000	1	5	10	0.5
476	public-mul	8	-1000000	1	-5	10	-0.5
477	public-mul	8	-65537	1	1	10	0.1
478	public-mul	8	-65537	1	-1	10	-0.1
479	public-mul	8	-65537	1	3	10	0.3
480	public-mul	8	-65537	1	-3	10	-0.3
481	public-mul	8	-65537	1	5	10	0.5
482	public-mul	8	-65537	1	-5	10	-0.5
483	public-mul	8	-17	1	1	10	0.1
484	public-mul	8	-17	1	-1	10	-0.1
485	public-mul	8	-17	1	3	10	0.3
486	public-mul	8	-17	1	-3	10	-0.3
487	public-mul	8	-17	1	5	10	0.5
488	public-mul	8	-17	1	-5	10	-0.5
489	public-mul	8	-1	1	1	10	0.1
490	public-mul	8	-1	1	-1	10	-0.1
491	public-mul	8	-1	1	3	10	0.3
492	public-mul	8	-1	1	-3	10	-0.3
493	public-mul	8	-1	1	5	10	0.5
494	public-mul	8	-1	1	-5	10	-0.5
495	public-mul	8	0	1	1	10	0.1
496	public-mul	8	0	1	-1	10	-0.1
497	public-mul	8	0	1	3	10	0.3
498	public-mul	8	0	1	-3	10	-0.3
499	public-mul	8	0	1	5	10	0.5
500	public-mul	8	0	1	-5	10	-0.5
501	public-mul	8	1	1	1	10	0.1
502	public-mul	8	1	1	-1	10	-0.1
503	public-mul	8	1	1	3	10	0.3
504	public-mul	8	1	1	-3	10	-0.3
505	public-mul	8	1	1	5	10	0.5
506	public-mul	8	1	1	-5	10	-0.5
507	public-mul	8	17	1	1	10	0.1
508	public-mul	8	17	1	-1	10	-0.1
509	public-mul	8	17	1	3	10	0.3
510	public-mul	8	17	1	-3	10	-0.3
511	public-mul	8	17	1	5	10	0.5
512	public-mul	8	17	1	-5	10	-0.5
513	public-mul	8	65537	1	1	10	0.1
514	public-mul	8	65537	1	-1	10	-0.1
515	public-mul	8	65537	1	3	10	0.3
516	public-mul	8	65537	1	-3	10	-0.3
517	public-mul	8	65537	1	5	10	0.5
518	public-mul	8	65537	1	-5	10	-0.5
519	public-mul	8	1000000	1	1	10	0.1
520	public-mul	8	1000000	1	-1	10	-0.1
521	public-mul	8	1000000	1	3	10	0.3
522	public-mul	8	1000000	1	-3	10	-0.3
523	public-mul	8	1000000	1	5	10	0.5
524	public-mul	8	1000000	1	-5	10	-0.5
525	neg	16	0	1	0	1	-
526	add	16	0	1	1	10	-
527	mul	16	0	1	1	10	-
528	add	16	0	1	-1	10	-
529	mul	16	0	1	-1	10	-
530	add	16	0	1	1	7	-
531	mul	16	0	1	1	7	-
532	add	16	0	1	-1	7	-
533	mul	16	0	1	-1	7	-
534	add	16	0	1	1000000	3	-
535	mul	16	0	1	1000000	3	-
536	add	16	0	1	-1000000	3	-
537	mul	16	0	1	-1000000	3	-
538	neg	16	1	3	0	1	-
539	inv	16	1	3	0	1	-
540	add	16	1	3	1	10	-
541	mul	16	1	3	1	10	-
542	add	16	1	3	-1	10	-
543	mul	16	1	3	-1	10	-
544	add	16	1	3	1	7	-
545	mul	16	1	3	1	7	-
546	add	16	1	3	-1	7	-
547	mul	16	1	3	-1	7	-
548	add	16	1	3	1000000	3	-
549	mul	16	1	3	1000000	3	-
550	add	16	1	3	-1000000	3	-
551	mul	16	1	3	-1000000	3	-
552	neg	16	-1	3	0	1	-
553	add	16	-1	3	1	10	-
554	mul	16	-1	3	1	10	-
555	add	16	-1	3	-1	10	-
556	mul	16	-1	3	-1	10	-
557	add	16	-1	3	1	7	-
558	mul	16	-1	3	1	7	-
559	add	16	-1	3	-1	7	-
560	mul	16	-1	3	-1	7	-
561	add	16	-1	3	1000000	3	-
562	mul	16	-1	3	1000000	3	-
563	add	16	-1	3	-1000000	3	-
564	mul	16	-1	3	-1000000	3	-
565	neg	16	17	7	0	1	-
566	inv	16	17	7	0	1	-
567	add	16	17	7	1	10	-
568	mul	16	17	7	1	10	-
569	add	16	17	7	-1	10	-
570	mul	16	17	7	-1	10	-
571	add	16	17	7	1	7	-
572	mul	16	17	7	1	7	-
573	add	16	17	7	-1	7	-
574	mul	16	17	7	-1	7	-
575	add	16	17	7	1000000	3	-
576	mul	16	17	7	1000000	3	-
577	add	16	17	7	-1000000	3	-
578	mul	16	17	7	-1000000	3	-
579	neg	16	-17	7	0	1	-
580	add	16	-17	7	1	10	-
581	mul	16	-17	7	1	10	-
582	add	16	-17	7	-1	10	-
583	mul	16	-17	7	-1	10	-
584	add	16	-17	7	1	7	-
585	mul	16	-17	7	1	7	-
586	add	16	-17	7	-1	7	-
587	mul	16	-17	7	-1	7	-
588	add	16	-17	7	1000000	3	-
589	mul	16	-17	7	1000000	3	-
590	add	16	-17	7	-1000000	3	-
591	mul	16	-17	7	-1000000	3	-
592	neg	16	1000000	1	0	1	-
593	inv	16	1000000	1	0	1	-
594	add	16	1000000	1	1	10	-
595	mul	16	1000000	1	1	10	-
596	add	16	1000000	1	-1	10	-
597	mul	16	1000000	1	-1	10	-
598	add	16	1000000	1	1	7	-
599	mul	16	1000000	1	1	7	-
600	add	16	1000000	1	-1	7	-
601	mul	16	1000000	1	-1	7	-
602	add	16	1000000	1	1000000	3	-
603	mul	16	1000000	1	1000000	3	-
604	add	16	1000000	1	-1000000	3	-
605	mul	16	1000000	1	-1000000	3	-
606	neg	16	-1000000	1	0	1	-
607	add	16	-1000000	1	1	10	-
608	mul	16	-1000000	1	1	10	-
609	add	16	-1000000	1	-1	10	-
610	mul	16	-1000000	1	-1	10	-
611	add	16	-1000000	1	1	7	-
612	mul	16	-1000000	1	1	7	-
613	add	16	-1000000	1	-1	7	-
614	mul	16	-1000000	1	-1	7	-
615	add	16	-1000000	1	1000000	3	-
616	mul	16	-1000000	1	1000000	3	-
617	add	16	-1000000	1	-1000000	3	-
618	mul	16	-1000000	1	-1000000	3	-
619	neg	16	65537	3	0	1	-
620	inv	16	65537	3	0	1	-
621	add	16	65537	3	1	10	-
622	mul	16	65537	3	1	10	-
623	add	16	65537	3	-1	10	-
624	mul	16	65537	3	-1	10	-
625	add	16	65537	3	1	7	-
626	mul	16	65537	3	1	7	-
627	add	16	65537	3	-1	7	-
628	mul	16	65537	3	-1	7	-
629	add	16	65537	3	1000000	3	-
630	mul	16	65537	3	1000000	3	-
631	add	16	65537	3	-1000000	3	-
632	mul	16	65537	3	-1000000	3	-
633	neg	16	-65537	3	0	1	-
634	add	16	-65537	3	1	10	-
635	mul	16	-65537	3	1	10	-
636	add	16	-65537	3	-1	10	-
637	mul	16	-65537	3	-1	10	-
638	add	16	-65537	3	1	7	-
639	mul	16	-65537	3	1	7	-
640	add	16	-65537	3	-1	7	-
641	mul	16	-65537	3	-1	7	-
642	add	16	-65537	3	1000000	3	-
643	mul	16	-65537	3	1000000	3	-
644	add	16	-65537	3	-1000000	3	-
645	mul	16	-65537	3	-1000000	3	-
646	public-mul	16	-1000000	1	1	10	0.1
647	public-mul	16	-1000000	1	-1	10	-0.1
648	public-mul	16	-1000000	1	3	10	0.3
649	public-mul	16	-1000000	1	-3	10	-0.3
650	public-mul	16	-1000000	1	5	10	0.5
651	public-mul	16	-1000000	1	-5	10	-0.5
652	public-mul	16	-65537	1	1	10	0.1
653	public-mul	16	-65537	1	-1	10	-0.1
654	public-mul	16	-65537	1	3	10	0.3
655	public-mul	16	-65537	1	-3	10	-0.3
656	public-mul	16	-65537	1	5	10	0.5
657	public-mul	16	-65537	1	-5	10	-0.5
658	public-mul	16	-17	1	1	10	0.1
659	public-mul	16	-17	1	-1	10	-0.1
660	public-mul	16	-17	1	3	10	0.3
661	public-mul	16	-17	1	-3	10	-0.3
662	public-mul	16	-17	1	5	10	0.5
663	public-mul	16	-17	1	-5	10	-0.5
664	public-mul	16	-1	1	1	10	0.1
665	public-mul	16	-1	1	-1	10	-0.1
666	public-mul	16	-1	1	3	10	0.3
667	public-mul	16	-1	1	-3	10	-0.3
668	public-mul	16	-1	1	5	10	0.5
669	public-mul	16	-1	1	-5	10	-0.5
670	public-mul	16	0	1	1	10	0.1
671	public-mul	16	0	1	-1	10	-0.1
672	public-mul	16	0	1	3	10	0.3
673	public-mul	16	0	1	-3	10	-0.3
674	public-mul	16	0	1	5	10	0.5
675	public-mul	16	0	1	-5	10	-0.5
676	public-mul	16	1	1	1	10	0.1
677	public-mul	16	1	1	-1	10	-0.1
678	public-mul	16	1	1	3	10	0.3
679	public-mul	16	1	1	-3	10	-0.3
680	public-mul	16	1	1	5	10	0.5
681	public-mul	16	1	1	-5	10	-0.5
682	public-mul	16	17	1	1	10	0.1
683	public-mul	16	17	1	-1	10	-0.1
684	public-mul	16	17	1	3	10	0.3
685	public-mul	16	17	1	-3	10	-0.3
686	public-mul	16	17	1	5	10	0.5
687	public-mul	16	17	1	-5	10	-0.5
688	public-mul	16	65537	1	1	10	0.1
689	public-mul	16	65537	1	-1	10	-0.1
690	public-mul	16	65537	1	3	10	0.3
691	public-mul	16	65537	1	-3	10	-0.3
692	public-mul	16	65537	1	5	10	0.5
693	public-mul	16	65537	1	-5	10	-0.5
694	public-mul	16	1000000	1	1	10	0.1
695	public-mul	16	1000000	1	-1	10	-0.1
696	public-mul	16	1000000	1	3	10	0.3
697	public-mul	16	1000000	1	-3	10	-0.3
698	public-mul	16	1000000	1	5	10	0.5
699	public-mul	16	1000000	1	-5	10	-0.5
700	neg	17	0	1	0	1	-
701	add	17	0	1	1	10	-
702	mul	17	0	1	1	10	-
703	add	17	0	1	-1	10	-
704	mul	17	0	1	-1	10	-
705	add	17	0	1	1	7	-
706	mul	17	0	1	1	7	-
707	add	17	0	1	-1	7	-
708	mul	17	0	1	-1	7	-
709	add	17	0	1	1000000	3	-
710	mul	17	0	1	1000000	3	-
711	add	17	0	1	-1000000	3	-
712	mul	17	0	1	-1000000	3	-
713	neg	17	1	3	0	1	-
714	inv	17	1	3	0	1	-
715	add	17	1	3	1	10	-
716	mul	17	1	3	1	10	-
717	add	17	1	3	-1	10	-
718	mul	17	1	3	-1	10	-
719	add	17	1	3	1	7	-
720	mul	17	1	3	1	7	-
721	add	17	1	3	-1	7	-
722	mul	17	1	3	-1	7	-
723	add	17	1	3	1000000	3	-
724	mul	17	1	3	1000000	3	-
725	add	17	1	3	-1000000	3	-
726	mul	17	1	3	-1000000	3	-
727	neg	17	-1	3	0	1	-
728	add	17	-1	3	1	10	-
729	mul	17	-1	3	1	10	-
730	add	17	-1	3	-1	10	-
731	mul	17	-1	3	-1	10	-
732	add	17	-1	3	1	7	-
733	mul	17	-1	3	1	7	-
734	add	17	-1	3	-1	7	-
735	mul	17	-1	3	-1	7	-
736	add	17	-1	3	1000000	3	-
737	mul	17	-1	3	1000000	3	-
738	add	17	-1	3	-1000000	3	-
739	mul	17	-1	3	-1000000	3	-
740	neg	17	17	7	0	1	-
741	inv	17	17	7	0	1	-
742	add	17	17	7	1	10	-
743	mul	17	17	7	1	10	-
744	add	17	17	7	-1	10	-
745	mul	17	17	7	-1	10	-
746	add	17	17	7	1	7	-
747	mul	17	17	7	1	7	-
748	add	17	17	7	-1	7	-
749	mul	17	17	7	-1	7	-
750	add	17	17	7	1000000	3	-
751	mul	17	17	7	1000000	3	-
752	add	17	17	7	-1000000	3	-
753	mul	17	17	7	-1000000	3	-
754	neg	17	-17	7	0	1	-
755	add	17	-17	7	1	10	-
756	mul	17	-17	7	1	10	-
757	add	17	-17	7	-1	10	-
758	mul	17	-17	7	-1	10	-
759	add	17	-17	7	1	7	-
760	mul	17	-17	7	1	7	-
761	add	17	-17	7	-1	7	-
762	mul	17	-17	7	-1	7	-
763	add	17	-17	7	1000000	3	-
764	mul	17	-17	7	1000000	3	-
765	add	17	-17	7	-1000000	3	-
766	mul	17	-17	7	-1000000	3	-
767	neg	17	1000000	1	0	1	-
768	inv	17	1000000	1	0	1	-
769	add	17	1000000	1	1	10	-
770	mul	17	1000000	1	1	10	-
771	add	17	1000000	1	-1	10	-
772	mul	17	1000000	1	-1	10	-
773	add	17	1000000	1	1	7	-
774	mul	17	1000000	1	1	7	-
775	add	17	1000000	1	-1	7	-
776	mul	17	1000000	1	-1	7	-
777	add	17	1000000	1	1000000	3	-
778	mul	17	1000000	1	1000000	3	-
779	add	17	1000000	1	-1000000	3	-
780	mul	17	1000000	1	-1000000	3	-
781	neg	17	-1000000	1	0	1	-
782	add	17	-1000000	1	1	10	-
783	mul	17	-1000000	1	1	10	-
784	add	17	-1000000	1	-1	10	-
785	mul	17	-1000000	1	-1	10	-
786	add	17	-1000000	1	1	7	-
787	mul	17	-1000000	1	1	7	-
788	add	17	-1000000	1	-1	7	-
789	mul	17	-1000000	1	-1	7	-
790	add	17	-1000000	1	1000000	3	-
791	mul	17	-1000000	1	1000000	3	-
792	add	17	-1000000	1	-1000000	3	-
793	mul	17	-1000000	1	-1000000	3	-
794	neg	17	65537	3	0	1	-
795	inv	17	65537	3	0	1	-
796	add	17	65537	3	1	10	-
797	mul	17	65537	3	1	10	-
798	add	17	65537	3	-1	10	-
799	mul	17	65537	3	-1	10	-
800	add	17	65537	3	1	7	-
801	mul	17	65537	3	1	7	-
802	add	17	65537	3	-1	7	-
803	mul	17	65537	3	-1	7	-
804	add	17	65537	3	1000000	3	-
805	mul	17	65537	3	1000000	3	-
806	add	17	65537	3	-1000000	3	-
807	mul	17	65537	3	-1000000	3	-
808	neg	17	-65537	3	0	1	-
809	add	17	-65537	3	1	10	-
810	mul	17	-65537	3	1	10	-
811	add	17	-65537	3	-1	10	-
812	mul	17	-65537	3	-1	10	-
813	add	17	-65537	3	1	7	-
814	mul	17	-65537	3	1	7	-
815	add	17	-65537	3	-1	7	-
816	mul	17	-65537	3	-1	7	-
817	add	17	-65537	3	1000000	3	-
818	mul	17	-65537	3	1000000	3	-
819	add	17	-65537	3	-1000000	3	-
820	mul	17	-65537	3	-1000000	3	-
821	public-mul	17	-1000000	1	1	10	0.1
822	public-mul	17	-1000000	1	-1	10	-0.1
823	public-mul	17	-1000000	1	3	10	0.3
824	public-mul	17	-1000000	1	-3	10	-0.3
825	public-mul	17	-1000000	1	5	10	0.5
826	public-mul	17	-1000000	1	-5	10	-0.5
827	public-mul	17	-65537	1	1	10	0.1
828	public-mul	17	-65537	1	-1	10	-0.1
829	public-mul	17	-65537	1	3	10	0.3
830	public-mul	17	-65537	1	-3	10	-0.3
831	public-mul	17	-65537	1	5	10	0.5
832	public-mul	17	-65537	1	-5	10	-0.5
833	public-mul	17	-17	1	1	10	0.1
834	public-mul	17	-17	1	-1	10	-0.1
835	public-mul	17	-17	1	3	10	0.3
836	public-mul	17	-17	1	-3	10	-0.3
837	public-mul	17	-17	1	5	10	0.5
838	public-mul	17	-17	1	-5	10	-0.5
839	public-mul	17	-1	1	1	10	0.1
840	public-mul	17	-1	1	-1	10	-0.1
841	public-mul	17	-1	1	3	10	0.3
842	public-mul	17	-1	1	-3	10	-0.3
843	public-mul	17	-1	1	5	10	0.5
844	public-mul	17	-1	1	-5	10	-0.5
845	public-mul	17	0	1	1	10	0.1
846	public-mul	17	0	1	-1	10	-0.1
847	public-mul	17	0	1	3	10	0.3
848	public-mul	17	0	1	-3	10	-0.3
849	public-mul	17	0	1	5	10	0.5
850	public-mul	17	0	1	-5	10	-0.5
851	public-mul	17	1	1	1	10	0.1
852	public-mul	17	1	1	-1	10	-0.1
853	public-mul	17	1	1	3	10	0.3
854	public-mul	17	1	1	-3	10	-0.3
855	public-mul	17	1	1	5	10	0.5
856	public-mul	17	1	1	-5	10	-0.5
857	public-mul	17	17	1	1	10	0.1
858	public-mul	17	17	1	-1	10	-0.1
859	public-mul	17	17	1	3	10	0.3
860	public-mul	17	17	1	-3	10	-0.3
861	public-mul	17	17	1	5	10	0.5
862	public-mul	17	17	1	-5	10	-0.5
863	public-mul	17	65537	1	1	10	0.1
864	public-mul	17	65537	1	-1	10	-0.1
865	public-mul	17	65537	1	3	10	0.3
866	public-mul	17	65537	1	-3	10	-0.3
867	public-mul	17	65537	1	5	10	0.5
868	public-mul	17	65537	1	-5	10	-0.5
869	public-mul	17	1000000	1	1	10	0.1
870	public-mul	17	1000000	1	-1	10	-0.1
871	public-mul	17	1000000	1	3	10	0.3
872	public-mul	17	1000000	1	-3	10	-0.3
873	public-mul	17	1000000	1	5	10	0.5
874	public-mul	17	1000000	1	-5	10	-0.5
875	neg	32	0	1	0	1	-
876	add	32	0	1	1	10	-
877	mul	32	0	1	1	10	-
878	add	32	0	1	-1	10	-
879	mul	32	0	1	-1	10	-
880	add	32	0	1	1	7	-
881	mul	32	0	1	1	7	-
882	add	32	0	1	-1	7	-
883	mul	32	0	1	-1	7	-
884	add	32	0	1	1000000	3	-
885	mul	32	0	1	1000000	3	-
886	add	32	0	1	-1000000	3	-
887	mul	32	0	1	-1000000	3	-
888	neg	32	1	3	0	1	-
889	inv	32	1	3	0	1	-
890	add	32	1	3	1	10	-
891	mul	32	1	3	1	10	-
892	add	32	1	3	-1	10	-
893	mul	32	1	3	-1	10	-
894	add	32	1	3	1	7	-
895	mul	32	1	3	1	7	-
896	add	32	1	3	-1	7	-
897	mul	32	1	3	-1	7	-
898	add	32	1	3	1000000	3	-
899	mul	32	1	3	1000000	3	-
900	add	32	1	3	-1000000	3	-
901	mul	32	1	3	-1000000	3	-
902	neg	32	-1	3	0	1	-
903	add	32	-1	3	1	10	-
904	mul	32	-1	3	1	10	-
905	add	32	-1	3	-1	10	-
906	mul	32	-1	3	-1	10	-
907	add	32	-1	3	1	7	-
908	mul	32	-1	3	1	7	-
909	add	32	-1	3	-1	7	-
910	mul	32	-1	3	-1	7	-
911	add	32	-1	3	1000000	3	-
912	mul	32	-1	3	1000000	3	-
913	add	32	-1	3	-1000000	3	-
914	mul	32	-1	3	-1000000	3	-
915	neg	32	17	7	0	1	-
916	inv	32	17	7	0	1	-
917	add	32	17	7	1	10	-
918	mul	32	17	7	1	10	-
919	add	32	17	7	-1	10	-
920	mul	32	17	7	-1	10	-
921	add	32	17	7	1	7	-
922	mul	32	17	7	1	7	-
923	add	32	17	7	-1	7	-
924	mul	32	17	7	-1	7	-
925	add	32	17	7	1000000	3	-
926	mul	32	17	7	1000000	3	-
927	add	32	17	7	-1000000	3	-
928	mul	32	17	7	-1000000	3	-
929	neg	32	-17	7	0	1	-
930	add	32	-17	7	1	10	-
931	mul	32	-17	7	1	10	-
932	add	32	-17	7	-1	10	-
933	mul	32	-17	7	-1	10	-
934	add	32	-17	7	1	7	-
935	mul	32	-17	7	1	7	-
936	add	32	-17	7	-1	7	-
937	mul	32	-17	7	-1	7	-
938	add	32	-17	7	1000000	3	-
939	mul	32	-17	7	1000000	3	-
940	add	32	-17	7	-1000000	3	-
941	mul	32	-17	7	-1000000	3	-
942	neg	32	1000000	1	0	1	-
943	inv	32	1000000	1	0	1	-
944	add	32	1000000	1	1	10	-
945	mul	32	1000000	1	1	10	-
946	add	32	1000000	1	-1	10	-
947	mul	32	1000000	1	-1	10	-
948	add	32	1000000	1	1	7	-
949	mul	32	1000000	1	1	7	-
950	add	32	1000000	1	-1	7	-
951	mul	32	1000000	1	-1	7	-
952	add	32	1000000	1	1000000	3	-
953	mul	32	1000000	1	1000000	3	-
954	add	32	1000000	1	-1000000	3	-
955	mul	32	1000000	1	-1000000	3	-
956	neg	32	-1000000	1	0	1	-
957	add	32	-1000000	1	1	10	-
958	mul	32	-1000000	1	1	10	-
959	add	32	-1000000	1	-1	10	-
960	mul	32	-1000000	1	-1	10	-
961	add	32	-1000000	1	1	7	-
962	mul	32	-1000000	1	1	7	-
963	add	32	-1000000	1	-1	7	-
964	mul	32	-1000000	1	-1	7	-
965	add	32	-1000000	1	1000000	3	-
966	mul	32	-1000000	1	1000000	3	-
967	add	32	-1000000	1	-1000000	3	-
968	mul	32	-1000000	1	-1000000	3	-
969	neg	32	65537	3	0	1	-
970	inv	32	65537	3	0	1	-
971	add	32	65537	3	1	10	-
972	mul	32	65537	3	1	10	-
973	add	32	65537	3	-1	10	-
974	mul	32	65537	3	-1	10	-
975	add	32	65537	3	1	7	-
976	mul	32	65537	3	1	7	-
977	add	32	65537	3	-1	7	-
978	mul	32	65537	3	-1	7	-
979	add	32	65537	3	1000000	3	-
980	mul	32	65537	3	1000000	3	-
981	add	32	65537	3	-1000000	3	-
982	mul	32	65537	3	-1000000	3	-
983	neg	32	-65537	3	0	1	-
984	add	32	-65537	3	1	10	-
985	mul	32	-65537	3	1	10	-
986	add	32	-65537	3	-1	10	-
987	mul	32	-65537	3	-1	10	-
988	add	32	-65537	3	1	7	-
989	mul	32	-65537	3	1	7	-
990	add	32	-65537	3	-1	7	-
991	mul	32	-65537	3	-1	7	-
992	add	32	-65537	3	1000000	3	-
993	mul	32	-65537	3	1000000	3	-
994	add	32	-65537	3	-1000000	3	-
995	mul	32	-65537	3	-1000000	3	-
996	public-mul	32	-1000000	1	1	10	0.1
997	public-mul	32	-1000000	1	-1	10	-0.1
998	public-mul	32	-1000000	1	3	10	0.3
999	public-mul	32	-1000000	1	-3	10	-0.3
1000	public-mul	32	-1000000	1	5	10	0.5
1001	public-mul	32	-1000000	1	-5	10	-0.5
1002	public-mul	32	-65537	1	1	10	0.1
1003	public-mul	32	-65537	1	-1	10	-0.1
1004	public-mul	32	-65537	1	3	10	0.3
1005	public-mul	32	-65537	1	-3	10	-0.3
1006	public-mul	32	-65537	1	5	10	0.5
1007	public-mul	32	-65537	1	-5	10	-0.5
1008	public-mul	32	-17	1	1	10	0.1
1009	public-mul	32	-17	1	-1	10	-0.1
1010	public-mul	32	-17	1	3	10	0.3
1011	public-mul	32	-17	1	-3	10	-0.3
1012	public-mul	32	-17	1	5	10	0.5
1013	public-mul	32	-17	1	-5	10	-0.5
1014	public-mul	32	-1	1	1	10	0.1
1015	public-mul	32	-1	1	-1	10	-0.1
1016	public-mul	32	-1	1	3	10	0.3
1017	public-mul	32	-1	1	-3	10	-0.3
1018	public-mul	32	-1	1	5	10	0.5
1019	public-mul	32	-1	1	-5	10	-0.5
1020	public-mul	32	0	1	1	10	0.1
1021	public-mul	32	0	1	-1	10	-0.1
1022	public-mul	32	0	1	3	10	0.3
1023	public-mul	32	0	1	-3	10	-0.3
1024	public-mul	32	0	1	5	10	0.5
1025	public-mul	32	0	1	-5	10	-0.5
1026	public-mul	32	1	1	1	10	0.1
1027	public-mul	32	1	1	-1	10	-0.1
1028	public-mul	32	1	1	3	10	0.3
1029	public-mul	32	1	1	-3	10	-0.3
1030	public-mul	32	1	1	5	10	0.5
1031	public-mul	32	1	1	-5	10	-0.5
1032	public-mul	32	17	1	1	10	0.1
1033	public-mul	32	17	1	-1	10	-0.1
1034	public-mul	32	17	1	3	10	0.3
1035	public-mul	32	17	1	-3	10	-0.3
1036	public-mul	32	17	1	5	10	0.5
1037	public-mul	32	17	1	-5	10	-0.5
1038	public-mul	32	65537	1	1	10	0.1
1039	public-mul	32	65537	1	-1	10	-0.1
1040	public-mul	32	65537	1	3	10	0.3
1041	public-mul	32	65537	1	-3	10	-0.3
1042	public-mul	32	65537	1	5	10	0.5
1043	public-mul	32	65537	1	-5	10	-0.5
1044	public-mul	32	1000000	1	1	10	0.1
1045	public-mul	32	1000000	1	-1	10	-0.1
1046	public-mul	32	1000000	1	3	10	0.3
1047	public-mul	32	1000000	1	-3	10	-0.3
1048	public-mul	32	1000000	1	5	10	0.5
1049	public-mul	32	1000000	1	-5	10	-0.5
1050	neg	64	0	1	0	1	-
1051	add	64	0	1	1	10	-
1052	mul	64	0	1	1	10	-
1053	add	64	0	1	-1	10	-
1054	mul	64	0	1	-1	10	-
1055	add	64	0	1	1	7	-
1056	mul	64	0	1	1	7	-
1057	add	64	0	1	-1	7	-
1058	mul	64	0	1	-1	7	-
1059	add	64	0	1	1000000	3	-
1060	mul	64	0	1	1000000	3	-
1061	add	64	0	1	-1000000	3	-
1062	mul	64	0	1	-1000000	3	-
1063	neg	64	1	3	0	1	-
1064	inv	64	1	3	0	1	-
1065	add	64	1	3	1	10	-
1066	mul	64	1	3	1	10	-
1067	add	64	1	3	-1	10	-
1068	mul	64	1	3	-1	10	-
1069	add	64	1	3	1	7	-
1070	mul	64	1	3	1	7	-
1071	add	64	1	3	-1	7	-
1072	mul	64	1	3	-1	7	-
1073	add	64	1	3	1000000	3	-
1074	mul	64	1	3	1000000	3	-
1075	add	64	1	3	-1000000	3	-
1076	mul	64	1	3	-1000000	3	-
1077	neg	64	-1	3	0	1	-
1078	add	64	-1	3	1	10	-
1079	mul	64	-1	3	1	10	-
1080	add	64	-1	3	-1	10	-
1081	mul	64	-1	3	-1	10	-
1082	add	64	-1	3	1	7	-
1083	mul	64	-1	3	1	7	-
1084	add	64	-1	3	-1	7	-
1085	mul	64	-1	3	-1	7	-
1086	add	64	-1	3	1000000	3	-
1087	mul	64	-1	3	1000000	3	-
1088	add	64	-1	3	-1000000	3	-
1089	mul	64	-1	3	-1000000	3	-
1090	neg	64	17	7	0	1	-
1091	inv	64	17	7	0	1	-
1092	add	64	17	7	1	10	-
1093	mul	64	17	7	1	10	-
1094	add	64	17	7	-1	10	-
1095	mul	64	17	7	-1	10	-
1096	add	64	17	7	1	7	-
1097	mul	64	17	7	1	7	-
1098	add	64	17	7	-1	7	-
1099	mul	64	17	7	-1	7	-
1100	add	64	17	7	1000000	3	-
1101	mul	64	17	7	1000000	3	-
1102	add	64	17	7	-1000000	3	-
1103	mul	64	17	7	-1000000	3	-
1104	neg	64	-17	7	0	1	-
1105	add	64	-17	7	1	10	-
1106	mul	64	-17	7	1	10	-
1107	add	64	-17	7	-1	10	-
1108	mul	64	-17	7	-1	10	-
1109	add	64	-17	7	1	7	-
1110	mul	64	-17	7	1	7	-
1111	add	64	-17	7	-1	7	-
1112	mul	64	-17	7	-1	7	-
1113	add	64	-17	7	1000000	3	-
1114	mul	64	-17	7	1000000	3	-
1115	add	64	-17	7	-1000000	3	-
1116	mul	64	-17	7	-1000000	3	-
1117	neg	64	1000000	1	0	1	-
1118	inv	64	1000000	1	0	1	-
1119	add	64	1000000	1	1	10	-
1120	mul	64	1000000	1	1	10	-
1121	add	64	1000000	1	-1	10	-
1122	mul	64	1000000	1	-1	10	-
1123	add	64	1000000	1	1	7	-
1124	mul	64	1000000	1	1	7	-
1125	add	64	1000000	1	-1	7	-
1126	mul	64	1000000	1	-1	7	-
1127	add	64	1000000	1	1000000	3	-
1128	mul	64	1000000	1	1000000	3	-
1129	add	64	1000000	1	-1000000	3	-
1130	mul	64	1000000	1	-1000000	3	-
1131	neg	64	-1000000	1	0	1	-
1132	add	64	-1000000	1	1	10	-
1133	mul	64	-1000000	1	1	10	-
1134	add	64	-1000000	1	-1	10	-
1135	mul	64	-1000000	1	-1	10	-
1136	add	64	-1000000	1	1	7	-
1137	mul	64	-1000000	1	1	7	-
1138	add	64	-1000000	1	-1	7	-
1139	mul	64	-1000000	1	-1	7	-
1140	add	64	-1000000	1	1000000	3	-
1141	mul	64	-1000000	1	1000000	3	-
1142	add	64	-1000000	1	-1000000	3	-
1143	mul	64	-1000000	1	-1000000	3	-
1144	neg	64	65537	3	0	1	-
1145	inv	64	65537	3	0	1	-
1146	add	64	65537	3	1	10	-
1147	mul	64	65537	3	1	10	-
1148	add	64	65537	3	-1	10	-
1149	mul	64	65537	3	-1	10	-
1150	add	64	65537	3	1	7	-
1151	mul	64	65537	3	1	7	-
1152	add	64	65537	3	-1	7	-
1153	mul	64	65537	3	-1	7	-
1154	add	64	65537	3	1000000	3	-
1155	mul	64	65537	3	1000000	3	-
1156	add	64	65537	3	-1000000	3	-
1157	mul	64	65537	3	-1000000	3	-
1158	neg	64	-65537	3	0	1	-
1159	add	64	-65537	3	1	10	-
1160	mul	64	-65537	3	1	10	-
1161	add	64	-65537	3	-1	10	-
1162	mul	64	-65537	3	-1	10	-
1163	add	64	-65537	3	1	7	-
1164	mul	64	-65537	3	1	7	-
1165	add	64	-65537	3	-1	7	-
1166	mul	64	-65537	3	-1	7	-
1167	add	64	-65537	3	1000000	3	-
1168	mul	64	-65537	3	1000000	3	-
1169	add	64	-65537	3	-1000000	3	-
1170	mul	64	-65537	3	-1000000	3	-
1171	public-mul	64	-1000000	1	1	10	0.1
1172	public-mul	64	-1000000	1	-1	10	-0.1
1173	public-mul	64	-1000000	1	3	10	0.3
1174	public-mul	64	-1000000	1	-3	10	-0.3
1175	public-mul	64	-1000000	1	5	10	0.5
1176	public-mul	64	-1000000	1	-5	10	-0.5
1177	public-mul	64	-65537	1	1	10	0.1
1178	public-mul	64	-65537	1	-1	10	-0.1
1179	public-mul	64	-65537	1	3	10	0.3
1180	public-mul	64	-65537	1	-3	10	-0.3
1181	public-mul	64	-65537	1	5	10	0.5
1182	public-mul	64	-65537	1	-5	10	-0.5
1183	public-mul	64	-17	1	1	10	0.1
1184	public-mul	64	-17	1	-1	10	-0.1
1185	public-mul	64	-17	1	3	10	0.3
1186	public-mul	64	-17	1	-3	10	-0.3
1187	public-mul	64	-17	1	5	10	0.5
1188	public-mul	64	-17	1	-5	10	-0.5
1189	public-mul	64	-1	1	1	10	0.1
1190	public-mul	64	-1	1	-1	10	-0.1
1191	public-mul	64	-1	1	3	10	0.3
1192	public-mul	64	-1	1	-3	10	-0.3
1193	public-mul	64	-1	1	5	10	0.5
1194	public-mul	64	-1	1	-5	10	-0.5
1195	public-mul	64	0	1	1	10	0.1
1196	public-mul	64	0	1	-1	10	-0.1
1197	public-mul	64	0	1	3	10	0.3
1198	public-mul	64	0	1	-3	10	-0.3
1199	public-mul	64	0	1	5	10	0.5
1200	public-mul	64	0	1	-5	10	-0.5
1201	public-mul	64	1	1	1	10	0.1
1202	public-mul	64	1	1	-1	10	-0.1
1203	public-mul	64	1	1	3	10	0.3
1204	public-mul	64	1	1	-3	10	-0.3
1205	public-mul	64	1	1	5	10	0.5
1206	public-mul	64	1	1	-5	10	-0.5
1207	public-mul	64	17	1	1	10	0.1
1208	public-mul	64	17	1	-1	10	-0.1
1209	public-mul	64	17	1	3	10	0.3
1210	public-mul	64	17	1	-3	10	-0.3
1211	public-mul	64	17	1	5	10	0.5
1212	public-mul	64	17	1	-5	10	-0.5
1213	public-mul	64	65537	1	1	10	0.1
1214	public-mul	64	65537	1	-1	10	-0.1
1215	public-mul	64	65537	1	3	10	0.3
1216	public-mul	64	65537	1	-3	10	-0.3
1217	public-mul	64	65537	1	5	10	0.5
1218	public-mul	64	65537	1	-5	10	-0.5
1219	public-mul	64	1000000	1	1	10	0.1
1220	public-mul	64	1000000	1	-1	10	-0.1
1221	public-mul	64	1000000	1	3	10	0.3
1222	public-mul	64	1000000	1	-3	10	-0.3
1223	public-mul	64	1000000	1	5	10	0.5
1224	public-mul	64	1000000	1	-5	10	-0.5
1225	neg	128	0	1	0	1	-
1226	add	128	0	1	1	10	-
1227	mul	128	0	1	1	10	-
1228	add	128	0	1	-1	10	-
1229	mul	128	0	1	-1	10	-
1230	add	128	0	1	1	7	-
1231	mul	128	0	1	1	7	-
1232	add	128	0	1	-1	7	-
1233	mul	128	0	1	-1	7	-
1234	add	128	0	1	1000000	3	-
1235	mul	128	0	1	1000000	3	-
1236	add	128	0	1	-1000000	3	-
1237	mul	128	0	1	-1000000	3	-
1238	neg	128	1	3	0	1	-
1239	inv	128	1	3	0	1	-
1240	add	128	1	3	1	10	-
1241	mul	128	1	3	1	10	-
1242	add	128	1	3	-1	10	-
1243	mul	128	1	3	-1	10	-
1244	add	128	1	3	1	7	-
1245	mul	128	1	3	1	7	-
1246	add	128	1	3	-1	7	-
1247	mul	128	1	3	-1	7	-
1248	add	128	1	3	1000000	3	-
1249	mul	128	1	3	1000000	3	-
1250	add	128	1	3	-1000000	3	-
1251	mul	128	1	3	-1000000	3	-
1252	neg	128	-1	3	0	1	-
1253	add	128	-1	3	1	10	-
1254	mul	128	-1	3	1	10	-
1255	add	128	-1	3	-1	10	-
1256	mul	128	-1	3	-1	10	-
1257	add	128	-1	3	1	7	-
1258	mul	128	-1	3	1	7	-
1259	add	128	-1	3	-1	7	-
1260	mul	128	-1	3	-1	7	-
1261	add	128	-1	3	1000000	3	-
1262	mul	128	-1	3	1000000	3	-
1263	add	128	-1	3	-1000000	3	-
1264	mul	128	-1	3	-1000000	3	-
1265	neg	128	17	7	0	1	-
1266	inv	128	17	7	0	1	-
1267	add	128	17	7	1	10	-
1268	mul	128	17	7	1	10	-
1269	add	128	17	7	-1	10	-
1270	mul	128	17	7	-1	10	-
1271	add	128	17	7	1	7	-
1272	mul	128	17	7	1	7	-
1273	add	128	17	7	-1	7	-
1274	mul	128	17	7	-1	7	-
1275	add	128	17	7	1000000	3	-
1276	mul	128	17	7	1000000	3	-
1277	add	128	17	7	-1000000	3	-
1278	mul	128	17	7	-1000000	3	-
1279	neg	128	-17	7	0	1	-
1280	add	128	-17	7	1	10	-
1281	mul	128	-17	7	1	10	-
1282	add	128	-17	7	-1	10	-
1283	mul	128	-17	7	-1	10	-
1284	add	128	-17	7	1	7	-
1285	mul	128	-17	7	1	7	-
1286	add	128	-17	7	-1	7	-
1287	mul	128	-17	7	-1	7	-
1288	add	128	-17	7	1000000	3	-
1289	mul	128	-17	7	1000000	3	-
1290	add	128	-17	7	-1000000	3	-
1291	mul	128	-17	7	-1000000	3	-
1292	neg	128	1000000	1	0	1	-
1293	inv	128	1000000	1	0	1	-
1294	add	128	1000000	1	1	10	-
1295	mul	128	1000000	1	1	10	-
1296	add	128	1000000	1	-1	10	-
1297	mul	128	1000000	1	-1	10	-
1298	add	128	1000000	1	1	7	-
1299	mul	128	1000000	1	1	7	-
1300	add	128	1000000	1	-1	7	-
1301	mul	128	1000000	1	-1	7	-
1302	add	128	1000000	1	1000000	3	-
1303	mul	128	1000000	1	1000000	3	-
1304	add	128	1000000	1	-1000000	3	-
1305	mul	128	1000000	1	-1000000	3	-
1306	neg	128	-1000000	1	0	1	-
1307	add	128	-1000000	1	1	10	-
1308	mul	128	-1000000	1	1	10	-
1309	add	128	-1000000	1	-1	10	-
1310	mul	128	-1000000	1	-1	10	-
1311	add	128	-1000000	1	1	7	-
1312	mul	128	-1000000	1	1	7	-
1313	add	128	-1000000	1	-1	7	-
1314	mul	128	-1000000	1	-1	7	-
1315	add	128	-1000000	1	1000000	3	-
1316	mul	128	-1000000	1	1000000	3	-
1317	add	128	-1000000	1	-1000000	3	-
1318	mul	128	-1000000	1	-1000000	3	-
1319	neg	128	65537	3	0	1	-
1320	inv	128	65537	3	0	1	-
1321	add	128	65537	3	1	10	-
1322	mul	128	65537	3	1	10	-
1323	add	128	65537	3	-1	10	-
1324	mul	128	65537	3	-1	10	-
1325	add	128	65537	3	1	7	-
1326	mul	128	65537	3	1	7	-
1327	add	128	65537	3	-1	7	-
1328	mul	128	65537	3	-1	7	-
1329	add	128	65537	3	1000000	3	-
1330	mul	128	65537	3	1000000	3	-
1331	add	128	65537	3	-1000000	3	-
1332	mul	128	65537	3	-1000000	3	-
1333	neg	128	-65537	3	0	1	-
1334	add	128	-65537	3	1	10	-
1335	mul	128	-65537	3	1	10	-
1336	add	128	-65537	3	-1	10	-
1337	mul	128	-65537	3	-1	10	-
1338	add	128	-65537	3	1	7	-
1339	mul	128	-65537	3	1	7	-
1340	add	128	-65537	3	-1	7	-
1341	mul	128	-65537	3	-1	7	-
1342	add	128	-65537	3	1000000	3	-
1343	mul	128	-65537	3	1000000	3	-
1344	add	128	-65537	3	-1000000	3	-
1345	mul	128	-65537	3	-1000000	3	-
1346	public-mul	128	-1000000	1	1	10	0.1
1347	public-mul	128	-1000000	1	-1	10	-0.1
1348	public-mul	128	-1000000	1	3	10	0.3
1349	public-mul	128	-1000000	1	-3	10	-0.3
1350	public-mul	128	-1000000	1	5	10	0.5
1351	public-mul	128	-1000000	1	-5	10	-0.5
1352	public-mul	128	-65537	1	1	10	0.1
1353	public-mul	128	-65537	1	-1	10	-0.1
1354	public-mul	128	-65537	1	3	10	0.3
1355	public-mul	128	-65537	1	-3	10	-0.3
1356	public-mul	128	-65537	1	5	10	0.5
1357	public-mul	128	-65537	1	-5	10	-0.5
1358	public-mul	128	-17	1	1	10	0.1
1359	public-mul	128	-17	1	-1	10	-0.1
1360	public-mul	128	-17	1	3	10	0.3
1361	public-mul	128	-17	1	-3	10	-0.3
1362	public-mul	128	-17	1	5	10	0.5
1363	public-mul	128	-17	1	-5	10	-0.5
1364	public-mul	128	-1	1	1	10	0.1
1365	public-mul	128	-1	1	-1	10	-0.1
1366	public-mul	128	-1	1	3	10	0.3
1367	public-mul	128	-1	1	-3	10	-0.3
1368	public-mul	128	-1	1	5	10	0.5
1369	public-mul	128	-1	1	-5	10	-0.5
1370	public-mul	128	0	1	1	10	0.1
1371	public-mul	128	0	1	-1	10	-0.1
1372	public-mul	128	0	1	3	10	0.3
1373	public-mul	128	0	1	-3	10	-0.3
1374	public-mul	128	0	1	5	10	0.5
1375	public-mul	128	0	1	-5	10	-0.5
1376	public-mul	128	1	1	1	10	0.1
1377	public-mul	128	1	1	-1	10	-0.1
1378	public-mul	128	1	1	3	10	0.3
1379	public-mul	128	1	1	-3	10	-0.3
1380	public-mul	128	1	1	5	10	0.5
1381	public-mul	128	1	1	-5	10	-0.5
1382	public-mul	128	17	1	1	10	0.1
1383	public-mul	128	17	1	-1	10	-0.1
1384	public-mul	128	17	1	3	10	0.3
1385	public-mul	128	17	1	-3	10	-0.3
1386	public-mul	128	17	1	5	10	0.5
1387	public-mul	128	17	1	-5	10	-0.5
1388	public-mul	128	65537	1	1	10	0.1
1389	public-mul	128	65537	1	-1	10	-0.1
1390	public-mul	128	65537	1	3	10	0.3
1391	public-mul	128	65537	1	-3	10	-0.3
1392	public-mul	128	65537	1	5	10	0.5
1393	public-mul	128	65537	1	-5	10	-0.5
1394	public-mul	128	1000000	1	1	10	0.1
1395	public-mul	128	1000000	1	-1	10	-0.1
1396	public-mul	128	1000000	1	3	10	0.3
1397	public-mul	128	1000000	1	-3	10	-0.3
1398	public-mul	128	1000000	1	5	10	0.5
1399	public-mul	128	1000000	1	-5	10	-0.5
1400	neg	256	0	1	0	1	-
1401	add	256	0	1	1	10	-
1402	mul	256	0	1	1	10	-
1403	add	256	0	1	-1	10	-
1404	mul	256	0	1	-1	10	-
1405	add	256	0	1	1	7	-
1406	mul	256	0	1	1	7	-
1407	add	256	0	1	-1	7	-
1408	mul	256	0	1	-1	7	-
1409	add	256	0	1	1000000	3	-
1410	mul	256	0	1	1000000	3	-
1411	add	256	0	1	-1000000	3	-
1412	mul	256	0	1	-1000000	3	-
1413	neg	256	1	3	0	1	-
1414	inv	256	1	3	0	1	-
1415	add	256	1	3	1	10	-
1416	mul	256	1	3	1	10	-
1417	add	256	1	3	-1	10	-
1418	mul	256	1	3	-1	10	-
1419	add	256	1	3	1	7	-
1420	mul	256	1	3	1	7	-
1421	add	256	1	3	-1	7	-
1422	mul	256	1	3	-1	7	-
1423	add	256	1	3	1000000	3	-
1424	mul	256	1	3	1000000	3	-
1425	add	256	1	3	-1000000	3	-
1426	mul	256	1	3	-1000000	3	-
1427	neg	256	-1	3	0	1	-
1428	add	256	-1	3	1	10	-
1429	mul	256	-1	3	1	10	-
1430	add	256	-1	3	-1	10	-
1431	mul	256	-1	3	-1	10	-
1432	add	256	-1	3	1	7	-
1433	mul	256	-1	3	1	7	-
1434	add	256	-1	3	-1	7	-
1435	mul	256	-1	3	-1	7	-
1436	add	256	-1	3	1000000	3	-
1437	mul	256	-1	3	1000000	3	-
1438	add	256	-1	3	-1000000	3	-
1439	mul	256	-1	3	-1000000	3	-
1440	neg	256	17	7	0	1	-
1441	inv	256	17	7	0	1	-
1442	add	256	17	7	1	10	-
1443	mul	256	17	7	1	10	-
1444	add	256	17	7	-1	10	-
1445	mul	256	17	7	-1	10	-
1446	add	256	17	7	1	7	-
1447	mul	256	17	7	1	7	-
1448	add	256	17	7	-1	7	-
1449	mul	256	17	7	-1	7	-
1450	add	256	17	7	1000000	3	-
1451	mul	256	17	7	1000000	3	-
1452	add	256	17	7	-1000000	3	-
1453	mul	256	17	7	-1000000	3	-
1454	neg	256	-17	7	0	1	-
1455	add	256	-17	7	1	10	-
1456	mul	256	-17	7	1	10	-
1457	add	256	-17	7	-1	10	-
1458	mul	256	-17	7	-1	10	-
1459	add	256	-17	7	1	7	-
1460	mul	256	-17	7	1	7	-
1461	add	256	-17	7	-1	7	-
1462	mul	256	-17	7	-1	7	-
1463	add	256	-17	7	1000000	3	-
1464	mul	256	-17	7	1000000	3	-
1465	add	256	-17	7	-1000000	3	-
1466	mul	256	-17	7	-1000000	3	-
1467	neg	256	1000000	1	0	1	-
1468	inv	256	1000000	1	0	1	-
1469	add	256	1000000	1	1	10	-
1470	mul	256	1000000	1	1	10	-
1471	add	256	1000000	1	-1	10	-
1472	mul	256	1000000	1	-1	10	-
1473	add	256	1000000	1	1	7	-
1474	mul	256	1000000	1	1	7	-
1475	add	256	1000000	1	-1	7	-
1476	mul	256	1000000	1	-1	7	-
1477	add	256	1000000	1	1000000	3	-
1478	mul	256	1000000	1	1000000	3	-
1479	add	256	1000000	1	-1000000	3	-
1480	mul	256	1000000	1	-1000000	3	-
1481	neg	256	-1000000	1	0	1	-
1482	add	256	-1000000	1	1	10	-
1483	mul	256	-1000000	1	1	10	-
1484	add	256	-1000000	1	-1	10	-
1485	mul	256	-1000000	1	-1	10	-
1486	add	256	-1000000	1	1	7	-
1487	mul	256	-1000000	1	1	7	-
1488	add	256	-1000000	1	-1	7	-
1489	mul	256	-1000000	1	-1	7	-
1490	add	256	-1000000	1	1000000	3	-
1491	mul	256	-1000000	1	1000000	3	-
1492	add	256	-1000000	1	-1000000	3	-
1493	mul	256	-1000000	1	-1000000	3	-
1494	neg	256	65537	3	0	1	-
1495	inv	256	65537	3	0	1	-
1496	add	256	65537	3	1	10	-
1497	mul	256	65537	3	1	10	-
1498	add	256	65537	3	-1	10	-
1499	mul	256	65537	3	-1	10	-
1500	add	256	65537	3	1	7	-
1501	mul	256	65537	3	1	7	-
1502	add	256	65537	3	-1	7	-
1503	mul	256	65537	3	-1	7	-
1504	add	256	65537	3	1000000	3	-
1505	mul	256	65537	3	1000000	3	-
1506	add	256	65537	3	-1000000	3	-
1507	mul	256	65537	3	-1000000	3	-
1508	neg	256	-65537	3	0	1	-
1509	add	256	-65537	3	1	10	-
1510	mul	256	-65537	3	1	10	-
1511	add	256	-65537	3	-1	10	-
1512	mul	256	-65537	3	-1	10	-
1513	add	256	-65537	3	1	7	-
1514	mul	256	-65537	3	1	7	-
1515	add	256	-65537	3	-1	7	-
1516	mul	256	-65537	3	-1	7	-
1517	add	256	-65537	3	1000000	3	-
1518	mul	256	-65537	3	1000000	3	-
1519	add	256	-65537	3	-1000000	3	-
1520	mul	256	-65537	3	-1000000	3	-
1521	public-mul	256	-1000000	1	1	10	0.1
1522	public-mul	256	-1000000	1	-1	10	-0.1
1523	public-mul	256	-1000000	1	3	10	0.3
1524	public-mul	256	-1000000	1	-3	10	-0.3
1525	public-mul	256	-1000000	1	5	10	0.5
1526	public-mul	256	-1000000	1	-5	10	-0.5
1527	public-mul	256	-65537	1	1	10	0.1
1528	public-mul	256	-65537	1	-1	10	-0.1
1529	public-mul	256	-65537	1	3	10	0.3
1530	public-mul	256	-65537	1	-3	10	-0.3
1531	public-mul	256	-65537	1	5	10	0.5
1532	public-mul	256	-65537	1	-5	10	-0.5
1533	public-mul	256	-17	1	1	10	0.1
1534	public-mul	256	-17	1	-1	10	-0.1
1535	public-mul	256	-17	1	3	10	0.3
1536	public-mul	256	-17	1	-3	10	-0.3
1537	public-mul	256	-17	1	5	10	0.5
1538	public-mul	256	-17	1	-5	10	-0.5
1539	public-mul	256	-1	1	1	10	0.1
1540	public-mul	256	-1	1	-1	10	-0.1
1541	public-mul	256	-1	1	3	10	0.3
1542	public-mul	256	-1	1	-3	10	-0.3
1543	public-mul	256	-1	1	5	10	0.5
1544	public-mul	256	-1	1	-5	10	-0.5
1545	public-mul	256	0	1	1	10	0.1
1546	public-mul	256	0	1	-1	10	-0.1
1547	public-mul	256	0	1	3	10	0.3
1548	public-mul	256	0	1	-3	10	-0.3
1549	public-mul	256	0	1	5	10	0.5
1550	public-mul	256	0	1	-5	10	-0.5
1551	public-mul	256	1	1	1	10	0.1
1552	public-mul	256	1	1	-1	10	-0.1
1553	public-mul	256	1	1	3	10	0.3
1554	public-mul	256	1	1	-3	10	-0.3
1555	public-mul	256	1	1	5	10	0.5
1556	public-mul	256	1	1	-5	10	-0.5
1557	public-mul	256	17	1	1	10	0.1
1558	public-mul	256	17	1	-1	10	-0.1
1559	public-mul	256	17	1	3	10	0.3
1560	public-mul	256	17	1	-3	10	-0.3
1561	public-mul	256	17	1	5	10	0.5
1562	public-mul	256	17	1	-5	10	-0.5
1563	public-mul	256	65537	1	1	10	0.1
1564	public-mul	256	65537	1	-1	10	-0.1
1565	public-mul	256	65537	1	3	10	0.3
1566	public-mul	256	65537	1	-3	10	-0.3
1567	public-mul	256	65537	1	5	10	0.5
1568	public-mul	256	65537	1	-5	10	-0.5
1569	public-mul	256	1000000	1	1	10	0.1
1570	public-mul	256	1000000	1	-1	10	-0.1
1571	public-mul	256	1000000	1	3	10	0.3
1572	public-mul	256	1000000	1	-3	10	-0.3
1573	public-mul	256	1000000	1	5	10	0.5
1574	public-mul	256	1000000	1	-5	10	-0.5
